[2m2026-09-15T20:12:29.334142Z[0m [32m INFO[0m [2msp1_sdk::cpu[0m[2m:[0m initializing cpu prover
[2m2026-09-15T20:13:51.795147Z[0m [34mDEBUG[0m [2msp1_prover::worker::client::local[0m[2m:[0m submitting task of kind SetupVkey
[2m2026-09-15T20:14:02.714605Z[0m [34mDEBUG[0m [1mSetupVkey[0m[1m{[0m[3mproof_id[0m[2m=[0mcore_proof [3mtask_id[0m[2m=[0mlocal_worker_01m2kb8nske5rtpywgqgwv0g4b[1m}[0m[2m:[0m [2msp1_prover::worker::prover::core[0m[2m:[0m setup completed for task local_worker_01m2kb8nske5rtpywgqgwv0g4b
[2m2026-09-15T20:14:02.714729Z[0m [34mDEBUG[0m [1mSetupVkey[0m[1m{[0m[3mproof_id[0m[2m=[0mcore_proof [3mtask_id[0m[2m=[0mlocal_worker_01m2kb8nske5rtpywgqgwv0g4b[1m}[0m[2m:[0m [2msp1_prover::worker::prover::core[0m[2m:[0m upload completed for artifact artifact_01m2kb8nske5rtpywgm18bkrrr
[2m2026-09-15T20:14:02.718042Z[0m [34mDEBUG[0m [2msp1_prover::worker::node::full::init[0m[2m:[0m task succeeded
[2m2026-09-15T20:14:03.452581Z[0m [34mDEBUG[0m [1mexecute_program[0m[2m:[0m[1mreport_accumulator[0m[2m:[0m [2msp1_prover::worker::prover::execute[0m[2m:[0m Received gas handle [3mnum_gas_handles[0m[2m=[0m0
[2m2026-09-15T20:14:03.462327Z[0m [34mDEBUG[0m [2msp1_prover::worker::prover::execute[0m[2m:[0m minimal executor finished in 22630229 cycles
[2m2026-09-15T20:14:03.466147Z[0m [32m INFO[0m [2msp1_prover::worker::prover::execute[0m[2m:[0m public_value_stream: [32, 0, 0, 0, 0, 0, 0, 0, 244, 232, 153, 145, 106, 184, 184, 78, 236, 119, 93, 10, 123, 164, 239, 255, 208, 109, 15, 15, 48, 42, 174, 64, 213, 87, 92, 29, 167, 184, 33, 194, 32, 0, 0, 0, 0, 0, 0, 0, 29, 204, 77, 232, 222, 199, 93, 122, 171, 133, 181, 103, 182, 204, 212, 26, 211, 18, 69, 27, 148, 138, 116, 19, 240, 161, 66, 253, 64, 212, 147, 71, 20, 0, 0, 0, 0, 0, 0, 0, 110, 173, 121, 200, 164, 131, 116, 166, 151, 243, 210, 47, 22, 93, 66, 143, 116, 145, 103, 125, 32, 0, 0, 0, 0, 0, 0, 0, 218, 70, 68, 176, 205, 201, 200, 65, 77, 252, 109, 239, 121, 77, 11, 75, 133, 24, 144, 60, 104, 17, 211, 109, 173, 187, 11, 38, 123, 65, 54, 198, 32, 0, 0, 0, 0, 0, 0, 0, 131, 150, 188, 210, 4, 126, 186, 163, 170, 92, 31, 159, 184, 163, 193, 26, 213, 56, 163, 104, 212, 12, 255, 67, 247, 131, 120, 135, 250, 109, 116, 162, 32, 0, 0, 0, 0, 0, 0, 0, 173, 49, 200, 41, 28, 58, 97, 170, 178, 198, 176, 200, 60, 190, 191, 213, 22, 180, 226, 144, 168, 177, 9, 124, 82, 217, 56, 112, 15, 114, 76, 113, 1, 32, 0, 0, 0, 0, 0, 0, 0, 168, 188, 208, 13, 178, 157, 50, 231, 96, 34, 0, 172, 121, 216, 188, 60, 162, 29, 163, 14, 74, 145, 167, 2, 182, 23, 38, 227, 228, 26, 216, 156, 0, 1, 0, 0, 0, 0, 0, 0, 0, 0, 0, 4, 128, 0, 0, 0, 16, 0, 0, 0, 5, 16, 0, 0, 0, 0, 0, 1, 0, 0, 0, 0, 0, 0, 0, 0, 0, 0, 0, 0, 0, 0, 0, 0, 0, 0, 0, 0, 0, 0, 32, 128, 0, 0, 1, 0, 0, 0, 0, 8, 0, 16, 0, 0, 0, 0, 0, 0, 0, 160, 0, 0, 0, 0, 0, 0, 0, 0, 0, 4, 8, 4, 0, 8, 16, 0, 4, 0, 0, 0, 0, 1, 128, 0, 0, 0, 128, 0, 0, 0, 0, 0, 0, 0, 0, 0, 68, 0, 0, 0, 0, 0, 0, 0, 72, 0, 40, 0, 9, 0, 2, 0, 0, 0, 0, 0, 0, 32, 0, 0, 0, 16, 0, 0, 2, 0, 0, 0, 0, 0, 0, 0, 1, 0, 0, 8, 0, 0, 4, 2, 0, 0, 8, 0, 32, 0, 1, 0, 0, 0, 0, 0, 0, 32, 0, 16, 0, 48, 3, 3, 0, 0, 0, 192, 32, 0, 0, 0, 0, 128, 0, 0, 0, 0, 0, 0, 0, 0, 0, 0, 64, 0, 0, 0, 0, 4, 0, 0, 0, 0, 0, 64, 0, 2, 1, 0, 1, 0, 0, 0, 0, 0, 0, 0, 0, 0, 0, 0, 0, 0, 0, 32, 0, 0, 0, 0, 0, 0, 0, 0, 0, 0, 0, 80, 136, 65, 0, 0, 8, 0, 0, 4, 1, 0, 0, 0, 0, 34, 0, 32, 0, 0, 0, 0, 0, 0, 0, 0, 128, 0, 0, 0, 0, 1, 32, 0, 0, 0, 0, 0, 0, 0, 0, 0, 0, 0, 0, 0, 0, 0, 0, 0, 0, 0, 0, 0, 0, 0, 0, 0, 0, 0, 0, 0, 0, 0, 0, 0, 0, 0, 0, 0, 0, 0, 2, 85, 58, 1, 0, 0, 0, 0, 128, 195, 201, 1, 0, 0, 0, 0, 240, 161, 14, 0, 0, 0, 0, 0, 179, 29, 202, 102, 0, 0, 0, 0, 32, 0, 0, 0, 0, 0, 0, 0, 141, 32, 133, 133, 137, 221, 65, 204, 135, 40, 83, 143, 13, 45, 130, 111, 139, 3, 30, 160, 138, 199, 2, 185, 25, 21, 245, 179, 225, 90, 17, 89, 8, 0, 0, 0, 0, 0, 0, 0, 0, 0, 0, 0, 0, 0, 0, 0, 1, 85, 38, 47, 70, 0, 0, 0, 0, 1, 0, 0, 2, 0, 0, 0, 0, 0, 1, 0, 0, 8, 0, 0, 0, 0, 0, 1, 32, 0, 0, 0, 0, 0, 0, 0, 177, 31, 80, 125, 45, 59, 231, 18, 41, 169, 148, 83, 104, 104, 135, 156, 118, 52, 100, 38, 32, 176, 178, 45, 130, 126, 129, 206, 114, 45, 131, 38, 0, 0, 0, 25, 0, 0, 0, 0, 0, 0, 0, 216, 131, 1, 13, 14, 132, 103, 101, 116, 104, 136, 103, 111, 49, 46, 50, 49, 46, 55, 133, 108, 105, 110, 117, 120]
[2m2026-09-15T20:14:04.136711Z[0m [34mDEBUG[0m [1mexecute_program[0m[2m:[0m[1mreport_accumulator[0m[2m:[0m [2msp1_prover::worker::prover::execute[0m[2m:[0m Gas task finished. [3mnum_gas_handles[0m[2m=[0m0
[2m2026-09-15T20:14:04.136737Z[0m [34mDEBUG[0m [1mexecute_program[0m[2m:[0m[1mreport_accumulator[0m[2m:[0m [2msp1_prover::worker::prover::execute[0m[2m:[0m No more gas handles to receive
[2m2026-09-15T20:14:04.136838Z[0m [32m INFO[0m [2mrsp_host_executor::full_executor[0m[2m:[0m Execution successful [3mexecuted_block_hash[0m[2m=[0m0x70d9841c78505cf9def6cf38cd72b284083fea5f8c907d870263cf83f1ab7c4a [3mduration[0m[2m=[0m1.382744424s

Execution report:
gas: 28810839
opcode counts (22630229 total instructions):
    4616587 addi
    2398854 lbu
    2309226 ld
    2188772 sd
    1445376 sll
    1296463 or
    1251924 sb
    1051150 beq
    1004594 and
     903394 add
     841803 bne
     675018 srl
     624572 jalr
     400466 auipc
     310127 bltu
     286329 sub
     249018 lui
     193517 bgeu
     185513 xor
     149575 jal
      81587 mul
      37286 sltu
      26503 ecall
      24057 sw
      18419 addw
      17311 sh
      13554 mulhu
       9424 srlw
       6756 lw
       2935 bge
       2677 lb
       2523 lwu
       2313 blt
        770 sra
        604 lh
        426 slt
        420 lhu
        328 divu
         58 sllw
syscall counts (26202 total syscall instructions):
    14336 secp256k1_double
     7115 secp256k1_add
     4725 keccak_permute
       13 sha_compress
       13 sha_extend

[2m2026-09-15T20:14:04.137136Z[0m [32m INFO[0m [2mrsp_host_executor::full_executor[0m[2m:[0m Starting proof generation
[2m2026-09-15T20:14:04.137149Z[0m [32m INFO[0m [2msp1_sdk::cpu::prove[0m[2m:[0m starting proof generation [3mmode[0m[2m=[0mCompressed
[2m2026-09-15T20:14:04.146151Z[0m [34mDEBUG[0m [1mprove[0m[1m{[0m[3mmode[0m[2m=[0mCompressed[1m}[0m[2m:[0m [2msp1_prover::worker::client::local[0m[2m:[0m submitting task of kind Controller
[2m2026-09-15T20:14:04.146294Z[0m [34mDEBUG[0m [1mController[0m[1m{[0m[3mproof_id[0m[2m=[0mproof_01m2kb91v9egga9yypcwvj99mg [3mtask_id[0m[2m=[0mlocal_worker_01m2kb91vje0h9884c5b5mxpp4[1m}[0m[2m:[0m[1msetup vkey[0m[2m:[0m [2msp1_prover::worker::controller[0m[2m:[0m submitting setup task
[2m2026-09-15T20:14:04.146307Z[0m [34mDEBUG[0m [1mController[0m[1m{[0m[3mproof_id[0m[2m=[0mproof_01m2kb91v9egga9yypcwvj99mg [3mtask_id[0m[2m=[0mlocal_worker_01m2kb91vje0h9884c5b5mxpp4[1m}[0m[2m:[0m[1msetup vkey[0m[2m:[0m [2msp1_prover::worker::client::local[0m[2m:[0m submitting task of kind SetupVkey
[2m2026-09-15T20:14:15.087667Z[0m [34mDEBUG[0m [1mSetupVkey[0m[1m{[0m[3mproof_id[0m[2m=[0mproof_01m2kb91v9egga9yypcwvj99mg [3mtask_id[0m[2m=[0mlocal_worker_01m2kb91vje0h9884c8pyha6ks[1m}[0m[2m:[0m [2msp1_prover::worker::prover::core[0m[2m:[0m setup completed for task local_worker_01m2kb91vje0h9884c8pyha6ks
[2m2026-09-15T20:14:15.087746Z[0m [34mDEBUG[0m [1mSetupVkey[0m[1m{[0m[3mproof_id[0m[2m=[0mproof_01m2kb91v9egga9yypcwvj99mg [3mtask_id[0m[2m=[0mlocal_worker_01m2kb91vje0h9884c8pyha6ks[1m}[0m[2m:[0m [2msp1_prover::worker::prover::core[0m[2m:[0m upload completed for artifact artifact_01m2kb91vje0h9884c7xymhqk2
[2m2026-09-15T20:14:15.091130Z[0m [34mDEBUG[0m [2msp1_prover::worker::node::full::init[0m[2m:[0m task succeeded
[2m2026-09-15T20:14:15.091182Z[0m [34mDEBUG[0m [1mController[0m[1m{[0m[3mproof_id[0m[2m=[0mproof_01m2kb91v9egga9yypcwvj99mg [3mtask_id[0m[2m=[0mlocal_worker_01m2kb91vje0h9884c5b5mxpp4[1m}[0m[2m:[0m[1msetup vkey[0m[2m:[0m [2msp1_prover::worker::controller[0m[2m:[0m setup task succeeded
[2m2026-09-15T20:14:15.091370Z[0m [34mDEBUG[0m [1mController[0m[1m{[0m[3mproof_id[0m[2m=[0mproof_01m2kb91v9egga9yypcwvj99mg [3mtask_id[0m[2m=[0mlocal_worker_01m2kb91vje0h9884c5b5mxpp4[1m}[0m[2m:[0m [2msp1_prover::worker::client::local[0m[2m:[0m submitting task of kind CoreExecute
[2m2026-09-15T20:14:15.555734Z[0m [34mDEBUG[0m [1mCoreExecute[0m[1m{[0m[3mproof_id[0m[2m=[0mproof_01m2kb91v9egga9yypcwvj99mg [3mtask_id[0m[2m=[0mlocal_worker_01m2kb9chkez19hnxxwd2t5t4q[1m}[0m[2m:[0m[1mminimal executor[0m[2m:[0m [2msp1_prover::worker::controller::core[0m[2m:[0m Starting minimal executor
[2m2026-09-15T20:14:16.192196Z[0m [34mDEBUG[0m [1mCoreExecute[0m[1m{[0m[3mproof_id[0m[2m=[0mproof_01m2kb91v9egga9yypcwvj99mg [3mtask_id[0m[2m=[0mlocal_worker_01m2kb9chkez19hnxxwd2t5t4q[1m}[0m[2m:[0m[1mminimal executor[0m[2m:[0m [2msp1_prover::worker::controller::core[0m[2m:[0m mem reads chunk size bytes 146147456, program is done?: false [3mtrace_chunk[0m[2m=[0m0
[2m2026-09-15T20:14:16.192338Z[0m [34mDEBUG[0m [1mCoreExecute[0m[1m{[0m[3mproof_id[0m[2m=[0mproof_01m2kb91v9egga9yypcwvj99mg [3mtask_id[0m[2m=[0mlocal_worker_01m2kb9chkez19hnxxwd2t5t4q[1m}[0m[2m:[0m[1mwait for splicers[0m[2m:[0m [2msp1_prover::worker::controller::core[0m[2m:[0m Received splicing handle [3mchunk_count[0m[2m=[0m0
[2m2026-09-15T20:14:16.194581Z[0m [34mDEBUG[0m [1mCoreExecute[0m[1m{[0m[3mproof_id[0m[2m=[0mproof_01m2kb91v9egga9yypcwvj99mg [3mtask_id[0m[2m=[0mlocal_worker_01m2kb9chkez19hnxxwd2t5t4q[1m}[0m[2m:[0m[1mminimal executor[0m[2m:[0m[1msplicing[0m[1m{[0m[3midx[0m[2m=[0m0[1m}[0m[2m:[0m[1msplicing trace chunk[0m[2m:[0m [2msp1_prover::worker::controller::splicing[0m[2m:[0m starting new shard at clk: 1 at pc: 2014735580
[2m2026-09-15T20:14:16.202246Z[0m [34mDEBUG[0m [1mCoreExecute[0m[1m{[0m[3mproof_id[0m[2m=[0mproof_01m2kb91v9egga9yypcwvj99mg [3mtask_id[0m[2m=[0mlocal_worker_01m2kb9chkez19hnxxwd2t5t4q[1m}[0m[2m:[0m[1mminimal executor[0m[2m:[0m [2msp1_prover::worker::controller::core[0m[2m:[0m minimal Executor finished. elapsed: 0.646439946s, mhz: 35.00747306850372
[2m2026-09-15T20:14:16.207505Z[0m [34mDEBUG[0m [1mCoreExecute[0m[1m{[0m[3mproof_id[0m[2m=[0mproof_01m2kb91v9egga9yypcwvj99mg [3mtask_id[0m[2m=[0mlocal_worker_01m2kb9chkez19hnxxwd2t5t4q[1m}[0m[2m:[0m[1mminimal executor[0m[2m:[0m[1msplicing[0m[1m{[0m[3midx[0m[2m=[0m0[1m}[0m[2m:[0m[1msplicing trace chunk[0m[2m:[0m [2msp1_prover::worker::controller::splicing[0m[2m:[0m shard boundary [3mglobal_clk[0m[2m=[0m369232 [3mpc[0m[2m=[0m2014745744 [3mnum_mem_reads_left[0m[2m=[0m9000009 [3mclk[0m[2m=[0m2954625
[2m2026-09-15T20:14:16.207523Z[0m [34mDEBUG[0m [1mCoreExecute[0m[1m{[0m[3mproof_id[0m[2m=[0mproof_01m2kb91v9egga9yypcwvj99mg [3mtask_id[0m[2m=[0mlocal_worker_01m2kb9chkez19hnxxwd2t5t4q[1m}[0m[2m:[0m[1mminimal executor[0m[2m:[0m[1msplicing[0m[1m{[0m[3midx[0m[2m=[0m0[1m}[0m[2m:[0m[1msplicing trace chunk[0m[2m:[0m [2msp1_prover::worker::controller::splicing[0m[2m:[0m sending spliced trace to splicing tx [3mglobal_clk[0m[2m=[0m369232
[2m2026-09-15T20:14:16.207538Z[0m [34mDEBUG[0m [1mCoreExecute[0m[1m{[0m[3mproof_id[0m[2m=[0mproof_01m2kb91v9egga9yypcwvj99mg [3mtask_id[0m[2m=[0mlocal_worker_01m2kb9chkez19hnxxwd2t5t4q[1m}[0m[2m:[0m[1mminimal executor[0m[2m:[0m[1msplicing[0m[1m{[0m[3midx[0m[2m=[0m0[1m}[0m[2m:[0m[1msplicing trace chunk[0m[2m:[0m [2msp1_prover::worker::controller::splicing[0m[2m:[0m spliced trace sent to splicing tx [3mglobal_clk[0m[2m=[0m369232
[2m2026-09-15T20:14:16.207543Z[0m [34mDEBUG[0m [1mCoreExecute[0m[1m{[0m[3mproof_id[0m[2m=[0mproof_01m2kb91v9egga9yypcwvj99mg [3mtask_id[0m[2m=[0mlocal_worker_01m2kb9chkez19hnxxwd2t5t4q[1m}[0m[2m:[0m[1mminimal executor[0m[2m:[0m[1msplicing[0m[1m{[0m[3midx[0m[2m=[0m0[1m}[0m[2m:[0m[1msplicing trace chunk[0m[2m:[0m [2msp1_prover::worker::controller::splicing[0m[2m:[0m starting new shard at clk: 2954625 at pc: 2014745744
[2m2026-09-15T20:14:16.211889Z[0m [34mDEBUG[0m [1mCoreExecute[0m[1m{[0m[3mproof_id[0m[2m=[0mproof_01m2kb91v9egga9yypcwvj99mg [3mtask_id[0m[2m=[0mlocal_worker_01m2kb9chkez19hnxxwd2t5t4q[1m}[0m[2m:[0m[1mminimal executor[0m[2m:[0m[1msplicing[0m[1m{[0m[3midx[0m[2m=[0m0[1m}[0m[2m:[0m[1mget splices to serialize[0m[2m:[0m[1msend splice[0m[2m:[0m [2msp1_prover::worker::client::local[0m[2m:[0m submitting task of kind MarkerDeferredRecord
[2m2026-09-15T20:14:16.216399Z[0m [34mDEBUG[0m [1mCoreExecute[0m[1m{[0m[3mproof_id[0m[2m=[0mproof_01m2kb91v9egga9yypcwvj99mg [3mtask_id[0m[2m=[0mlocal_worker_01m2kb9chkez19hnxxwd2t5t4q[1m}[0m[2m:[0m[1mminimal executor[0m[2m:[0m[1msplicing[0m[1m{[0m[3midx[0m[2m=[0m0[1m}[0m[2m:[0m[1mget splices to serialize[0m[2m:[0m[1msend splice[0m[2m:[0m [2msp1_prover::worker::client::local[0m[2m:[0m submitting task of kind ProveShard
[2m2026-09-15T20:14:16.216496Z[0m [34mDEBUG[0m [1mCoreExecute[0m[1m{[0m[3mproof_id[0m[2m=[0mproof_01m2kb91v9egga9yypcwvj99mg [3mtask_id[0m[2m=[0mlocal_worker_01m2kb9chkez19hnxxwd2t5t4q[1m}[0m[2m:[0m[1memit precompile shards[0m[2m:[0m[1mdeferred listener[0m[2m:[0m [2msp1_prover::worker::controller::precompiles[0m[2m:[0m received deferred message with task id TaskId("local_worker_01m2kb9dmkezrvhws6exarr08a")
[2m2026-09-15T20:14:16.222842Z[0m [34mDEBUG[0m [1mCoreExecute[0m[1m{[0m[3mproof_id[0m[2m=[0mproof_01m2kb91v9egga9yypcwvj99mg [3mtask_id[0m[2m=[0mlocal_worker_01m2kb9chkez19hnxxwd2t5t4q[1m}[0m[2m:[0m[1mminimal executor[0m[2m:[0m[1msplicing[0m[1m{[0m[3midx[0m[2m=[0m0[1m}[0m[2m:[0m[1msplicing trace chunk[0m[2m:[0m [2msp1_prover::worker::controller::splicing[0m[2m:[0m shard boundary [3mglobal_clk[0m[2m=[0m733257 [3mpc[0m[2m=[0m2014745616 [3mnum_mem_reads_left[0m[2m=[0m8877496 [3mclk[0m[2m=[0m5866825
[2m2026-09-15T20:14:16.222886Z[0m [34mDEBUG[0m [1mCoreExecute[0m[1m{[0m[3mproof_id[0m[2m=[0mproof_01m2kb91v9egga9yypcwvj99mg [3mtask_id[0m[2m=[0mlocal_worker_01m2kb9chkez19hnxxwd2t5t4q[1m}[0m[2m:[0m[1mminimal executor[0m[2m:[0m[1msplicing[0m[1m{[0m[3midx[0m[2m=[0m0[1m}[0m[2m:[0m[1msplicing trace chunk[0m[2m:[0m [2msp1_prover::worker::controller::splicing[0m[2m:[0m sending spliced trace to splicing tx [3mglobal_clk[0m[2m=[0m733257
[2m2026-09-15T20:14:16.222916Z[0m [34mDEBUG[0m [1mCoreExecute[0m[1m{[0m[3mproof_id[0m[2m=[0mproof_01m2kb91v9egga9yypcwvj99mg [3mtask_id[0m[2m=[0mlocal_worker_01m2kb9chkez19hnxxwd2t5t4q[1m}[0m[2m:[0m[1mminimal executor[0m[2m:[0m[1msplicing[0m[1m{[0m[3midx[0m[2m=[0m0[1m}[0m[2m:[0m[1msplicing trace chunk[0m[2m:[0m [2msp1_prover::worker::controller::splicing[0m[2m:[0m spliced trace sent to splicing tx [3mglobal_clk[0m[2m=[0m733257
[2m2026-09-15T20:14:16.222933Z[0m [34mDEBUG[0m [1mCoreExecute[0m[1m{[0m[3mproof_id[0m[2m=[0mproof_01m2kb91v9egga9yypcwvj99mg [3mtask_id[0m[2m=[0mlocal_worker_01m2kb9chkez19hnxxwd2t5t4q[1m}[0m[2m:[0m[1mminimal executor[0m[2m:[0m[1msplicing[0m[1m{[0m[3midx[0m[2m=[0m0[1m}[0m[2m:[0m[1msplicing trace chunk[0m[2m:[0m [2msp1_prover::worker::controller::splicing[0m[2m:[0m starting new shard at clk: 5866825 at pc: 2014745616
[2m2026-09-15T20:14:16.223607Z[0m [34mDEBUG[0m [1mCoreExecute[0m[1m{[0m[3mproof_id[0m[2m=[0mproof_01m2kb91v9egga9yypcwvj99mg [3mtask_id[0m[2m=[0mlocal_worker_01m2kb9chkez19hnxxwd2t5t4q[1m}[0m[2m:[0m[1mminimal executor[0m[2m:[0m[1msplicing[0m[1m{[0m[3midx[0m[2m=[0m0[1m}[0m[2m:[0m[1mget splices to serialize[0m[2m:[0m[1msend splice[0m[2m:[0m [2msp1_prover::worker::client::local[0m[2m:[0m submitting task of kind MarkerDeferredRecord
[2m2026-09-15T20:14:16.228146Z[0m [34mDEBUG[0m [1mCoreExecute[0m[1m{[0m[3mproof_id[0m[2m=[0mproof_01m2kb91v9egga9yypcwvj99mg [3mtask_id[0m[2m=[0mlocal_worker_01m2kb9chkez19hnxxwd2t5t4q[1m}[0m[2m:[0m[1mminimal executor[0m[2m:[0m[1msplicing[0m[1m{[0m[3midx[0m[2m=[0m0[1m}[0m[2m:[0m[1mget splices to serialize[0m[2m:[0m[1msend splice[0m[2m:[0m [2msp1_prover::worker::client::local[0m[2m:[0m submitting task of kind ProveShard
[2m2026-09-15T20:14:16.228272Z[0m [34mDEBUG[0m [1mCoreExecute[0m[1m{[0m[3mproof_id[0m[2m=[0mproof_01m2kb91v9egga9yypcwvj99mg [3mtask_id[0m[2m=[0mlocal_worker_01m2kb9chkez19hnxxwd2t5t4q[1m}[0m[2m:[0m[1memit precompile shards[0m[2m:[0m[1mdeferred listener[0m[2m:[0m [2msp1_prover::worker::controller::precompiles[0m[2m:[0m received deferred message with task id TaskId("local_worker_01m2kb9dmzfwrawgvnhbwav3a8")
[2m2026-09-15T20:14:16.237929Z[0m [34mDEBUG[0m [1mCoreExecute[0m[1m{[0m[3mproof_id[0m[2m=[0mproof_01m2kb91v9egga9yypcwvj99mg [3mtask_id[0m[2m=[0mlocal_worker_01m2kb9chkez19hnxxwd2t5t4q[1m}[0m[2m:[0m[1mminimal executor[0m[2m:[0m[1msplicing[0m[1m{[0m[3midx[0m[2m=[0m0[1m}[0m[2m:[0m[1msplicing trace chunk[0m[2m:[0m [2msp1_prover::worker::controller::splicing[0m[2m:[0m shard boundary [3mglobal_clk[0m[2m=[0m1097444 [3mpc[0m[2m=[0m2014733928 [3mnum_mem_reads_left[0m[2m=[0m8755321 [3mclk[0m[2m=[0m8780321
[2m2026-09-15T20:14:16.237949Z[0m [34mDEBUG[0m [1mCoreExecute[0m[1m{[0m[3mproof_id[0m[2m=[0mproof_01m2kb91v9egga9yypcwvj99mg [3mtask_id[0m[2m=[0mlocal_worker_01m2kb9chkez19hnxxwd2t5t4q[1m}[0m[2m:[0m[1mminimal executor[0m[2m:[0m[1msplicing[0m[1m{[0m[3midx[0m[2m=[0m0[1m}[0m[2m:[0m[1msplicing trace chunk[0m[2m:[0m [2msp1_prover::worker::controller::splicing[0m[2m:[0m sending spliced trace to splicing tx [3mglobal_clk[0m[2m=[0m1097444
[2m2026-09-15T20:14:16.237965Z[0m [34mDEBUG[0m [1mCoreExecute[0m[1m{[0m[3mproof_id[0m[2m=[0mproof_01m2kb91v9egga9yypcwvj99mg [3mtask_id[0m[2m=[0mlocal_worker_01m2kb9chkez19hnxxwd2t5t4q[1m}[0m[2m:[0m[1mminimal executor[0m[2m:[0m[1msplicing[0m[1m{[0m[3midx[0m[2m=[0m0[1m}[0m[2m:[0m[1msplicing trace chunk[0m[2m:[0m [2msp1_prover::worker::controller::splicing[0m[2m:[0m spliced trace sent to splicing tx [3mglobal_clk[0m[2m=[0m1097444
[2m2026-09-15T20:14:16.237971Z[0m [34mDEBUG[0m [1mCoreExecute[0m[1m{[0m[3mproof_id[0m[2m=[0mproof_01m2kb91v9egga9yypcwvj99mg [3mtask_id[0m[2m=[0mlocal_worker_01m2kb9chkez19hnxxwd2t5t4q[1m}[0m[2m:[0m[1mminimal executor[0m[2m:[0m[1msplicing[0m[1m{[0m[3midx[0m[2m=[0m0[1m}[0m[2m:[0m[1msplicing trace chunk[0m[2m:[0m [2msp1_prover::worker::controller::splicing[0m[2m:[0m starting new shard at clk: 8780321 at pc: 2014733928
[2m2026-09-15T20:14:16.238729Z[0m [34mDEBUG[0m [1mCoreExecute[0m[1m{[0m[3mproof_id[0m[2m=[0mproof_01m2kb91v9egga9yypcwvj99mg [3mtask_id[0m[2m=[0mlocal_worker_01m2kb9chkez19hnxxwd2t5t4q[1m}[0m[2m:[0m[1mminimal executor[0m[2m:[0m[1msplicing[0m[1m{[0m[3midx[0m[2m=[0m0[1m}[0m[2m:[0m[1mget splices to serialize[0m[2m:[0m[1msend splice[0m[2m:[0m [2msp1_prover::worker::client::local[0m[2m:[0m submitting task of kind MarkerDeferredRecord
[2m2026-09-15T20:14:16.242722Z[0m [34mDEBUG[0m [1mCoreExecute[0m[1m{[0m[3mproof_id[0m[2m=[0mproof_01m2kb91v9egga9yypcwvj99mg [3mtask_id[0m[2m=[0mlocal_worker_01m2kb9chkez19hnxxwd2t5t4q[1m}[0m[2m:[0m[1mminimal executor[0m[2m:[0m[1msplicing[0m[1m{[0m[3midx[0m[2m=[0m0[1m}[0m[2m:[0m[1mget splices to serialize[0m[2m:[0m[1msend splice[0m[2m:[0m [2msp1_prover::worker::client::local[0m[2m:[0m submitting task of kind ProveShard
[2m2026-09-15T20:14:16.242798Z[0m [34mDEBUG[0m [1mCoreExecute[0m[1m{[0m[3mproof_id[0m[2m=[0mproof_01m2kb91v9egga9yypcwvj99mg [3mtask_id[0m[2m=[0mlocal_worker_01m2kb9chkez19hnxxwd2t5t4q[1m}[0m[2m:[0m[1memit precompile shards[0m[2m:[0m[1mdeferred listener[0m[2m:[0m [2msp1_prover::worker::controller::precompiles[0m[2m:[0m received deferred message with task id TaskId("local_worker_01m2kb9dnef6htevc9bwnrbrh7")
[2m2026-09-15T20:14:16.254344Z[0m [34mDEBUG[0m [1mCoreExecute[0m[1m{[0m[3mproof_id[0m[2m=[0mproof_01m2kb91v9egga9yypcwvj99mg [3mtask_id[0m[2m=[0mlocal_worker_01m2kb9chkez19hnxxwd2t5t4q[1m}[0m[2m:[0m[1mminimal executor[0m[2m:[0m[1msplicing[0m[1m{[0m[3midx[0m[2m=[0m0[1m}[0m[2m:[0m[1msplicing trace chunk[0m[2m:[0m [2msp1_prover::worker::controller::splicing[0m[2m:[0m shard boundary [3mglobal_clk[0m[2m=[0m1462214 [3mpc[0m[2m=[0m2014733936 [3mnum_mem_reads_left[0m[2m=[0m8632466 [3mclk[0m[2m=[0m11698481
[2m2026-09-15T20:14:16.254376Z[0m [34mDEBUG[0m [1mCoreExecute[0m[1m{[0m[3mproof_id[0m[2m=[0mproof_01m2kb91v9egga9yypcwvj99mg [3mtask_id[0m[2m=[0mlocal_worker_01m2kb9chkez19hnxxwd2t5t4q[1m}[0m[2m:[0m[1mminimal executor[0m[2m:[0m[1msplicing[0m[1m{[0m[3midx[0m[2m=[0m0[1m}[0m[2m:[0m[1msplicing trace chunk[0m[2m:[0m [2msp1_prover::worker::controller::splicing[0m[2m:[0m sending spliced trace to splicing tx [3mglobal_clk[0m[2m=[0m1462214
[2m2026-09-15T20:14:16.254450Z[0m [34mDEBUG[0m [1mCoreExecute[0m[1m{[0m[3mproof_id[0m[2m=[0mproof_01m2kb91v9egga9yypcwvj99mg [3mtask_id[0m[2m=[0mlocal_worker_01m2kb9chkez19hnxxwd2t5t4q[1m}[0m[2m:[0m[1mminimal executor[0m[2m:[0m[1msplicing[0m[1m{[0m[3midx[0m[2m=[0m0[1m}[0m[2m:[0m[1msplicing trace chunk[0m[2m:[0m [2msp1_prover::worker::controller::splicing[0m[2m:[0m spliced trace sent to splicing tx [3mglobal_clk[0m[2m=[0m1462214
[2m2026-09-15T20:14:16.254457Z[0m [34mDEBUG[0m [1mCoreExecute[0m[1m{[0m[3mproof_id[0m[2m=[0mproof_01m2kb91v9egga9yypcwvj99mg [3mtask_id[0m[2m=[0mlocal_worker_01m2kb9chkez19hnxxwd2t5t4q[1m}[0m[2m:[0m[1mminimal executor[0m[2m:[0m[1msplicing[0m[1m{[0m[3midx[0m[2m=[0m0[1m}[0m[2m:[0m[1msplicing trace chunk[0m[2m:[0m [2msp1_prover::worker::controller::splicing[0m[2m:[0m starting new shard at clk: 11698481 at pc: 2014733936
[2m2026-09-15T20:14:16.255257Z[0m [34mDEBUG[0m [1mCoreExecute[0m[1m{[0m[3mproof_id[0m[2m=[0mproof_01m2kb91v9egga9yypcwvj99mg [3mtask_id[0m[2m=[0mlocal_worker_01m2kb9chkez19hnxxwd2t5t4q[1m}[0m[2m:[0m[1mminimal executor[0m[2m:[0m[1msplicing[0m[1m{[0m[3midx[0m[2m=[0m0[1m}[0m[2m:[0m[1mget splices to serialize[0m[2m:[0m[1msend splice[0m[2m:[0m [2msp1_prover::worker::client::local[0m[2m:[0m submitting task of kind MarkerDeferredRecord
[2m2026-09-15T20:14:16.261101Z[0m [34mDEBUG[0m [1mCoreExecute[0m[1m{[0m[3mproof_id[0m[2m=[0mproof_01m2kb91v9egga9yypcwvj99mg [3mtask_id[0m[2m=[0mlocal_worker_01m2kb9chkez19hnxxwd2t5t4q[1m}[0m[2m:[0m[1mminimal executor[0m[2m:[0m[1msplicing[0m[1m{[0m[3midx[0m[2m=[0m0[1m}[0m[2m:[0m[1mget splices to serialize[0m[2m:[0m[1msend splice[0m[2m:[0m [2msp1_prover::worker::client::local[0m[2m:[0m submitting task of kind ProveShard
[2m2026-09-15T20:14:16.261174Z[0m [34mDEBUG[0m [1mCoreExecute[0m[1m{[0m[3mproof_id[0m[2m=[0mproof_01m2kb91v9egga9yypcwvj99mg [3mtask_id[0m[2m=[0mlocal_worker_01m2kb9chkez19hnxxwd2t5t4q[1m}[0m[2m:[0m[1memit precompile shards[0m[2m:[0m[1mdeferred listener[0m[2m:[0m [2msp1_prover::worker::controller::precompiles[0m[2m:[0m received deferred message with task id TaskId("local_worker_01m2kb9dnzepgvhgrfrsj77b4y")
[2m2026-09-15T20:14:16.266444Z[0m [34mDEBUG[0m [1mCoreExecute[0m[1m{[0m[3mproof_id[0m[2m=[0mproof_01m2kb91v9egga9yypcwvj99mg [3mtask_id[0m[2m=[0mlocal_worker_01m2kb9chkez19hnxxwd2t5t4q[1m}[0m[2m:[0m[1mminimal executor[0m[2m:[0m[1msplicing[0m[1m{[0m[3midx[0m[2m=[0m0[1m}[0m[2m:[0m[1msplicing trace chunk[0m[2m:[0m [2msp1_prover::worker::controller::splicing[0m[2m:[0m shard boundary [3mglobal_clk[0m[2m=[0m1825554 [3mpc[0m[2m=[0m2014735532 [3mnum_mem_reads_left[0m[2m=[0m8509957 [3mclk[0m[2m=[0m14605201
[2m2026-09-15T20:14:16.266458Z[0m [34mDEBUG[0m [1mCoreExecute[0m[1m{[0m[3mproof_id[0m[2m=[0mproof_01m2kb91v9egga9yypcwvj99mg [3mtask_id[0m[2m=[0mlocal_worker_01m2kb9chkez19hnxxwd2t5t4q[1m}[0m[2m:[0m[1mminimal executor[0m[2m:[0m[1msplicing[0m[1m{[0m[3midx[0m[2m=[0m0[1m}[0m[2m:[0m[1msplicing trace chunk[0m[2m:[0m [2msp1_prover::worker::controller::splicing[0m[2m:[0m sending spliced trace to splicing tx [3mglobal_clk[0m[2m=[0m1825554
[2m2026-09-15T20:14:16.266471Z[0m [34mDEBUG[0m [1mCoreExecute[0m[1m{[0m[3mproof_id[0m[2m=[0mproof_01m2kb91v9egga9yypcwvj99mg [3mtask_id[0m[2m=[0mlocal_worker_01m2kb9chkez19hnxxwd2t5t4q[1m}[0m[2m:[0m[1mminimal executor[0m[2m:[0m[1msplicing[0m[1m{[0m[3midx[0m[2m=[0m0[1m}[0m[2m:[0m[1msplicing trace chunk[0m[2m:[0m [2msp1_prover::worker::controller::splicing[0m[2m:[0m spliced trace sent to splicing tx [3mglobal_clk[0m[2m=[0m1825554
[2m2026-09-15T20:14:16.266477Z[0m [34mDEBUG[0m [1mCoreExecute[0m[1m{[0m[3mproof_id[0m[2m=[0mproof_01m2kb91v9egga9yypcwvj99mg [3mtask_id[0m[2m=[0mlocal_worker_01m2kb9chkez19hnxxwd2t5t4q[1m}[0m[2m:[0m[1mminimal executor[0m[2m:[0m[1msplicing[0m[1m{[0m[3midx[0m[2m=[0m0[1m}[0m[2m:[0m[1msplicing trace chunk[0m[2m:[0m [2msp1_prover::worker::controller::splicing[0m[2m:[0m starting new shard at clk: 14605201 at pc: 2014735532
[2m2026-09-15T20:14:16.267280Z[0m [34mDEBUG[0m [1mCoreExecute[0m[1m{[0m[3mproof_id[0m[2m=[0mproof_01m2kb91v9egga9yypcwvj99mg [3mtask_id[0m[2m=[0mlocal_worker_01m2kb9chkez19hnxxwd2t5t4q[1m}[0m[2m:[0m[1mminimal executor[0m[2m:[0m[1msplicing[0m[1m{[0m[3midx[0m[2m=[0m0[1m}[0m[2m:[0m[1mget splices to serialize[0m[2m:[0m[1msend splice[0m[2m:[0m [2msp1_prover::worker::client::local[0m[2m:[0m submitting task of kind MarkerDeferredRecord
[2m2026-09-15T20:14:16.274270Z[0m [34mDEBUG[0m [1mCoreExecute[0m[1m{[0m[3mproof_id[0m[2m=[0mproof_01m2kb91v9egga9yypcwvj99mg [3mtask_id[0m[2m=[0mlocal_worker_01m2kb9chkez19hnxxwd2t5t4q[1m}[0m[2m:[0m[1mminimal executor[0m[2m:[0m[1msplicing[0m[1m{[0m[3midx[0m[2m=[0m0[1m}[0m[2m:[0m[1mget splices to serialize[0m[2m:[0m[1msend splice[0m[2m:[0m [2msp1_prover::worker::client::local[0m[2m:[0m submitting task of kind ProveShard
[2m2026-09-15T20:14:16.278131Z[0m [34mDEBUG[0m [1mCoreExecute[0m[1m{[0m[3mproof_id[0m[2m=[0mproof_01m2kb91v9egga9yypcwvj99mg [3mtask_id[0m[2m=[0mlocal_worker_01m2kb9chkez19hnxxwd2t5t4q[1m}[0m[2m:[0m[1mminimal executor[0m[2m:[0m[1msplicing[0m[1m{[0m[3midx[0m[2m=[0m0[1m}[0m[2m:[0m[1msplicing trace chunk[0m[2m:[0m [2msp1_prover::worker::controller::splicing[0m[2m:[0m shard boundary [3mglobal_clk[0m[2m=[0m2189285 [3mpc[0m[2m=[0m2014085660 [3mnum_mem_reads_left[0m[2m=[0m8387268 [3mclk[0m[2m=[0m17515049
[2m2026-09-15T20:14:16.278159Z[0m [34mDEBUG[0m [1mCoreExecute[0m[1m{[0m[3mproof_id[0m[2m=[0mproof_01m2kb91v9egga9yypcwvj99mg [3mtask_id[0m[2m=[0mlocal_worker_01m2kb9chkez19hnxxwd2t5t4q[1m}[0m[2m:[0m[1mminimal executor[0m[2m:[0m[1msplicing[0m[1m{[0m[3midx[0m[2m=[0m0[1m}[0m[2m:[0m[1msplicing trace chunk[0m[2m:[0m [2msp1_prover::worker::controller::splicing[0m[2m:[0m sending spliced trace to splicing tx [3mglobal_clk[0m[2m=[0m2189285
[2m2026-09-15T20:14:16.278174Z[0m [34mDEBUG[0m [1mCoreExecute[0m[1m{[0m[3mproof_id[0m[2m=[0mproof_01m2kb91v9egga9yypcwvj99mg [3mtask_id[0m[2m=[0mlocal_worker_01m2kb9chkez19hnxxwd2t5t4q[1m}[0m[2m:[0m[1mminimal executor[0m[2m:[0m[1msplicing[0m[1m{[0m[3midx[0m[2m=[0m0[1m}[0m[2m:[0m[1msplicing trace chunk[0m[2m:[0m [2msp1_prover::worker::controller::splicing[0m[2m:[0m spliced trace sent to splicing tx [3mglobal_clk[0m[2m=[0m2189285
[2m2026-09-15T20:14:16.278183Z[0m [34mDEBUG[0m [1mCoreExecute[0m[1m{[0m[3mproof_id[0m[2m=[0mproof_01m2kb91v9egga9yypcwvj99mg [3mtask_id[0m[2m=[0mlocal_worker_01m2kb9chkez19hnxxwd2t5t4q[1m}[0m[2m:[0m[1mminimal executor[0m[2m:[0m[1msplicing[0m[1m{[0m[3midx[0m[2m=[0m0[1m}[0m[2m:[0m[1msplicing trace chunk[0m[2m:[0m [2msp1_prover::worker::controller::splicing[0m[2m:[0m starting new shard at clk: 17515049 at pc: 2014085660
[2m2026-09-15T20:14:16.279204Z[0m [34mDEBUG[0m [1mCoreExecute[0m[1m{[0m[3mproof_id[0m[2m=[0mproof_01m2kb91v9egga9yypcwvj99mg [3mtask_id[0m[2m=[0mlocal_worker_01m2kb9chkez19hnxxwd2t5t4q[1m}[0m[2m:[0m[1mminimal executor[0m[2m:[0m[1msplicing[0m[1m{[0m[3midx[0m[2m=[0m0[1m}[0m[2m:[0m[1mget splices to serialize[0m[2m:[0m[1msend splice[0m[2m:[0m [2msp1_prover::worker::client::local[0m[2m:[0m submitting task of kind MarkerDeferredRecord
[2m2026-09-15T20:14:16.280936Z[0m [34mDEBUG[0m [1mProveShard[0m[1m{[0m[3mproof_id[0m[2m=[0mproof_01m2kb91v9egga9yypcwvj99mg [3mtask_id[0m[2m=[0mlocal_worker_01m2kb9dmrek0aej76kkqgk96z[1m}[0m[2m:[0m[1minto_record[0m[2m:[0m [2msp1_prover::worker::prover::core[0m[2m:[0m tracing chunk at clk range: 1..2954625
[2m2026-09-15T20:14:16.283849Z[0m [34mDEBUG[0m [1mCoreExecute[0m[1m{[0m[3mproof_id[0m[2m=[0mproof_01m2kb91v9egga9yypcwvj99mg [3mtask_id[0m[2m=[0mlocal_worker_01m2kb9chkez19hnxxwd2t5t4q[1m}[0m[2m:[0m[1mminimal executor[0m[2m:[0m[1msplicing[0m[1m{[0m[3midx[0m[2m=[0m0[1m}[0m[2m:[0m[1mget splices to serialize[0m[2m:[0m[1msend splice[0m[2m:[0m [2msp1_prover::worker::client::local[0m[2m:[0m submitting task of kind ProveShard
[2m2026-09-15T20:14:16.289953Z[0m [34mDEBUG[0m [1mCoreExecute[0m[1m{[0m[3mproof_id[0m[2m=[0mproof_01m2kb91v9egga9yypcwvj99mg [3mtask_id[0m[2m=[0mlocal_worker_01m2kb9chkez19hnxxwd2t5t4q[1m}[0m[2m:[0m[1mminimal executor[0m[2m:[0m[1msplicing[0m[1m{[0m[3midx[0m[2m=[0m0[1m}[0m[2m:[0m[1msplicing trace chunk[0m[2m:[0m [2msp1_prover::worker::controller::splicing[0m[2m:[0m shard boundary [3mglobal_clk[0m[2m=[0m2552600 [3mpc[0m[2m=[0m2014735528 [3mnum_mem_reads_left[0m[2m=[0m8265273 [3mclk[0m[2m=[0m20421569
[2m2026-09-15T20:14:16.289970Z[0m [34mDEBUG[0m [1mCoreExecute[0m[1m{[0m[3mproof_id[0m[2m=[0mproof_01m2kb91v9egga9yypcwvj99mg [3mtask_id[0m[2m=[0mlocal_worker_01m2kb9chkez19hnxxwd2t5t4q[1m}[0m[2m:[0m[1mminimal executor[0m[2m:[0m[1msplicing[0m[1m{[0m[3midx[0m[2m=[0m0[1m}[0m[2m:[0m[1msplicing trace chunk[0m[2m:[0m [2msp1_prover::worker::controller::splicing[0m[2m:[0m sending spliced trace to splicing tx [3mglobal_clk[0m[2m=[0m2552600
[2m2026-09-15T20:14:16.289984Z[0m [34mDEBUG[0m [1mCoreExecute[0m[1m{[0m[3mproof_id[0m[2m=[0mproof_01m2kb91v9egga9yypcwvj99mg [3mtask_id[0m[2m=[0mlocal_worker_01m2kb9chkez19hnxxwd2t5t4q[1m}[0m[2m:[0m[1mminimal executor[0m[2m:[0m[1msplicing[0m[1m{[0m[3midx[0m[2m=[0m0[1m}[0m[2m:[0m[1msplicing trace chunk[0m[2m:[0m [2msp1_prover::worker::controller::splicing[0m[2m:[0m spliced trace sent to splicing tx [3mglobal_clk[0m[2m=[0m2552600
[2m2026-09-15T20:14:16.289990Z[0m [34mDEBUG[0m [1mCoreExecute[0m[1m{[0m[3mproof_id[0m[2m=[0mproof_01m2kb91v9egga9yypcwvj99mg [3mtask_id[0m[2m=[0mlocal_worker_01m2kb9chkez19hnxxwd2t5t4q[1m}[0m[2m:[0m[1mminimal executor[0m[2m:[0m[1msplicing[0m[1m{[0m[3midx[0m[2m=[0m0[1m}[0m[2m:[0m[1msplicing trace chunk[0m[2m:[0m [2msp1_prover::worker::controller::splicing[0m[2m:[0m starting new shard at clk: 20421569 at pc: 2014735528
[2m2026-09-15T20:14:16.301147Z[0m [34mDEBUG[0m [1mCoreExecute[0m[1m{[0m[3mproof_id[0m[2m=[0mproof_01m2kb91v9egga9yypcwvj99mg [3mtask_id[0m[2m=[0mlocal_worker_01m2kb9chkez19hnxxwd2t5t4q[1m}[0m[2m:[0m[1mminimal executor[0m[2m:[0m[1msplicing[0m[1m{[0m[3midx[0m[2m=[0m0[1m}[0m[2m:[0m[1msplicing trace chunk[0m[2m:[0m [2msp1_prover::worker::controller::splicing[0m[2m:[0m shard boundary [3mglobal_clk[0m[2m=[0m2916588 [3mpc[0m[2m=[0m2014088728 [3mnum_mem_reads_left[0m[2m=[0m8142826 [3mclk[0m[2m=[0m23333473
[2m2026-09-15T20:14:16.301163Z[0m [34mDEBUG[0m [1mCoreExecute[0m[1m{[0m[3mproof_id[0m[2m=[0mproof_01m2kb91v9egga9yypcwvj99mg [3mtask_id[0m[2m=[0mlocal_worker_01m2kb9chkez19hnxxwd2t5t4q[1m}[0m[2m:[0m[1mminimal executor[0m[2m:[0m[1msplicing[0m[1m{[0m[3midx[0m[2m=[0m0[1m}[0m[2m:[0m[1msplicing trace chunk[0m[2m:[0m [2msp1_prover::worker::controller::splicing[0m[2m:[0m sending spliced trace to splicing tx [3mglobal_clk[0m[2m=[0m2916588
[2m2026-09-15T20:14:16.301179Z[0m [34mDEBUG[0m [1mCoreExecute[0m[1m{[0m[3mproof_id[0m[2m=[0mproof_01m2kb91v9egga9yypcwvj99mg [3mtask_id[0m[2m=[0mlocal_worker_01m2kb9chkez19hnxxwd2t5t4q[1m}[0m[2m:[0m[1mminimal executor[0m[2m:[0m[1msplicing[0m[1m{[0m[3midx[0m[2m=[0m0[1m}[0m[2m:[0m[1msplicing trace chunk[0m[2m:[0m [2msp1_prover::worker::controller::splicing[0m[2m:[0m spliced trace sent to splicing tx [3mglobal_clk[0m[2m=[0m2916588
[2m2026-09-15T20:14:16.301186Z[0m [34mDEBUG[0m [1mCoreExecute[0m[1m{[0m[3mproof_id[0m[2m=[0mproof_01m2kb91v9egga9yypcwvj99mg [3mtask_id[0m[2m=[0mlocal_worker_01m2kb9chkez19hnxxwd2t5t4q[1m}[0m[2m:[0m[1mminimal executor[0m[2m:[0m[1msplicing[0m[1m{[0m[3midx[0m[2m=[0m0[1m}[0m[2m:[0m[1msplicing trace chunk[0m[2m:[0m [2msp1_prover::worker::controller::splicing[0m[2m:[0m starting new shard at clk: 23333473 at pc: 2014088728
[2m2026-09-15T20:14:16.312617Z[0m [34mDEBUG[0m [1mCoreExecute[0m[1m{[0m[3mproof_id[0m[2m=[0mproof_01m2kb91v9egga9yypcwvj99mg [3mtask_id[0m[2m=[0mlocal_worker_01m2kb9chkez19hnxxwd2t5t4q[1m}[0m[2m:[0m[1mminimal executor[0m[2m:[0m[1msplicing[0m[1m{[0m[3midx[0m[2m=[0m0[1m}[0m[2m:[0m[1msplicing trace chunk[0m[2m:[0m [2msp1_prover::worker::controller::splicing[0m[2m:[0m shard boundary [3mglobal_clk[0m[2m=[0m3280780 [3mpc[0m[2m=[0m2014733940 [3mnum_mem_reads_left[0m[2m=[0m8020366 [3mclk[0m[2m=[0m26247009
[2m2026-09-15T20:14:16.312651Z[0m [34mDEBUG[0m [1mCoreExecute[0m[1m{[0m[3mproof_id[0m[2m=[0mproof_01m2kb91v9egga9yypcwvj99mg [3mtask_id[0m[2m=[0mlocal_worker_01m2kb9chkez19hnxxwd2t5t4q[1m}[0m[2m:[0m[1mminimal executor[0m[2m:[0m[1msplicing[0m[1m{[0m[3midx[0m[2m=[0m0[1m}[0m[2m:[0m[1msplicing trace chunk[0m[2m:[0m [2msp1_prover::worker::controller::splicing[0m[2m:[0m sending spliced trace to splicing tx [3mglobal_clk[0m[2m=[0m3280780
[2m2026-09-15T20:14:16.312670Z[0m [34mDEBUG[0m [1mCoreExecute[0m[1m{[0m[3mproof_id[0m[2m=[0mproof_01m2kb91v9egga9yypcwvj99mg [3mtask_id[0m[2m=[0mlocal_worker_01m2kb9chkez19hnxxwd2t5t4q[1m}[0m[2m:[0m[1mminimal executor[0m[2m:[0m[1msplicing[0m[1m{[0m[3midx[0m[2m=[0m0[1m}[0m[2m:[0m[1msplicing trace chunk[0m[2m:[0m [2msp1_prover::worker::controller::splicing[0m[2m:[0m spliced trace sent to splicing tx [3mglobal_clk[0m[2m=[0m3280780
[2m2026-09-15T20:14:16.312675Z[0m [34mDEBUG[0m [1mCoreExecute[0m[1m{[0m[3mproof_id[0m[2m=[0mproof_01m2kb91v9egga9yypcwvj99mg [3mtask_id[0m[2m=[0mlocal_worker_01m2kb9chkez19hnxxwd2t5t4q[1m}[0m[2m:[0m[1mminimal executor[0m[2m:[0m[1msplicing[0m[1m{[0m[3midx[0m[2m=[0m0[1m}[0m[2m:[0m[1msplicing trace chunk[0m[2m:[0m [2msp1_prover::worker::controller::splicing[0m[2m:[0m starting new shard at clk: 26247009 at pc: 2014733940
[2m2026-09-15T20:14:16.322971Z[0m [34mDEBUG[0m [1mCoreExecute[0m[1m{[0m[3mproof_id[0m[2m=[0mproof_01m2kb91v9egga9yypcwvj99mg [3mtask_id[0m[2m=[0mlocal_worker_01m2kb9chkez19hnxxwd2t5t4q[1m}[0m[2m:[0m[1memit precompile shards[0m[2m:[0m[1mdeferred sender[0m[2m:[0m [2msp1_prover::worker::controller::precompiles[0m[2m:[0m received deferred marker task status: Succeeded [3mtask_id[0m[2m=[0m"local_worker_01m2kb9dmkezrvhws6exarr08a"
[2m2026-09-15T20:14:16.323976Z[0m [34mDEBUG[0m [1mCoreExecute[0m[1m{[0m[3mproof_id[0m[2m=[0mproof_01m2kb91v9egga9yypcwvj99mg [3mtask_id[0m[2m=[0mlocal_worker_01m2kb9chkez19hnxxwd2t5t4q[1m}[0m[2m:[0m[1mminimal executor[0m[2m:[0m[1msplicing[0m[1m{[0m[3midx[0m[2m=[0m0[1m}[0m[2m:[0m[1msplicing trace chunk[0m[2m:[0m [2msp1_prover::worker::controller::splicing[0m[2m:[0m shard boundary [3mglobal_clk[0m[2m=[0m3644760 [3mpc[0m[2m=[0m2014089172 [3mnum_mem_reads_left[0m[2m=[0m7897628 [3mclk[0m[2m=[0m29158849
[2m2026-09-15T20:14:16.323994Z[0m [34mDEBUG[0m [1mCoreExecute[0m[1m{[0m[3mproof_id[0m[2m=[0mproof_01m2kb91v9egga9yypcwvj99mg [3mtask_id[0m[2m=[0mlocal_worker_01m2kb9chkez19hnxxwd2t5t4q[1m}[0m[2m:[0m[1mminimal executor[0m[2m:[0m[1msplicing[0m[1m{[0m[3midx[0m[2m=[0m0[1m}[0m[2m:[0m[1msplicing trace chunk[0m[2m:[0m [2msp1_prover::worker::controller::splicing[0m[2m:[0m sending spliced trace to splicing tx [3mglobal_clk[0m[2m=[0m3644760
[2m2026-09-15T20:14:16.324002Z[0m [34mDEBUG[0m [1mCoreExecute[0m[1m{[0m[3mproof_id[0m[2m=[0mproof_01m2kb91v9egga9yypcwvj99mg [3mtask_id[0m[2m=[0mlocal_worker_01m2kb9chkez19hnxxwd2t5t4q[1m}[0m[2m:[0m[1mminimal executor[0m[2m:[0m[1msplicing[0m[1m{[0m[3midx[0m[2m=[0m0[1m}[0m[2m:[0m[1msplicing trace chunk[0m[2m:[0m [2msp1_prover::worker::controller::splicing[0m[2m:[0m spliced trace sent to splicing tx [3mglobal_clk[0m[2m=[0m3644760
[2m2026-09-15T20:14:16.324008Z[0m [34mDEBUG[0m [1mCoreExecute[0m[1m{[0m[3mproof_id[0m[2m=[0mproof_01m2kb91v9egga9yypcwvj99mg [3mtask_id[0m[2m=[0mlocal_worker_01m2kb9chkez19hnxxwd2t5t4q[1m}[0m[2m:[0m[1mminimal executor[0m[2m:[0m[1msplicing[0m[1m{[0m[3midx[0m[2m=[0m0[1m}[0m[2m:[0m[1msplicing trace chunk[0m[2m:[0m [2msp1_prover::worker::controller::splicing[0m[2m:[0m starting new shard at clk: 29158849 at pc: 2014089172
[2m2026-09-15T20:14:16.340968Z[0m [34mDEBUG[0m [1mCoreExecute[0m[1m{[0m[3mproof_id[0m[2m=[0mproof_01m2kb91v9egga9yypcwvj99mg [3mtask_id[0m[2m=[0mlocal_worker_01m2kb9chkez19hnxxwd2t5t4q[1m}[0m[2m:[0m[1mminimal executor[0m[2m:[0m[1msplicing[0m[1m{[0m[3midx[0m[2m=[0m0[1m}[0m[2m:[0m[1msplicing trace chunk[0m[2m:[0m [2msp1_prover::worker::controller::splicing[0m[2m:[0m shard boundary [3mglobal_clk[0m[2m=[0m4008611 [3mpc[0m[2m=[0m2014746388 [3mnum_mem_reads_left[0m[2m=[0m7774845 [3mclk[0m[2m=[0m32069657
[2m2026-09-15T20:14:16.340987Z[0m [34mDEBUG[0m [1mCoreExecute[0m[1m{[0m[3mproof_id[0m[2m=[0mproof_01m2kb91v9egga9yypcwvj99mg [3mtask_id[0m[2m=[0mlocal_worker_01m2kb9chkez19hnxxwd2t5t4q[1m}[0m[2m:[0m[1mminimal executor[0m[2m:[0m[1msplicing[0m[1m{[0m[3midx[0m[2m=[0m0[1m}[0m[2m:[0m[1msplicing trace chunk[0m[2m:[0m [2msp1_prover::worker::controller::splicing[0m[2m:[0m sending spliced trace to splicing tx [3mglobal_clk[0m[2m=[0m4008611
[2m2026-09-15T20:14:16.340995Z[0m [34mDEBUG[0m [1mCoreExecute[0m[1m{[0m[3mproof_id[0m[2m=[0mproof_01m2kb91v9egga9yypcwvj99mg [3mtask_id[0m[2m=[0mlocal_worker_01m2kb9chkez19hnxxwd2t5t4q[1m}[0m[2m:[0m[1mminimal executor[0m[2m:[0m[1msplicing[0m[1m{[0m[3midx[0m[2m=[0m0[1m}[0m[2m:[0m[1msplicing trace chunk[0m[2m:[0m [2msp1_prover::worker::controller::splicing[0m[2m:[0m spliced trace sent to splicing tx [3mglobal_clk[0m[2m=[0m4008611
[2m2026-09-15T20:14:16.341000Z[0m [34mDEBUG[0m [1mCoreExecute[0m[1m{[0m[3mproof_id[0m[2m=[0mproof_01m2kb91v9egga9yypcwvj99mg [3mtask_id[0m[2m=[0mlocal_worker_01m2kb9chkez19hnxxwd2t5t4q[1m}[0m[2m:[0m[1mminimal executor[0m[2m:[0m[1msplicing[0m[1m{[0m[3midx[0m[2m=[0m0[1m}[0m[2m:[0m[1msplicing trace chunk[0m[2m:[0m [2msp1_prover::worker::controller::splicing[0m[2m:[0m starting new shard at clk: 32069657 at pc: 2014746388
[2m2026-09-15T20:14:16.353872Z[0m [34mDEBUG[0m [1mCoreExecute[0m[1m{[0m[3mproof_id[0m[2m=[0mproof_01m2kb91v9egga9yypcwvj99mg [3mtask_id[0m[2m=[0mlocal_worker_01m2kb9chkez19hnxxwd2t5t4q[1m}[0m[2m:[0m[1mminimal executor[0m[2m:[0m[1msplicing[0m[1m{[0m[3midx[0m[2m=[0m0[1m}[0m[2m:[0m[1msplicing trace chunk[0m[2m:[0m [2msp1_prover::worker::controller::splicing[0m[2m:[0m shard boundary [3mglobal_clk[0m[2m=[0m4372609 [3mpc[0m[2m=[0m2014733900 [3mnum_mem_reads_left[0m[2m=[0m7651934 [3mclk[0m[2m=[0m34981641
[2m2026-09-15T20:14:16.353891Z[0m [34mDEBUG[0m [1mCoreExecute[0m[1m{[0m[3mproof_id[0m[2m=[0mproof_01m2kb91v9egga9yypcwvj99mg [3mtask_id[0m[2m=[0mlocal_worker_01m2kb9chkez19hnxxwd2t5t4q[1m}[0m[2m:[0m[1mminimal executor[0m[2m:[0m[1msplicing[0m[1m{[0m[3midx[0m[2m=[0m0[1m}[0m[2m:[0m[1msplicing trace chunk[0m[2m:[0m [2msp1_prover::worker::controller::splicing[0m[2m:[0m sending spliced trace to splicing tx [3mglobal_clk[0m[2m=[0m4372609
[2m2026-09-15T20:16:20.917799Z[0m [34mDEBUG[0m [1mProveShard[0m[1m{[0m[3mproof_id[0m[2m=[0mproof_01m2kb91v9egga9yypcwvj99mg [3mtask_id[0m[2m=[0mlocal_worker_01m2kb9dmrek0aej76kkqgk96z[1m}[0m[2m:[0m [2msp1_prover::worker::node::full::init[0m[2m:[0m task succeeded
[2m2026-09-15T20:16:20.918566Z[0m [34mDEBUG[0m [1mCoreExecute[0m[1m{[0m[3mproof_id[0m[2m=[0mproof_01m2kb91v9egga9yypcwvj99mg [3mtask_id[0m[2m=[0mlocal_worker_01m2kb9chkez19hnxxwd2t5t4q[1m}[0m[2m:[0m[1memit precompile shards[0m[2m:[0m[1mdeferred listener[0m[2m:[0m [2msp1_prover::worker::controller::precompiles[0m[2m:[0m received deferred message with task id TaskId("local_worker_01m2kb9dpbedsstyvvrcdwbpk2")
[2m2026-09-15T20:16:20.918648Z[0m [34mDEBUG[0m [1mCoreExecute[0m[1m{[0m[3mproof_id[0m[2m=[0mproof_01m2kb91v9egga9yypcwvj99mg [3mtask_id[0m[2m=[0mlocal_worker_01m2kb9chkez19hnxxwd2t5t4q[1m}[0m[2m:[0m[1mminimal executor[0m[2m:[0m[1msplicing[0m[1m{[0m[3midx[0m[2m=[0m0[1m}[0m[2m:[0m[1msplicing trace chunk[0m[2m:[0m [2msp1_prover::worker::controller::splicing[0m[2m:[0m spliced trace sent to splicing tx [3mglobal_clk[0m[2m=[0m4372609
[2m2026-09-15T20:16:20.918661Z[0m [34mDEBUG[0m [1mCoreExecute[0m[1m{[0m[3mproof_id[0m[2m=[0mproof_01m2kb91v9egga9yypcwvj99mg [3mtask_id[0m[2m=[0mlocal_worker_01m2kb9chkez19hnxxwd2t5t4q[1m}[0m[2m:[0m[1mminimal executor[0m[2m:[0m[1msplicing[0m[1m{[0m[3midx[0m[2m=[0m0[1m}[0m[2m:[0m[1msplicing trace chunk[0m[2m:[0m [2msp1_prover::worker::controller::splicing[0m[2m:[0m starting new shard at clk: 34981641 at pc: 2014733900
[2m2026-09-15T20:16:20.920797Z[0m [34mDEBUG[0m [1mCoreExecute[0m[1m{[0m[3mproof_id[0m[2m=[0mproof_01m2kb91v9egga9yypcwvj99mg [3mtask_id[0m[2m=[0mlocal_worker_01m2kb9chkez19hnxxwd2t5t4q[1m}[0m[2m:[0m[1mminimal executor[0m[2m:[0m[1msplicing[0m[1m{[0m[3midx[0m[2m=[0m0[1m}[0m[2m:[0m[1mget splices to serialize[0m[2m:[0m[1msend splice[0m[2m:[0m [2msp1_prover::worker::client::local[0m[2m:[0m submitting task of kind MarkerDeferredRecord
[2m2026-09-15T20:16:20.925352Z[0m [34mDEBUG[0m [1mCoreExecute[0m[1m{[0m[3mproof_id[0m[2m=[0mproof_01m2kb91v9egga9yypcwvj99mg [3mtask_id[0m[2m=[0mlocal_worker_01m2kb9chkez19hnxxwd2t5t4q[1m}[0m[2m:[0m[1mminimal executor[0m[2m:[0m[1msplicing[0m[1m{[0m[3midx[0m[2m=[0m0[1m}[0m[2m:[0m[1mget splices to serialize[0m[2m:[0m[1msend splice[0m[2m:[0m [2msp1_prover::worker::client::local[0m[2m:[0m submitting task of kind ProveShard
[2m2026-09-15T20:16:20.937543Z[0m [34mDEBUG[0m [1mCoreExecute[0m[1m{[0m[3mproof_id[0m[2m=[0mproof_01m2kb91v9egga9yypcwvj99mg [3mtask_id[0m[2m=[0mlocal_worker_01m2kb9chkez19hnxxwd2t5t4q[1m}[0m[2m:[0m[1mminimal executor[0m[2m:[0m[1msplicing[0m[1m{[0m[3midx[0m[2m=[0m0[1m}[0m[2m:[0m[1msplicing trace chunk[0m[2m:[0m [2msp1_prover::worker::controller::splicing[0m[2m:[0m shard boundary [3mglobal_clk[0m[2m=[0m4734681 [3mpc[0m[2m=[0m2014733936 [3mnum_mem_reads_left[0m[2m=[0m7529171 [3mclk[0m[2m=[0m37878217
[2m2026-09-15T20:16:20.937566Z[0m [34mDEBUG[0m [1mCoreExecute[0m[1m{[0m[3mproof_id[0m[2m=[0mproof_01m2kb91v9egga9yypcwvj99mg [3mtask_id[0m[2m=[0mlocal_worker_01m2kb9chkez19hnxxwd2t5t4q[1m}[0m[2m:[0m[1mminimal executor[0m[2m:[0m[1msplicing[0m[1m{[0m[3midx[0m[2m=[0m0[1m}[0m[2m:[0m[1msplicing trace chunk[0m[2m:[0m [2msp1_prover::worker::controller::splicing[0m[2m:[0m sending spliced trace to splicing tx [3mglobal_clk[0m[2m=[0m4734681
[2m2026-09-15T20:16:20.966386Z[0m [34mDEBUG[0m [1mProveShard[0m[1m{[0m[3mproof_id[0m[2m=[0mproof_01m2kb91v9egga9yypcwvj99mg [3mtask_id[0m[2m=[0mlocal_worker_01m2kb9dn4fw9rqe2j9yyyrgsg[1m}[0m[2m:[0m[1minto_record[0m[2m:[0m [2msp1_prover::worker::prover::core[0m[2m:[0m tracing chunk at clk range: 2954625..5866825
[2m2026-09-15T20:16:21.002271Z[0m [34mDEBUG[0m [1mCoreExecute[0m[1m{[0m[3mproof_id[0m[2m=[0mproof_01m2kb91v9egga9yypcwvj99mg [3mtask_id[0m[2m=[0mlocal_worker_01m2kb9chkez19hnxxwd2t5t4q[1m}[0m[2m:[0m[1memit precompile shards[0m[2m:[0m[1mdeferred sender[0m[2m:[0m [2msp1_prover::worker::controller::precompiles[0m[2m:[0m received deferred marker task status: Succeeded [3mtask_id[0m[2m=[0m"local_worker_01m2kb9dmzfwrawgvnhbwav3a8"
[2m2026-09-15T20:18:24.249119Z[0m [34mDEBUG[0m [1mProveShard[0m[1m{[0m[3mproof_id[0m[2m=[0mproof_01m2kb91v9egga9yypcwvj99mg [3mtask_id[0m[2m=[0mlocal_worker_01m2kb9dn4fw9rqe2j9yyyrgsg[1m}[0m[2m:[0m [2msp1_prover::worker::node::full::init[0m[2m:[0m task succeeded
[2m2026-09-15T20:18:24.249898Z[0m [34mDEBUG[0m [1mCoreExecute[0m[1m{[0m[3mproof_id[0m[2m=[0mproof_01m2kb91v9egga9yypcwvj99mg [3mtask_id[0m[2m=[0mlocal_worker_01m2kb9chkez19hnxxwd2t5t4q[1m}[0m[2m:[0m[1memit precompile shards[0m[2m:[0m[1mdeferred listener[0m[2m:[0m [2msp1_prover::worker::controller::precompiles[0m[2m:[0m received deferred message with task id TaskId("local_worker_01m2kb9dpqfdrstpv0b0zbptdc")
[2m2026-09-15T20:18:24.250887Z[0m [34mDEBUG[0m [1mCoreExecute[0m[1m{[0m[3mproof_id[0m[2m=[0mproof_01m2kb91v9egga9yypcwvj99mg [3mtask_id[0m[2m=[0mlocal_worker_01m2kb9chkez19hnxxwd2t5t4q[1m}[0m[2m:[0m[1mminimal executor[0m[2m:[0m[1msplicing[0m[1m{[0m[3midx[0m[2m=[0m0[1m}[0m[2m:[0m[1mget splices to serialize[0m[2m:[0m[1msend splice[0m[2m:[0m [2msp1_prover::worker::client::local[0m[2m:[0m submitting task of kind MarkerDeferredRecord
[2m2026-09-15T20:18:24.251778Z[0m [34mDEBUG[0m [1mCoreExecute[0m[1m{[0m[3mproof_id[0m[2m=[0mproof_01m2kb91v9egga9yypcwvj99mg [3mtask_id[0m[2m=[0mlocal_worker_01m2kb9chkez19hnxxwd2t5t4q[1m}[0m[2m:[0m[1mminimal executor[0m[2m:[0m[1msplicing[0m[1m{[0m[3midx[0m[2m=[0m0[1m}[0m[2m:[0m[1msplicing trace chunk[0m[2m:[0m [2msp1_prover::worker::controller::splicing[0m[2m:[0m spliced trace sent to splicing tx [3mglobal_clk[0m[2m=[0m4734681
[2m2026-09-15T20:18:24.251790Z[0m [34mDEBUG[0m [1mCoreExecute[0m[1m{[0m[3mproof_id[0m[2m=[0mproof_01m2kb91v9egga9yypcwvj99mg [3mtask_id[0m[2m=[0mlocal_worker_01m2kb9chkez19hnxxwd2t5t4q[1m}[0m[2m:[0m[1mminimal executor[0m[2m:[0m[1msplicing[0m[1m{[0m[3midx[0m[2m=[0m0[1m}[0m[2m:[0m[1msplicing trace chunk[0m[2m:[0m [2msp1_prover::worker::controller::splicing[0m[2m:[0m starting new shard at clk: 37878217 at pc: 2014733936
[2m2026-09-15T20:18:24.255039Z[0m [34mDEBUG[0m [1mCoreExecute[0m[1m{[0m[3mproof_id[0m[2m=[0mproof_01m2kb91v9egga9yypcwvj99mg [3mtask_id[0m[2m=[0mlocal_worker_01m2kb9chkez19hnxxwd2t5t4q[1m}[0m[2m:[0m[1mminimal executor[0m[2m:[0m[1msplicing[0m[1m{[0m[3midx[0m[2m=[0m0[1m}[0m[2m:[0m[1mget splices to serialize[0m[2m:[0m[1msend splice[0m[2m:[0m [2msp1_prover::worker::client::local[0m[2m:[0m submitting task of kind ProveShard
[2m2026-09-15T20:18:24.264837Z[0m [34mDEBUG[0m [1mCoreExecute[0m[1m{[0m[3mproof_id[0m[2m=[0mproof_01m2kb91v9egga9yypcwvj99mg [3mtask_id[0m[2m=[0mlocal_worker_01m2kb9chkez19hnxxwd2t5t4q[1m}[0m[2m:[0m[1mminimal executor[0m[2m:[0m[1msplicing[0m[1m{[0m[3midx[0m[2m=[0m0[1m}[0m[2m:[0m[1msplicing trace chunk[0m[2m:[0m [2msp1_prover::worker::controller::splicing[0m[2m:[0m shard boundary [3mglobal_clk[0m[2m=[0m5098853 [3mpc[0m[2m=[0m2014733584 [3mnum_mem_reads_left[0m[2m=[0m7407432 [3mclk[0m[2m=[0m40791593
[2m2026-09-15T20:18:24.264855Z[0m [34mDEBUG[0m [1mCoreExecute[0m[1m{[0m[3mproof_id[0m[2m=[0mproof_01m2kb91v9egga9yypcwvj99mg [3mtask_id[0m[2m=[0mlocal_worker_01m2kb9chkez19hnxxwd2t5t4q[1m}[0m[2m:[0m[1mminimal executor[0m[2m:[0m[1msplicing[0m[1m{[0m[3midx[0m[2m=[0m0[1m}[0m[2m:[0m[1msplicing trace chunk[0m[2m:[0m [2msp1_prover::worker::controller::splicing[0m[2m:[0m sending spliced trace to splicing tx [3mglobal_clk[0m[2m=[0m5098853
[2m2026-09-15T20:18:24.292801Z[0m [34mDEBUG[0m [1mProveShard[0m[1m{[0m[3mproof_id[0m[2m=[0mproof_01m2kb91v9egga9yypcwvj99mg [3mtask_id[0m[2m=[0mlocal_worker_01m2kb9dnjf999y86tecygbg5x[1m}[0m[2m:[0m[1minto_record[0m[2m:[0m [2msp1_prover::worker::prover::core[0m[2m:[0m tracing chunk at clk range: 5866825..8780321
[2m2026-09-15T20:18:24.318802Z[0m [34mDEBUG[0m [1mCoreExecute[0m[1m{[0m[3mproof_id[0m[2m=[0mproof_01m2kb91v9egga9yypcwvj99mg [3mtask_id[0m[2m=[0mlocal_worker_01m2kb9chkez19hnxxwd2t5t4q[1m}[0m[2m:[0m[1memit precompile shards[0m[2m:[0m[1mdeferred sender[0m[2m:[0m [2msp1_prover::worker::controller::precompiles[0m[2m:[0m received deferred marker task status: Succeeded [3mtask_id[0m[2m=[0m"local_worker_01m2kb9dnef6htevc9bwnrbrh7"
[2m2026-09-15T20:20:27.913699Z[0m [34mDEBUG[0m [1mProveShard[0m[1m{[0m[3mproof_id[0m[2m=[0mproof_01m2kb91v9egga9yypcwvj99mg [3mtask_id[0m[2m=[0mlocal_worker_01m2kb9dnjf999y86tecygbg5x[1m}[0m[2m:[0m [2msp1_prover::worker::node::full::init[0m[2m:[0m task succeeded
[2m2026-09-15T20:20:27.914887Z[0m [34mDEBUG[0m [1mCoreExecute[0m[1m{[0m[3mproof_id[0m[2m=[0mproof_01m2kb91v9egga9yypcwvj99mg [3mtask_id[0m[2m=[0mlocal_worker_01m2kb9chkez19hnxxwd2t5t4q[1m}[0m[2m:[0m[1memit precompile shards[0m[2m:[0m[1mdeferred listener[0m[2m:[0m [2msp1_prover::worker::controller::precompiles[0m[2m:[0m received deferred message with task id TaskId("local_worker_01m2kbd7drfj0saa4sdxb9k6sf")
[2m2026-09-15T20:20:27.915862Z[0m [34mDEBUG[0m [1mCoreExecute[0m[1m{[0m[3mproof_id[0m[2m=[0mproof_01m2kb91v9egga9yypcwvj99mg [3mtask_id[0m[2m=[0mlocal_worker_01m2kb9chkez19hnxxwd2t5t4q[1m}[0m[2m:[0m[1mminimal executor[0m[2m:[0m[1msplicing[0m[1m{[0m[3midx[0m[2m=[0m0[1m}[0m[2m:[0m[1msplicing trace chunk[0m[2m:[0m [2msp1_prover::worker::controller::splicing[0m[2m:[0m spliced trace sent to splicing tx [3mglobal_clk[0m[2m=[0m5098853
[2m2026-09-15T20:20:27.915878Z[0m [34mDEBUG[0m [1mCoreExecute[0m[1m{[0m[3mproof_id[0m[2m=[0mproof_01m2kb91v9egga9yypcwvj99mg [3mtask_id[0m[2m=[0mlocal_worker_01m2kb9chkez19hnxxwd2t5t4q[1m}[0m[2m:[0m[1mminimal executor[0m[2m:[0m[1msplicing[0m[1m{[0m[3midx[0m[2m=[0m0[1m}[0m[2m:[0m[1msplicing trace chunk[0m[2m:[0m [2msp1_prover::worker::controller::splicing[0m[2m:[0m starting new shard at clk: 40791593 at pc: 2014733584
[2m2026-09-15T20:20:27.915888Z[0m [34mDEBUG[0m [1mCoreExecute[0m[1m{[0m[3mproof_id[0m[2m=[0mproof_01m2kb91v9egga9yypcwvj99mg [3mtask_id[0m[2m=[0mlocal_worker_01m2kb9chkez19hnxxwd2t5t4q[1m}[0m[2m:[0m[1mminimal executor[0m[2m:[0m[1msplicing[0m[1m{[0m[3midx[0m[2m=[0m0[1m}[0m[2m:[0m[1mget splices to serialize[0m[2m:[0m[1msend splice[0m[2m:[0m [2msp1_prover::worker::client::local[0m[2m:[0m submitting task of kind MarkerDeferredRecord
[2m2026-09-15T20:20:27.921977Z[0m [34mDEBUG[0m [1mCoreExecute[0m[1m{[0m[3mproof_id[0m[2m=[0mproof_01m2kb91v9egga9yypcwvj99mg [3mtask_id[0m[2m=[0mlocal_worker_01m2kb9chkez19hnxxwd2t5t4q[1m}[0m[2m:[0m[1mminimal executor[0m[2m:[0m[1msplicing[0m[1m{[0m[3midx[0m[2m=[0m0[1m}[0m[2m:[0m[1mget splices to serialize[0m[2m:[0m[1msend splice[0m[2m:[0m [2msp1_prover::worker::client::local[0m[2m:[0m submitting task of kind ProveShard
[2m2026-09-15T20:20:27.929678Z[0m [34mDEBUG[0m [1mCoreExecute[0m[1m{[0m[3mproof_id[0m[2m=[0mproof_01m2kb91v9egga9yypcwvj99mg [3mtask_id[0m[2m=[0mlocal_worker_01m2kb9chkez19hnxxwd2t5t4q[1m}[0m[2m:[0m[1mminimal executor[0m[2m:[0m[1msplicing[0m[1m{[0m[3midx[0m[2m=[0m0[1m}[0m[2m:[0m[1msplicing trace chunk[0m[2m:[0m [2msp1_prover::worker::controller::splicing[0m[2m:[0m shard boundary [3mglobal_clk[0m[2m=[0m5462895 [3mpc[0m[2m=[0m2014733992 [3mnum_mem_reads_left[0m[2m=[0m7285039 [3mclk[0m[2m=[0m43703929
[2m2026-09-15T20:20:27.929697Z[0m [34mDEBUG[0m [1mCoreExecute[0m[1m{[0m[3mproof_id[0m[2m=[0mproof_01m2kb91v9egga9yypcwvj99mg [3mtask_id[0m[2m=[0mlocal_worker_01m2kb9chkez19hnxxwd2t5t4q[1m}[0m[2m:[0m[1mminimal executor[0m[2m:[0m[1msplicing[0m[1m{[0m[3midx[0m[2m=[0m0[1m}[0m[2m:[0m[1msplicing trace chunk[0m[2m:[0m [2msp1_prover::worker::controller::splicing[0m[2m:[0m sending spliced trace to splicing tx [3mglobal_clk[0m[2m=[0m5462895
[2m2026-09-15T20:20:27.956920Z[0m [34mDEBUG[0m [1mProveShard[0m[1m{[0m[3mproof_id[0m[2m=[0mproof_01m2kb91v9egga9yypcwvj99mg [3mtask_id[0m[2m=[0mlocal_worker_01m2kb9dp5eahv40s6zhggbfv7[1m}[0m[2m:[0m[1minto_record[0m[2m:[0m [2msp1_prover::worker::prover::core[0m[2m:[0m tracing chunk at clk range: 8780321..11698481
[2m2026-09-15T20:20:27.982746Z[0m [34mDEBUG[0m [1mCoreExecute[0m[1m{[0m[3mproof_id[0m[2m=[0mproof_01m2kb91v9egga9yypcwvj99mg [3mtask_id[0m[2m=[0mlocal_worker_01m2kb9chkez19hnxxwd2t5t4q[1m}[0m[2m:[0m[1memit precompile shards[0m[2m:[0m[1mdeferred sender[0m[2m:[0m [2msp1_prover::worker::controller::precompiles[0m[2m:[0m received deferred marker task status: Succeeded [3mtask_id[0m[2m=[0m"local_worker_01m2kb9dnzepgvhgrfrsj77b4y"
[2m2026-09-15T20:22:30.789437Z[0m [34mDEBUG[0m [1mProveShard[0m[1m{[0m[3mproof_id[0m[2m=[0mproof_01m2kb91v9egga9yypcwvj99mg [3mtask_id[0m[2m=[0mlocal_worker_01m2kb9dp5eahv40s6zhggbfv7[1m}[0m[2m:[0m [2msp1_prover::worker::node::full::init[0m[2m:[0m task succeeded
[2m2026-09-15T20:22:30.790304Z[0m [34mDEBUG[0m [1mCoreExecute[0m[1m{[0m[3mproof_id[0m[2m=[0mproof_01m2kb91v9egga9yypcwvj99mg [3mtask_id[0m[2m=[0mlocal_worker_01m2kb9chkez19hnxxwd2t5t4q[1m}[0m[2m:[0m[1memit precompile shards[0m[2m:[0m[1mdeferred listener[0m[2m:[0m [2msp1_prover::worker::controller::precompiles[0m[2m:[0m received deferred message with task id TaskId("local_worker_01m2kbgzvtf1rrxcmhbb8bnkzj")
[2m2026-09-15T20:22:30.790452Z[0m [34mDEBUG[0m [1mCoreExecute[0m[1m{[0m[3mproof_id[0m[2m=[0mproof_01m2kb91v9egga9yypcwvj99mg [3mtask_id[0m[2m=[0mlocal_worker_01m2kb9chkez19hnxxwd2t5t4q[1m}[0m[2m:[0m[1mminimal executor[0m[2m:[0m[1msplicing[0m[1m{[0m[3midx[0m[2m=[0m0[1m}[0m[2m:[0m[1msplicing trace chunk[0m[2m:[0m [2msp1_prover::worker::controller::splicing[0m[2m:[0m spliced trace sent to splicing tx [3mglobal_clk[0m[2m=[0m5462895
[2m2026-09-15T20:22:30.790469Z[0m [34mDEBUG[0m [1mCoreExecute[0m[1m{[0m[3mproof_id[0m[2m=[0mproof_01m2kb91v9egga9yypcwvj99mg [3mtask_id[0m[2m=[0mlocal_worker_01m2kb9chkez19hnxxwd2t5t4q[1m}[0m[2m:[0m[1mminimal executor[0m[2m:[0m[1msplicing[0m[1m{[0m[3midx[0m[2m=[0m0[1m}[0m[2m:[0m[1msplicing trace chunk[0m[2m:[0m [2msp1_prover::worker::controller::splicing[0m[2m:[0m starting new shard at clk: 43703929 at pc: 2014733992
[2m2026-09-15T20:22:30.792834Z[0m [34mDEBUG[0m [1mCoreExecute[0m[1m{[0m[3mproof_id[0m[2m=[0mproof_01m2kb91v9egga9yypcwvj99mg [3mtask_id[0m[2m=[0mlocal_worker_01m2kb9chkez19hnxxwd2t5t4q[1m}[0m[2m:[0m[1mminimal executor[0m[2m:[0m[1msplicing[0m[1m{[0m[3midx[0m[2m=[0m0[1m}[0m[2m:[0m[1mget splices to serialize[0m[2m:[0m[1msend splice[0m[2m:[0m [2msp1_prover::worker::client::local[0m[2m:[0m submitting task of kind MarkerDeferredRecord
[2m2026-09-15T20:22:30.796978Z[0m [34mDEBUG[0m [1mCoreExecute[0m[1m{[0m[3mproof_id[0m[2m=[0mproof_01m2kb91v9egga9yypcwvj99mg [3mtask_id[0m[2m=[0mlocal_worker_01m2kb9chkez19hnxxwd2t5t4q[1m}[0m[2m:[0m[1mminimal executor[0m[2m:[0m[1msplicing[0m[1m{[0m[3midx[0m[2m=[0m0[1m}[0m[2m:[0m[1mget splices to serialize[0m[2m:[0m[1msend splice[0m[2m:[0m [2msp1_prover::worker::client::local[0m[2m:[0m submitting task of kind ProveShard
[2m2026-09-15T20:22:30.804143Z[0m [34mDEBUG[0m [1mCoreExecute[0m[1m{[0m[3mproof_id[0m[2m=[0mproof_01m2kb91v9egga9yypcwvj99mg [3mtask_id[0m[2m=[0mlocal_worker_01m2kb9chkez19hnxxwd2t5t4q[1m}[0m[2m:[0m[1mminimal executor[0m[2m:[0m[1msplicing[0m[1m{[0m[3midx[0m[2m=[0m0[1m}[0m[2m:[0m[1msplicing trace chunk[0m[2m:[0m [2msp1_prover::worker::controller::splicing[0m[2m:[0m shard boundary [3mglobal_clk[0m[2m=[0m5826832 [3mpc[0m[2m=[0m2014745532 [3mnum_mem_reads_left[0m[2m=[0m7160163 [3mclk[0m[2m=[0m46615425
[2m2026-09-15T20:22:30.804164Z[0m [34mDEBUG[0m [1mCoreExecute[0m[1m{[0m[3mproof_id[0m[2m=[0mproof_01m2kb91v9egga9yypcwvj99mg [3mtask_id[0m[2m=[0mlocal_worker_01m2kb9chkez19hnxxwd2t5t4q[1m}[0m[2m:[0m[1mminimal executor[0m[2m:[0m[1msplicing[0m[1m{[0m[3midx[0m[2m=[0m0[1m}[0m[2m:[0m[1msplicing trace chunk[0m[2m:[0m [2msp1_prover::worker::controller::splicing[0m[2m:[0m sending spliced trace to splicing tx [3mglobal_clk[0m[2m=[0m5826832
[2m2026-09-15T20:22:30.835576Z[0m [34mDEBUG[0m [1mProveShard[0m[1m{[0m[3mproof_id[0m[2m=[0mproof_01m2kb91v9egga9yypcwvj99mg [3mtask_id[0m[2m=[0mlocal_worker_01m2kb9dpjfa8r4drtz5rc4pdt[1m}[0m[2m:[0m[1minto_record[0m[2m:[0m [2msp1_prover::worker::prover::core[0m[2m:[0m tracing chunk at clk range: 11698481..14605201
[2m2026-09-15T20:22:30.871593Z[0m [34mDEBUG[0m [1mCoreExecute[0m[1m{[0m[3mproof_id[0m[2m=[0mproof_01m2kb91v9egga9yypcwvj99mg [3mtask_id[0m[2m=[0mlocal_worker_01m2kb9chkez19hnxxwd2t5t4q[1m}[0m[2m:[0m[1memit precompile shards[0m[2m:[0m[1mdeferred sender[0m[2m:[0m [2msp1_prover::worker::controller::precompiles[0m[2m:[0m received deferred marker task status: Succeeded [3mtask_id[0m[2m=[0m"local_worker_01m2kb9dpbedsstyvvrcdwbpk2"
[2m2026-09-15T20:24:34.203710Z[0m [34mDEBUG[0m [1mProveShard[0m[1m{[0m[3mproof_id[0m[2m=[0mproof_01m2kb91v9egga9yypcwvj99mg [3mtask_id[0m[2m=[0mlocal_worker_01m2kb9dpjfa8r4drtz5rc4pdt[1m}[0m[2m:[0m [2msp1_prover::worker::node::full::init[0m[2m:[0m task succeeded
[2m2026-09-15T20:24:34.204639Z[0m [34mDEBUG[0m [1mCoreExecute[0m[1m{[0m[3mproof_id[0m[2m=[0mproof_01m2kb91v9egga9yypcwvj99mg [3mtask_id[0m[2m=[0mlocal_worker_01m2kb9chkez19hnxxwd2t5t4q[1m}[0m[2m:[0m[1memit precompile shards[0m[2m:[0m[1mdeferred listener[0m[2m:[0m [2msp1_prover::worker::controller::precompiles[0m[2m:[0m received deferred message with task id TaskId("local_worker_01m2kbmrmbf39aq1gpd1wtp5dj")
[2m2026-09-15T20:24:34.205569Z[0m [34mDEBUG[0m [1mCoreExecute[0m[1m{[0m[3mproof_id[0m[2m=[0mproof_01m2kb91v9egga9yypcwvj99mg [3mtask_id[0m[2m=[0mlocal_worker_01m2kb9chkez19hnxxwd2t5t4q[1m}[0m[2m:[0m[1mminimal executor[0m[2m:[0m[1msplicing[0m[1m{[0m[3midx[0m[2m=[0m0[1m}[0m[2m:[0m[1mget splices to serialize[0m[2m:[0m[1msend splice[0m[2m:[0m [2msp1_prover::worker::client::local[0m[2m:[0m submitting task of kind MarkerDeferredRecord
[2m2026-09-15T20:24:34.205551Z[0m [34mDEBUG[0m [1mController[0m[1m{[0m[3mproof_id[0m[2m=[0mproof_01m2kb91v9egga9yypcwvj99mg [3mtask_id[0m[2m=[0mlocal_worker_01m2kb91vje0h9884c5b5mxpp4[1m}[0m[2m:[0m[1mreduce[0m[2m:[0m [2msp1_prover::worker::controller::compress[0m[2m:[0m Checking if complete: Pending tasks: 1, map is empty: true, full range is some: false, is_range_equal: false
[2m2026-09-15T20:24:34.206074Z[0m [34mDEBUG[0m [1mController[0m[1m{[0m[3mproof_id[0m[2m=[0mproof_01m2kb91v9egga9yypcwvj99mg [3mtask_id[0m[2m=[0mlocal_worker_01m2kb91vje0h9884c5b5mxpp4[1m}[0m[2m:[0m[1mreduce[0m[2m:[0m [2msp1_prover::worker::controller::compress[0m[2m:[0m No neighboring range found, adding proof to tree
[2m2026-09-15T20:24:34.206085Z[0m [34mDEBUG[0m [1mController[0m[1m{[0m[3mproof_id[0m[2m=[0mproof_01m2kb91v9egga9yypcwvj99mg [3mtask_id[0m[2m=[0mlocal_worker_01m2kb91vje0h9884c5b5mxpp4[1m}[0m[2m:[0m[1mreduce[0m[2m:[0m [2msp1_prover::worker::controller::compress[0m[2m:[0m Checking if complete: Pending tasks: 1, map is empty: false, full range is some: false, is_range_equal: false
[2m2026-09-15T20:24:34.206724Z[0m [34mDEBUG[0m [1mController[0m[1m{[0m[3mproof_id[0m[2m=[0mproof_01m2kb91v9egga9yypcwvj99mg [3mtask_id[0m[2m=[0mlocal_worker_01m2kb91vje0h9884c5b5mxpp4[1m}[0m[2m:[0m[1mreduce[0m[2m:[0m [2msp1_prover::worker::controller::compress[0m[2m:[0m Found sibling
[2m2026-09-15T20:24:34.206739Z[0m [34mDEBUG[0m [1mController[0m[1m{[0m[3mproof_id[0m[2m=[0mproof_01m2kb91v9egga9yypcwvj99mg [3mtask_id[0m[2m=[0mlocal_worker_01m2kb91vje0h9884c5b5mxpp4[1m}[0m[2m:[0m[1mreduce[0m[2m:[0m [2msp1_prover::worker::controller::compress[0m[2m:[0m Checking if complete: Pending tasks: 1, map is empty: true, full range is some: false, is_range_equal: false
[2m2026-09-15T20:24:34.206774Z[0m [34mDEBUG[0m [1mCoreExecute[0m[1m{[0m[3mproof_id[0m[2m=[0mproof_01m2kb91v9egga9yypcwvj99mg [3mtask_id[0m[2m=[0mlocal_worker_01m2kb9chkez19hnxxwd2t5t4q[1m}[0m[2m:[0m[1mminimal executor[0m[2m:[0m[1msplicing[0m[1m{[0m[3midx[0m[2m=[0m0[1m}[0m[2m:[0m[1msplicing trace chunk[0m[2m:[0m [2msp1_prover::worker::controller::splicing[0m[2m:[0m spliced trace sent to splicing tx [3mglobal_clk[0m[2m=[0m5826832
[2m2026-09-15T20:24:34.206793Z[0m [34mDEBUG[0m [1mCoreExecute[0m[1m{[0m[3mproof_id[0m[2m=[0mproof_01m2kb91v9egga9yypcwvj99mg [3mtask_id[0m[2m=[0mlocal_worker_01m2kb9chkez19hnxxwd2t5t4q[1m}[0m[2m:[0m[1mminimal executor[0m[2m:[0m[1msplicing[0m[1m{[0m[3midx[0m[2m=[0m0[1m}[0m[2m:[0m[1msplicing trace chunk[0m[2m:[0m [2msp1_prover::worker::controller::splicing[0m[2m:[0m starting new shard at clk: 46615425 at pc: 2014745532
[2m2026-09-15T20:24:34.209180Z[0m [34mDEBUG[0m [1mCoreExecute[0m[1m{[0m[3mproof_id[0m[2m=[0mproof_01m2kb91v9egga9yypcwvj99mg [3mtask_id[0m[2m=[0mlocal_worker_01m2kb9chkez19hnxxwd2t5t4q[1m}[0m[2m:[0m[1mminimal executor[0m[2m:[0m[1msplicing[0m[1m{[0m[3midx[0m[2m=[0m0[1m}[0m[2m:[0m[1mget splices to serialize[0m[2m:[0m[1msend splice[0m[2m:[0m [2msp1_prover::worker::client::local[0m[2m:[0m submitting task of kind ProveShard
[2m2026-09-15T20:24:34.223119Z[0m [34mDEBUG[0m [1mCoreExecute[0m[1m{[0m[3mproof_id[0m[2m=[0mproof_01m2kb91v9egga9yypcwvj99mg [3mtask_id[0m[2m=[0mlocal_worker_01m2kb9chkez19hnxxwd2t5t4q[1m}[0m[2m:[0m[1mminimal executor[0m[2m:[0m[1msplicing[0m[1m{[0m[3midx[0m[2m=[0m0[1m}[0m[2m:[0m[1msplicing trace chunk[0m[2m:[0m [2msp1_prover::worker::controller::splicing[0m[2m:[0m shard boundary [3mglobal_clk[0m[2m=[0m6190183 [3mpc[0m[2m=[0m2014733600 [3mnum_mem_reads_left[0m[2m=[0m7037869 [3mclk[0m[2m=[0m49522233
[2m2026-09-15T20:24:34.223136Z[0m [34mDEBUG[0m [1mCoreExecute[0m[1m{[0m[3mproof_id[0m[2m=[0mproof_01m2kb91v9egga9yypcwvj99mg [3mtask_id[0m[2m=[0mlocal_worker_01m2kb9chkez19hnxxwd2t5t4q[1m}[0m[2m:[0m[1mminimal executor[0m[2m:[0m[1msplicing[0m[1m{[0m[3midx[0m[2m=[0m0[1m}[0m[2m:[0m[1msplicing trace chunk[0m[2m:[0m [2msp1_prover::worker::controller::splicing[0m[2m:[0m sending spliced trace to splicing tx [3mglobal_clk[0m[2m=[0m6190183
[2m2026-09-15T20:24:34.248569Z[0m [34mDEBUG[0m [1mProveShard[0m[1m{[0m[3mproof_id[0m[2m=[0mproof_01m2kb91v9egga9yypcwvj99mg [3mtask_id[0m[2m=[0mlocal_worker_01m2kb9dpve0g8b5xptk2t5hex[1m}[0m[2m:[0m[1minto_record[0m[2m:[0m [2msp1_prover::worker::prover::core[0m[2m:[0m tracing chunk at clk range: 14605201..17515049
[2m2026-09-15T20:24:34.284247Z[0m [34mDEBUG[0m [1mCoreExecute[0m[1m{[0m[3mproof_id[0m[2m=[0mproof_01m2kb91v9egga9yypcwvj99mg [3mtask_id[0m[2m=[0mlocal_worker_01m2kb9chkez19hnxxwd2t5t4q[1m}[0m[2m:[0m[1memit precompile shards[0m[2m:[0m[1mdeferred sender[0m[2m:[0m [2msp1_prover::worker::controller::precompiles[0m[2m:[0m received deferred marker task status: Succeeded [3mtask_id[0m[2m=[0m"local_worker_01m2kb9dpqfdrstpv0b0zbptdc"
[2m2026-09-15T20:26:37.447575Z[0m [34mDEBUG[0m [1mProveShard[0m[1m{[0m[3mproof_id[0m[2m=[0mproof_01m2kb91v9egga9yypcwvj99mg [3mtask_id[0m[2m=[0mlocal_worker_01m2kb9dpve0g8b5xptk2t5hex[1m}[0m[2m:[0m [2msp1_prover::worker::node::full::init[0m[2m:[0m task succeeded
[2m2026-09-15T20:26:37.448306Z[0m [34mDEBUG[0m [1mController[0m[1m{[0m[3mproof_id[0m[2m=[0mproof_01m2kb91v9egga9yypcwvj99mg [3mtask_id[0m[2m=[0mlocal_worker_01m2kb91vje0h9884c5b5mxpp4[1m}[0m[2m:[0m[1mreduce[0m[2m:[0m [2msp1_prover::worker::controller::compress[0m[2m:[0m Checking if complete: Pending tasks: 1, map is empty: false, full range is some: false, is_range_equal: false
[2m2026-09-15T20:26:37.448328Z[0m [34mDEBUG[0m [1mController[0m[1m{[0m[3mproof_id[0m[2m=[0mproof_01m2kb91v9egga9yypcwvj99mg [3mtask_id[0m[2m=[0mlocal_worker_01m2kb91vje0h9884c5b5mxpp4[1m}[0m[2m:[0m[1mreduce[0m[2m:[0m [2msp1_prover::worker::controller::compress[0m[2m:[0m Found sibling
[2m2026-09-15T20:26:37.448334Z[0m [34mDEBUG[0m [1mController[0m[1m{[0m[3mproof_id[0m[2m=[0mproof_01m2kb91v9egga9yypcwvj99mg [3mtask_id[0m[2m=[0mlocal_worker_01m2kb91vje0h9884c5b5mxpp4[1m}[0m[2m:[0m[1mreduce[0m[2m:[0m [2msp1_prover::worker::controller::compress[0m[2m:[0m Checking if complete: Pending tasks: 1, map is empty: true, full range is some: false, is_range_equal: false
[2m2026-09-15T20:26:37.448362Z[0m [34mDEBUG[0m [1mCoreExecute[0m[1m{[0m[3mproof_id[0m[2m=[0mproof_01m2kb91v9egga9yypcwvj99mg [3mtask_id[0m[2m=[0mlocal_worker_01m2kb9chkez19hnxxwd2t5t4q[1m}[0m[2m:[0m[1memit precompile shards[0m[2m:[0m[1mdeferred listener[0m[2m:[0m [2msp1_prover::worker::controller::precompiles[0m[2m:[0m received deferred message with task id TaskId("local_worker_01m2kbrgm8es9ag8kt5maveh1w")
[2m2026-09-15T20:26:37.448825Z[0m [34mDEBUG[0m [1mCoreExecute[0m[1m{[0m[3mproof_id[0m[2m=[0mproof_01m2kb91v9egga9yypcwvj99mg [3mtask_id[0m[2m=[0mlocal_worker_01m2kb9chkez19hnxxwd2t5t4q[1m}[0m[2m:[0m[1mminimal executor[0m[2m:[0m[1msplicing[0m[1m{[0m[3midx[0m[2m=[0m0[1m}[0m[2m:[0m[1msplicing trace chunk[0m[2m:[0m [2msp1_prover::worker::controller::splicing[0m[2m:[0m spliced trace sent to splicing tx [3mglobal_clk[0m[2m=[0m6190183
[2m2026-09-15T20:26:37.448838Z[0m [34mDEBUG[0m [1mCoreExecute[0m[1m{[0m[3mproof_id[0m[2m=[0mproof_01m2kb91v9egga9yypcwvj99mg [3mtask_id[0m[2m=[0mlocal_worker_01m2kb9chkez19hnxxwd2t5t4q[1m}[0m[2m:[0m[1mminimal executor[0m[2m:[0m[1msplicing[0m[1m{[0m[3midx[0m[2m=[0m0[1m}[0m[2m:[0m[1msplicing trace chunk[0m[2m:[0m [2msp1_prover::worker::controller::splicing[0m[2m:[0m starting new shard at clk: 49522233 at pc: 2014733600
[2m2026-09-15T20:26:37.452388Z[0m [34mDEBUG[0m [1mCoreExecute[0m[1m{[0m[3mproof_id[0m[2m=[0mproof_01m2kb91v9egga9yypcwvj99mg [3mtask_id[0m[2m=[0mlocal_worker_01m2kb9chkez19hnxxwd2t5t4q[1m}[0m[2m:[0m[1mminimal executor[0m[2m:[0m[1msplicing[0m[1m{[0m[3midx[0m[2m=[0m0[1m}[0m[2m:[0m[1mget splices to serialize[0m[2m:[0m[1msend splice[0m[2m:[0m [2msp1_prover::worker::client::local[0m[2m:[0m submitting task of kind MarkerDeferredRecord
[2m2026-09-15T20:26:37.455714Z[0m [34mDEBUG[0m [1mCoreExecute[0m[1m{[0m[3mproof_id[0m[2m=[0mproof_01m2kb91v9egga9yypcwvj99mg [3mtask_id[0m[2m=[0mlocal_worker_01m2kb9chkez19hnxxwd2t5t4q[1m}[0m[2m:[0m[1mminimal executor[0m[2m:[0m[1msplicing[0m[1m{[0m[3midx[0m[2m=[0m0[1m}[0m[2m:[0m[1mget splices to serialize[0m[2m:[0m[1msend splice[0m[2m:[0m [2msp1_prover::worker::client::local[0m[2m:[0m submitting task of kind ProveShard
[2m2026-09-15T20:26:37.469162Z[0m [34mDEBUG[0m [1mCoreExecute[0m[1m{[0m[3mproof_id[0m[2m=[0mproof_01m2kb91v9egga9yypcwvj99mg [3mtask_id[0m[2m=[0mlocal_worker_01m2kb9chkez19hnxxwd2t5t4q[1m}[0m[2m:[0m[1mminimal executor[0m[2m:[0m[1msplicing[0m[1m{[0m[3midx[0m[2m=[0m0[1m}[0m[2m:[0m[1msplicing trace chunk[0m[2m:[0m [2msp1_prover::worker::controller::splicing[0m[2m:[0m shard boundary [3mglobal_clk[0m[2m=[0m6554963 [3mpc[0m[2m=[0m2014735528 [3mnum_mem_reads_left[0m[2m=[0m6915892 [3mclk[0m[2m=[0m52440473
[2m2026-09-15T20:26:37.469184Z[0m [34mDEBUG[0m [1mCoreExecute[0m[1m{[0m[3mproof_id[0m[2m=[0mproof_01m2kb91v9egga9yypcwvj99mg [3mtask_id[0m[2m=[0mlocal_worker_01m2kb9chkez19hnxxwd2t5t4q[1m}[0m[2m:[0m[1mminimal executor[0m[2m:[0m[1msplicing[0m[1m{[0m[3midx[0m[2m=[0m0[1m}[0m[2m:[0m[1msplicing trace chunk[0m[2m:[0m [2msp1_prover::worker::controller::splicing[0m[2m:[0m sending spliced trace to splicing tx [3mglobal_clk[0m[2m=[0m6554963
[2m2026-09-15T20:26:37.489493Z[0m [34mDEBUG[0m [1mProveShard[0m[1m{[0m[3mproof_id[0m[2m=[0mproof_01m2kb91v9egga9yypcwvj99mg [3mtask_id[0m[2m=[0mlocal_worker_01m2kbd7dxewsvbehw2jt3jyg9[1m}[0m[2m:[0m[1minto_record[0m[2m:[0m [2msp1_prover::worker::prover::core[0m[2m:[0m tracing chunk at clk range: 17515049..20421569
[2m2026-09-15T20:26:37.523368Z[0m [34mDEBUG[0m [1mCoreExecute[0m[1m{[0m[3mproof_id[0m[2m=[0mproof_01m2kb91v9egga9yypcwvj99mg [3mtask_id[0m[2m=[0mlocal_worker_01m2kb9chkez19hnxxwd2t5t4q[1m}[0m[2m:[0m[1memit precompile shards[0m[2m:[0m[1mdeferred sender[0m[2m:[0m [2msp1_prover::worker::controller::precompiles[0m[2m:[0m received deferred marker task status: Succeeded [3mtask_id[0m[2m=[0m"local_worker_01m2kbd7drfj0saa4sdxb9k6sf"
[2m2026-09-15T20:28:40.882495Z[0m [34mDEBUG[0m [1mProveShard[0m[1m{[0m[3mproof_id[0m[2m=[0mproof_01m2kb91v9egga9yypcwvj99mg [3mtask_id[0m[2m=[0mlocal_worker_01m2kbd7dxewsvbehw2jt3jyg9[1m}[0m[2m:[0m [2msp1_prover::worker::node::full::init[0m[2m:[0m task succeeded
[2m2026-09-15T20:28:40.883410Z[0m [34mDEBUG[0m [1mCoreExecute[0m[1m{[0m[3mproof_id[0m[2m=[0mproof_01m2kb91v9egga9yypcwvj99mg [3mtask_id[0m[2m=[0mlocal_worker_01m2kb9chkez19hnxxwd2t5t4q[1m}[0m[2m:[0m[1memit precompile shards[0m[2m:[0m[1mdeferred listener[0m[2m:[0m [2msp1_prover::worker::controller::precompiles[0m[2m:[0m received deferred message with task id TaskId("local_worker_01m2kbw94xfqstej9r4gkm4dsr")
[2m2026-09-15T20:28:40.883490Z[0m [34mDEBUG[0m [1mCoreExecute[0m[1m{[0m[3mproof_id[0m[2m=[0mproof_01m2kb91v9egga9yypcwvj99mg [3mtask_id[0m[2m=[0mlocal_worker_01m2kb9chkez19hnxxwd2t5t4q[1m}[0m[2m:[0m[1mminimal executor[0m[2m:[0m[1msplicing[0m[1m{[0m[3midx[0m[2m=[0m0[1m}[0m[2m:[0m[1msplicing trace chunk[0m[2m:[0m [2msp1_prover::worker::controller::splicing[0m[2m:[0m spliced trace sent to splicing tx [3mglobal_clk[0m[2m=[0m6554963
[2m2026-09-15T20:28:40.883502Z[0m [34mDEBUG[0m [1mCoreExecute[0m[1m{[0m[3mproof_id[0m[2m=[0mproof_01m2kb91v9egga9yypcwvj99mg [3mtask_id[0m[2m=[0mlocal_worker_01m2kb9chkez19hnxxwd2t5t4q[1m}[0m[2m:[0m[1mminimal executor[0m[2m:[0m[1msplicing[0m[1m{[0m[3midx[0m[2m=[0m0[1m}[0m[2m:[0m[1msplicing trace chunk[0m[2m:[0m [2msp1_prover::worker::controller::splicing[0m[2m:[0m starting new shard at clk: 52440473 at pc: 2014735528
[2m2026-09-15T20:28:40.885797Z[0m [34mDEBUG[0m [1mCoreExecute[0m[1m{[0m[3mproof_id[0m[2m=[0mproof_01m2kb91v9egga9yypcwvj99mg [3mtask_id[0m[2m=[0mlocal_worker_01m2kb9chkez19hnxxwd2t5t4q[1m}[0m[2m:[0m[1mminimal executor[0m[2m:[0m[1msplicing[0m[1m{[0m[3midx[0m[2m=[0m0[1m}[0m[2m:[0m[1mget splices to serialize[0m[2m:[0m[1msend splice[0m[2m:[0m [2msp1_prover::worker::client::local[0m[2m:[0m submitting task of kind MarkerDeferredRecord
[2m2026-09-15T20:28:40.889362Z[0m [34mDEBUG[0m [1mCoreExecute[0m[1m{[0m[3mproof_id[0m[2m=[0mproof_01m2kb91v9egga9yypcwvj99mg [3mtask_id[0m[2m=[0mlocal_worker_01m2kb9chkez19hnxxwd2t5t4q[1m}[0m[2m:[0m[1mminimal executor[0m[2m:[0m[1msplicing[0m[1m{[0m[3midx[0m[2m=[0m0[1m}[0m[2m:[0m[1mget splices to serialize[0m[2m:[0m[1msend splice[0m[2m:[0m [2msp1_prover::worker::client::local[0m[2m:[0m submitting task of kind ProveShard
[2m2026-09-15T20:28:40.894110Z[0m [34mDEBUG[0m [1mCoreExecute[0m[1m{[0m[3mproof_id[0m[2m=[0mproof_01m2kb91v9egga9yypcwvj99mg [3mtask_id[0m[2m=[0mlocal_worker_01m2kb9chkez19hnxxwd2t5t4q[1m}[0m[2m:[0m[1mminimal executor[0m[2m:[0m[1msplicing[0m[1m{[0m[3midx[0m[2m=[0m0[1m}[0m[2m:[0m[1msplicing trace chunk[0m[2m:[0m [2msp1_prover::worker::controller::splicing[0m[2m:[0m shard boundary [3mglobal_clk[0m[2m=[0m6781965 [3mpc[0m[2m=[0m2014652044 [3mnum_mem_reads_left[0m[2m=[0m6822295 [3mclk[0m[2m=[0m54256489
[2m2026-09-15T20:28:40.894177Z[0m [34mDEBUG[0m [1mCoreExecute[0m[1m{[0m[3mproof_id[0m[2m=[0mproof_01m2kb91v9egga9yypcwvj99mg [3mtask_id[0m[2m=[0mlocal_worker_01m2kb9chkez19hnxxwd2t5t4q[1m}[0m[2m:[0m[1mminimal executor[0m[2m:[0m[1msplicing[0m[1m{[0m[3midx[0m[2m=[0m0[1m}[0m[2m:[0m[1msplicing trace chunk[0m[2m:[0m [2msp1_prover::worker::controller::splicing[0m[2m:[0m sending spliced trace to splicing tx [3mglobal_clk[0m[2m=[0m6781965
[2m2026-09-15T20:28:40.934588Z[0m [34mDEBUG[0m [1mProveShard[0m[1m{[0m[3mproof_id[0m[2m=[0mproof_01m2kb91v9egga9yypcwvj99mg [3mtask_id[0m[2m=[0mlocal_worker_01m2kbgzvzez081f87n5646b1m[1m}[0m[2m:[0m[1minto_record[0m[2m:[0m [2msp1_prover::worker::prover::core[0m[2m:[0m tracing chunk at clk range: 20421569..23333473
[2m2026-09-15T20:28:40.972696Z[0m [34mDEBUG[0m [1mCoreExecute[0m[1m{[0m[3mproof_id[0m[2m=[0mproof_01m2kb91v9egga9yypcwvj99mg [3mtask_id[0m[2m=[0mlocal_worker_01m2kb9chkez19hnxxwd2t5t4q[1m}[0m[2m:[0m[1memit precompile shards[0m[2m:[0m[1mdeferred sender[0m[2m:[0m [2msp1_prover::worker::controller::precompiles[0m[2m:[0m received deferred marker task status: Succeeded [3mtask_id[0m[2m=[0m"local_worker_01m2kbgzvtf1rrxcmhbb8bnkzj"
[2m2026-09-15T20:30:45.622608Z[0m [34mDEBUG[0m [1mProveShard[0m[1m{[0m[3mproof_id[0m[2m=[0mproof_01m2kb91v9egga9yypcwvj99mg [3mtask_id[0m[2m=[0mlocal_worker_01m2kbgzvzez081f87n5646b1m[1m}[0m[2m:[0m [2msp1_prover::worker::node::full::init[0m[2m:[0m task succeeded
[2m2026-09-15T20:30:45.623342Z[0m [34mDEBUG[0m [1mController[0m[1m{[0m[3mproof_id[0m[2m=[0mproof_01m2kb91v9egga9yypcwvj99mg [3mtask_id[0m[2m=[0mlocal_worker_01m2kb91vje0h9884c5b5mxpp4[1m}[0m[2m:[0m[1mreduce[0m[2m:[0m [2msp1_prover::worker::controller::compress[0m[2m:[0m Checking if complete: Pending tasks: 1, map is empty: false, full range is some: false, is_range_equal: false
[2m2026-09-15T20:30:45.623366Z[0m [34mDEBUG[0m [1mController[0m[1m{[0m[3mproof_id[0m[2m=[0mproof_01m2kb91v9egga9yypcwvj99mg [3mtask_id[0m[2m=[0mlocal_worker_01m2kb91vje0h9884c5b5mxpp4[1m}[0m[2m:[0m[1mreduce[0m[2m:[0m [2msp1_prover::worker::controller::compress[0m[2m:[0m Found sibling
[2m2026-09-15T20:30:45.623372Z[0m [34mDEBUG[0m [1mController[0m[1m{[0m[3mproof_id[0m[2m=[0mproof_01m2kb91v9egga9yypcwvj99mg [3mtask_id[0m[2m=[0mlocal_worker_01m2kb91vje0h9884c5b5mxpp4[1m}[0m[2m:[0m[1mreduce[0m[2m:[0m [2msp1_prover::worker::controller::compress[0m[2m:[0m Checking if complete: Pending tasks: 1, map is empty: true, full range is some: false, is_range_equal: false
[2m2026-09-15T20:30:45.623380Z[0m [34mDEBUG[0m [1mCoreExecute[0m[1m{[0m[3mproof_id[0m[2m=[0mproof_01m2kb91v9egga9yypcwvj99mg [3mtask_id[0m[2m=[0mlocal_worker_01m2kb9chkez19hnxxwd2t5t4q[1m}[0m[2m:[0m[1memit precompile shards[0m[2m:[0m[1mdeferred listener[0m[2m:[0m [2msp1_prover::worker::controller::precompiles[0m[2m:[0m received deferred message with task id TaskId("local_worker_01m2kc01gceq9aa0z5htkwyv17")
[2m2026-09-15T20:30:45.623459Z[0m [34mDEBUG[0m [1mCoreExecute[0m[1m{[0m[3mproof_id[0m[2m=[0mproof_01m2kb91v9egga9yypcwvj99mg [3mtask_id[0m[2m=[0mlocal_worker_01m2kb9chkez19hnxxwd2t5t4q[1m}[0m[2m:[0m[1mminimal executor[0m[2m:[0m[1msplicing[0m[1m{[0m[3midx[0m[2m=[0m0[1m}[0m[2m:[0m[1msplicing trace chunk[0m[2m:[0m [2msp1_prover::worker::controller::splicing[0m[2m:[0m spliced trace sent to splicing tx [3mglobal_clk[0m[2m=[0m6781965
[2m2026-09-15T20:30:45.623469Z[0m [34mDEBUG[0m [1mCoreExecute[0m[1m{[0m[3mproof_id[0m[2m=[0mproof_01m2kb91v9egga9yypcwvj99mg [3mtask_id[0m[2m=[0mlocal_worker_01m2kb9chkez19hnxxwd2t5t4q[1m}[0m[2m:[0m[1mminimal executor[0m[2m:[0m[1msplicing[0m[1m{[0m[3midx[0m[2m=[0m0[1m}[0m[2m:[0m[1msplicing trace chunk[0m[2m:[0m [2msp1_prover::worker::controller::splicing[0m[2m:[0m starting new shard at clk: 54256489 at pc: 2014652044
[2m2026-09-15T20:30:45.624690Z[0m [34mDEBUG[0m [1mCoreExecute[0m[1m{[0m[3mproof_id[0m[2m=[0mproof_01m2kb91v9egga9yypcwvj99mg [3mtask_id[0m[2m=[0mlocal_worker_01m2kb9chkez19hnxxwd2t5t4q[1m}[0m[2m:[0m[1mminimal executor[0m[2m:[0m[1msplicing[0m[1m{[0m[3midx[0m[2m=[0m0[1m}[0m[2m:[0m[1mget splices to serialize[0m[2m:[0m[1msend splice[0m[2m:[0m [2msp1_prover::worker::client::local[0m[2m:[0m submitting task of kind MarkerDeferredRecord
[2m2026-09-15T20:30:45.625720Z[0m [34mDEBUG[0m [1mController[0m[1m{[0m[3mproof_id[0m[2m=[0mproof_01m2kb91v9egga9yypcwvj99mg [3mtask_id[0m[2m=[0mlocal_worker_01m2kb91vje0h9884c5b5mxpp4[1m}[0m[2m:[0m[1mreduce[0m[2m:[0m [2msp1_prover::worker::client::local[0m[2m:[0m submitting task of kind RecursionReduce
[2m2026-09-15T20:30:45.631999Z[0m [34mDEBUG[0m [1mCoreExecute[0m[1m{[0m[3mproof_id[0m[2m=[0mproof_01m2kb91v9egga9yypcwvj99mg [3mtask_id[0m[2m=[0mlocal_worker_01m2kb9chkez19hnxxwd2t5t4q[1m}[0m[2m:[0m[1mminimal executor[0m[2m:[0m[1msplicing[0m[1m{[0m[3midx[0m[2m=[0m0[1m}[0m[2m:[0m[1mget splices to serialize[0m[2m:[0m[1msend splice[0m[2m:[0m [2msp1_prover::worker::client::local[0m[2m:[0m submitting task of kind ProveShard
[2m2026-09-15T20:30:45.640882Z[0m [34mDEBUG[0m [1mCoreExecute[0m[1m{[0m[3mproof_id[0m[2m=[0mproof_01m2kb91v9egga9yypcwvj99mg [3mtask_id[0m[2m=[0mlocal_worker_01m2kb9chkez19hnxxwd2t5t4q[1m}[0m[2m:[0m[1mminimal executor[0m[2m:[0m[1msplicing[0m[1m{[0m[3midx[0m[2m=[0m0[1m}[0m[2m:[0m[1msplicing trace chunk[0m[2m:[0m [2msp1_prover::worker::controller::splicing[0m[2m:[0m shard boundary [3mglobal_clk[0m[2m=[0m7091971 [3mpc[0m[2m=[0m2015343396 [3mnum_mem_reads_left[0m[2m=[0m6688680 [3mclk[0m[2m=[0m56756249
[2m2026-09-15T20:30:45.640922Z[0m [34mDEBUG[0m [1mCoreExecute[0m[1m{[0m[3mproof_id[0m[2m=[0mproof_01m2kb91v9egga9yypcwvj99mg [3mtask_id[0m[2m=[0mlocal_worker_01m2kb9chkez19hnxxwd2t5t4q[1m}[0m[2m:[0m[1mminimal executor[0m[2m:[0m[1msplicing[0m[1m{[0m[3midx[0m[2m=[0m0[1m}[0m[2m:[0m[1msplicing trace chunk[0m[2m:[0m [2msp1_prover::worker::controller::splicing[0m[2m:[0m sending spliced trace to splicing tx [3mglobal_clk[0m[2m=[0m7091971
[2m2026-09-15T20:30:45.678778Z[0m [34mDEBUG[0m [1mProveShard[0m[1m{[0m[3mproof_id[0m[2m=[0mproof_01m2kb91v9egga9yypcwvj99mg [3mtask_id[0m[2m=[0mlocal_worker_01m2kbmrmhfvsbstvfhja20bq1[1m}[0m[2m:[0m[1minto_record[0m[2m:[0m [2msp1_prover::worker::prover::core[0m[2m:[0m tracing chunk at clk range: 23333473..26247009
[2m2026-09-15T20:30:45.708643Z[0m [34mDEBUG[0m [1mCoreExecute[0m[1m{[0m[3mproof_id[0m[2m=[0mproof_01m2kb91v9egga9yypcwvj99mg [3mtask_id[0m[2m=[0mlocal_worker_01m2kb9chkez19hnxxwd2t5t4q[1m}[0m[2m:[0m[1memit precompile shards[0m[2m:[0m[1mdeferred sender[0m[2m:[0m [2msp1_prover::worker::controller::precompiles[0m[2m:[0m received deferred marker task status: Succeeded [3mtask_id[0m[2m=[0m"local_worker_01m2kbmrmbf39aq1gpd1wtp5dj"
[2m2026-09-15T20:32:12.155139Z[0m [34mDEBUG[0m [1mRecursionReduce[0m[1m{[0m[3mproof_id[0m[2m=[0mproof_01m2kb91v9egga9yypcwvj99mg [3mtask_id[0m[2m=[0mlocal_worker_01m2kc7kvsf79bwsyembhv39d2[1m}[0m[2m:[0m [2msp1_prover::worker::node::full::init[0m[2m:[0m task succeeded
[2m2026-09-15T20:32:12.155264Z[0m [34mDEBUG[0m [1mController[0m[1m{[0m[3mproof_id[0m[2m=[0mproof_01m2kb91v9egga9yypcwvj99mg [3mtask_id[0m[2m=[0mlocal_worker_01m2kb91vje0h9884c5b5mxpp4[1m}[0m[2m:[0m[1mreduce[0m[2m:[0m [2msp1_prover::worker::controller::compress[0m[2m:[0m Checking if complete: Pending tasks: 1, map is empty: true, full range is some: false, is_range_equal: false
[2m2026-09-15T20:32:12.155284Z[0m [34mDEBUG[0m [1mController[0m[1m{[0m[3mproof_id[0m[2m=[0mproof_01m2kb91v9egga9yypcwvj99mg [3mtask_id[0m[2m=[0mlocal_worker_01m2kb91vje0h9884c5b5mxpp4[1m}[0m[2m:[0m[1mreduce[0m[2m:[0m [2msp1_prover::worker::controller::compress[0m[2m:[0m No neighboring range found, adding proof to tree
[2m2026-09-15T20:33:45.531712Z[0m [34mDEBUG[0m [1mProveShard[0m[1m{[0m[3mproof_id[0m[2m=[0mproof_01m2kb91v9egga9yypcwvj99mg [3mtask_id[0m[2m=[0mlocal_worker_01m2kbmrmhfvsbstvfhja20bq1[1m}[0m[2m:[0m [2msp1_prover::worker::node::full::init[0m[2m:[0m task succeeded
[2m2026-09-15T20:33:45.532422Z[0m [34mDEBUG[0m [1mCoreExecute[0m[1m{[0m[3mproof_id[0m[2m=[0mproof_01m2kb91v9egga9yypcwvj99mg [3mtask_id[0m[2m=[0mlocal_worker_01m2kb9chkez19hnxxwd2t5t4q[1m}[0m[2m:[0m[1memit precompile shards[0m[2m:[0m[1mdeferred listener[0m[2m:[0m [2msp1_prover::worker::controller::precompiles[0m[2m:[0m received deferred message with task id TaskId("local_worker_01m2kc3t1ne6hvj13azk1vmn35")
[2m2026-09-15T20:33:45.533395Z[0m [34mDEBUG[0m [1mCoreExecute[0m[1m{[0m[3mproof_id[0m[2m=[0mproof_01m2kb91v9egga9yypcwvj99mg [3mtask_id[0m[2m=[0mlocal_worker_01m2kb9chkez19hnxxwd2t5t4q[1m}[0m[2m:[0m[1mminimal executor[0m[2m:[0m[1msplicing[0m[1m{[0m[3midx[0m[2m=[0m0[1m}[0m[2m:[0m[1mget splices to serialize[0m[2m:[0m[1msend splice[0m[2m:[0m [2msp1_prover::worker::client::local[0m[2m:[0m submitting task of kind MarkerDeferredRecord
[2m2026-09-15T20:33:45.534779Z[0m [34mDEBUG[0m [1mCoreExecute[0m[1m{[0m[3mproof_id[0m[2m=[0mproof_01m2kb91v9egga9yypcwvj99mg [3mtask_id[0m[2m=[0mlocal_worker_01m2kb9chkez19hnxxwd2t5t4q[1m}[0m[2m:[0m[1mminimal executor[0m[2m:[0m[1msplicing[0m[1m{[0m[3midx[0m[2m=[0m0[1m}[0m[2m:[0m[1msplicing trace chunk[0m[2m:[0m [2msp1_prover::worker::controller::splicing[0m[2m:[0m spliced trace sent to splicing tx [3mglobal_clk[0m[2m=[0m7091971
[2m2026-09-15T20:33:45.534799Z[0m [34mDEBUG[0m [1mCoreExecute[0m[1m{[0m[3mproof_id[0m[2m=[0mproof_01m2kb91v9egga9yypcwvj99mg [3mtask_id[0m[2m=[0mlocal_worker_01m2kb9chkez19hnxxwd2t5t4q[1m}[0m[2m:[0m[1mminimal executor[0m[2m:[0m[1msplicing[0m[1m{[0m[3midx[0m[2m=[0m0[1m}[0m[2m:[0m[1msplicing trace chunk[0m[2m:[0m [2msp1_prover::worker::controller::splicing[0m[2m:[0m starting new shard at clk: 56756249 at pc: 2015343396
[2m2026-09-15T20:33:45.536916Z[0m [34mDEBUG[0m [1mCoreExecute[0m[1m{[0m[3mproof_id[0m[2m=[0mproof_01m2kb91v9egga9yypcwvj99mg [3mtask_id[0m[2m=[0mlocal_worker_01m2kb9chkez19hnxxwd2t5t4q[1m}[0m[2m:[0m[1mminimal executor[0m[2m:[0m[1msplicing[0m[1m{[0m[3midx[0m[2m=[0m0[1m}[0m[2m:[0m[1mget splices to serialize[0m[2m:[0m[1msend splice[0m[2m:[0m [2msp1_prover::worker::client::local[0m[2m:[0m submitting task of kind ProveShard
[2m2026-09-15T20:33:45.549402Z[0m [34mDEBUG[0m [1mCoreExecute[0m[1m{[0m[3mproof_id[0m[2m=[0mproof_01m2kb91v9egga9yypcwvj99mg [3mtask_id[0m[2m=[0mlocal_worker_01m2kb9chkez19hnxxwd2t5t4q[1m}[0m[2m:[0m[1mminimal executor[0m[2m:[0m[1msplicing[0m[1m{[0m[3midx[0m[2m=[0m0[1m}[0m[2m:[0m[1msplicing trace chunk[0m[2m:[0m [2msp1_prover::worker::controller::splicing[0m[2m:[0m shard boundary [3mglobal_clk[0m[2m=[0m7457531 [3mpc[0m[2m=[0m2014746952 [3mnum_mem_reads_left[0m[2m=[0m6521882 [3mclk[0m[2m=[0m59720153
[2m2026-09-15T20:33:45.549431Z[0m [34mDEBUG[0m [1mCoreExecute[0m[1m{[0m[3mproof_id[0m[2m=[0mproof_01m2kb91v9egga9yypcwvj99mg [3mtask_id[0m[2m=[0mlocal_worker_01m2kb9chkez19hnxxwd2t5t4q[1m}[0m[2m:[0m[1mminimal executor[0m[2m:[0m[1msplicing[0m[1m{[0m[3midx[0m[2m=[0m0[1m}[0m[2m:[0m[1msplicing trace chunk[0m[2m:[0m [2msp1_prover::worker::controller::splicing[0m[2m:[0m sending spliced trace to splicing tx [3mglobal_clk[0m[2m=[0m7457531
[2m2026-09-15T20:33:45.584313Z[0m [34mDEBUG[0m [1mProveShard[0m[1m{[0m[3mproof_id[0m[2m=[0mproof_01m2kb91v9egga9yypcwvj99mg [3mtask_id[0m[2m=[0mlocal_worker_01m2kbrgmde31vg92e4qtrqwep[1m}[0m[2m:[0m[1minto_record[0m[2m:[0m [2msp1_prover::worker::prover::core[0m[2m:[0m tracing chunk at clk range: 26247009..29158849
[2m2026-09-15T20:33:45.609418Z[0m [34mDEBUG[0m [1mCoreExecute[0m[1m{[0m[3mproof_id[0m[2m=[0mproof_01m2kb91v9egga9yypcwvj99mg [3mtask_id[0m[2m=[0mlocal_worker_01m2kb9chkez19hnxxwd2t5t4q[1m}[0m[2m:[0m[1memit precompile shards[0m[2m:[0m[1mdeferred sender[0m[2m:[0m [2msp1_prover::worker::controller::precompiles[0m[2m:[0m received deferred marker task status: Succeeded [3mtask_id[0m[2m=[0m"local_worker_01m2kbrgm8es9ag8kt5maveh1w"
[2m2026-09-15T20:35:48.836935Z[0m [34mDEBUG[0m [1mProveShard[0m[1m{[0m[3mproof_id[0m[2m=[0mproof_01m2kb91v9egga9yypcwvj99mg [3mtask_id[0m[2m=[0mlocal_worker_01m2kbrgmde31vg92e4qtrqwep[1m}[0m[2m:[0m [2msp1_prover::worker::node::full::init[0m[2m:[0m task succeeded
[2m2026-09-15T20:35:48.837694Z[0m [34mDEBUG[0m [1mCoreExecute[0m[1m{[0m[3mproof_id[0m[2m=[0mproof_01m2kb91v9egga9yypcwvj99mg [3mtask_id[0m[2m=[0mlocal_worker_01m2kb9chkez19hnxxwd2t5t4q[1m}[0m[2m:[0m[1memit precompile shards[0m[2m:[0m[1mdeferred listener[0m[2m:[0m [2msp1_prover::worker::controller::precompiles[0m[2m:[0m received deferred message with task id TaskId("local_worker_01m2kc7kvrf4rskx3rcwczsyq1")
[2m2026-09-15T20:35:48.838644Z[0m [34mDEBUG[0m [1mCoreExecute[0m[1m{[0m[3mproof_id[0m[2m=[0mproof_01m2kb91v9egga9yypcwvj99mg [3mtask_id[0m[2m=[0mlocal_worker_01m2kb9chkez19hnxxwd2t5t4q[1m}[0m[2m:[0m[1mminimal executor[0m[2m:[0m[1msplicing[0m[1m{[0m[3midx[0m[2m=[0m0[1m}[0m[2m:[0m[1mget splices to serialize[0m[2m:[0m[1msend splice[0m[2m:[0m [2msp1_prover::worker::client::local[0m[2m:[0m submitting task of kind MarkerDeferredRecord
[2m2026-09-15T20:35:48.839782Z[0m [34mDEBUG[0m [1mCoreExecute[0m[1m{[0m[3mproof_id[0m[2m=[0mproof_01m2kb91v9egga9yypcwvj99mg [3mtask_id[0m[2m=[0mlocal_worker_01m2kb9chkez19hnxxwd2t5t4q[1m}[0m[2m:[0m[1mminimal executor[0m[2m:[0m[1msplicing[0m[1m{[0m[3midx[0m[2m=[0m0[1m}[0m[2m:[0m[1msplicing trace chunk[0m[2m:[0m [2msp1_prover::worker::controller::splicing[0m[2m:[0m spliced trace sent to splicing tx [3mglobal_clk[0m[2m=[0m7457531
[2m2026-09-15T20:35:48.840459Z[0m [34mDEBUG[0m [1mCoreExecute[0m[1m{[0m[3mproof_id[0m[2m=[0mproof_01m2kb91v9egga9yypcwvj99mg [3mtask_id[0m[2m=[0mlocal_worker_01m2kb9chkez19hnxxwd2t5t4q[1m}[0m[2m:[0m[1mminimal executor[0m[2m:[0m[1msplicing[0m[1m{[0m[3midx[0m[2m=[0m0[1m}[0m[2m:[0m[1msplicing trace chunk[0m[2m:[0m [2msp1_prover::worker::controller::splicing[0m[2m:[0m starting new shard at clk: 59720153 at pc: 2014746952
[2m2026-09-15T20:35:48.842501Z[0m [34mDEBUG[0m [1mCoreExecute[0m[1m{[0m[3mproof_id[0m[2m=[0mproof_01m2kb91v9egga9yypcwvj99mg [3mtask_id[0m[2m=[0mlocal_worker_01m2kb9chkez19hnxxwd2t5t4q[1m}[0m[2m:[0m[1mminimal executor[0m[2m:[0m[1msplicing[0m[1m{[0m[3midx[0m[2m=[0m0[1m}[0m[2m:[0m[1mget splices to serialize[0m[2m:[0m[1msend splice[0m[2m:[0m [2msp1_prover::worker::client::local[0m[2m:[0m submitting task of kind ProveShard
[2m2026-09-15T20:35:48.882660Z[0m [34mDEBUG[0m [1mCoreExecute[0m[1m{[0m[3mproof_id[0m[2m=[0mproof_01m2kb91v9egga9yypcwvj99mg [3mtask_id[0m[2m=[0mlocal_worker_01m2kb9chkez19hnxxwd2t5t4q[1m}[0m[2m:[0m[1mminimal executor[0m[2m:[0m[1msplicing[0m[1m{[0m[3midx[0m[2m=[0m0[1m}[0m[2m:[0m[1msplicing trace chunk[0m[2m:[0m [2msp1_prover::worker::controller::splicing[0m[2m:[0m shard boundary [3mglobal_clk[0m[2m=[0m7822766 [3mpc[0m[2m=[0m2014733908 [3mnum_mem_reads_left[0m[2m=[0m6355498 [3mclk[0m[2m=[0m62681457
[2m2026-09-15T20:35:48.882715Z[0m [34mDEBUG[0m [1mCoreExecute[0m[1m{[0m[3mproof_id[0m[2m=[0mproof_01m2kb91v9egga9yypcwvj99mg [3mtask_id[0m[2m=[0mlocal_worker_01m2kb9chkez19hnxxwd2t5t4q[1m}[0m[2m:[0m[1mminimal executor[0m[2m:[0m[1msplicing[0m[1m{[0m[3midx[0m[2m=[0m0[1m}[0m[2m:[0m[1msplicing trace chunk[0m[2m:[0m [2msp1_prover::worker::controller::splicing[0m[2m:[0m sending spliced trace to splicing tx [3mglobal_clk[0m[2m=[0m7822766
[2m2026-09-15T20:35:48.886887Z[0m [34mDEBUG[0m [1mProveShard[0m[1m{[0m[3mproof_id[0m[2m=[0mproof_01m2kb91v9egga9yypcwvj99mg [3mtask_id[0m[2m=[0mlocal_worker_01m2kbw951ez9v0an8gm24zvrs[1m}[0m[2m:[0m[1minto_record[0m[2m:[0m [2msp1_prover::worker::prover::core[0m[2m:[0m tracing chunk at clk range: 29158849..32069657
[2m2026-09-15T20:35:48.912139Z[0m [34mDEBUG[0m [1mCoreExecute[0m[1m{[0m[3mproof_id[0m[2m=[0mproof_01m2kb91v9egga9yypcwvj99mg [3mtask_id[0m[2m=[0mlocal_worker_01m2kb9chkez19hnxxwd2t5t4q[1m}[0m[2m:[0m[1memit precompile shards[0m[2m:[0m[1mdeferred sender[0m[2m:[0m [2msp1_prover::worker::controller::precompiles[0m[2m:[0m received deferred marker task status: Succeeded [3mtask_id[0m[2m=[0m"local_worker_01m2kbw94xfqstej9r4gkm4dsr"
[2m2026-09-15T20:37:51.621371Z[0m [34mDEBUG[0m [1mProveShard[0m[1m{[0m[3mproof_id[0m[2m=[0mproof_01m2kb91v9egga9yypcwvj99mg [3mtask_id[0m[2m=[0mlocal_worker_01m2kbw951ez9v0an8gm24zvrs[1m}[0m[2m:[0m [2msp1_prover::worker::node::full::init[0m[2m:[0m task succeeded
[2m2026-09-15T20:37:51.622153Z[0m [34mDEBUG[0m [1mController[0m[1m{[0m[3mproof_id[0m[2m=[0mproof_01m2kb91v9egga9yypcwvj99mg [3mtask_id[0m[2m=[0mlocal_worker_01m2kb91vje0h9884c5b5mxpp4[1m}[0m[2m:[0m[1mreduce[0m[2m:[0m [2msp1_prover::worker::controller::compress[0m[2m:[0m Checking if complete: Pending tasks: 1, map is empty: false, full range is some: false, is_range_equal: false
[2m2026-09-15T20:37:51.622176Z[0m [34mDEBUG[0m [1mController[0m[1m{[0m[3mproof_id[0m[2m=[0mproof_01m2kb91v9egga9yypcwvj99mg [3mtask_id[0m[2m=[0mlocal_worker_01m2kb91vje0h9884c5b5mxpp4[1m}[0m[2m:[0m[1mreduce[0m[2m:[0m [2msp1_prover::worker::controller::compress[0m[2m:[0m Found sibling
[2m2026-09-15T20:37:51.622182Z[0m [34mDEBUG[0m [1mController[0m[1m{[0m[3mproof_id[0m[2m=[0mproof_01m2kb91v9egga9yypcwvj99mg [3mtask_id[0m[2m=[0mlocal_worker_01m2kb91vje0h9884c5b5mxpp4[1m}[0m[2m:[0m[1mreduce[0m[2m:[0m [2msp1_prover::worker::controller::compress[0m[2m:[0m Checking if complete: Pending tasks: 1, map is empty: true, full range is some: false, is_range_equal: false
[2m2026-09-15T20:37:51.622216Z[0m [34mDEBUG[0m [1mCoreExecute[0m[1m{[0m[3mproof_id[0m[2m=[0mproof_01m2kb91v9egga9yypcwvj99mg [3mtask_id[0m[2m=[0mlocal_worker_01m2kb9chkez19hnxxwd2t5t4q[1m}[0m[2m:[0m[1memit precompile shards[0m[2m:[0m[1mdeferred listener[0m[2m:[0m [2msp1_prover::worker::controller::precompiles[0m[2m:[0m received deferred message with task id TaskId("local_worker_01m2kcd3hxfx0bnng3kcckg9td")
[2m2026-09-15T20:37:51.622311Z[0m [34mDEBUG[0m [1mController[0m[1m{[0m[3mproof_id[0m[2m=[0mproof_01m2kb91v9egga9yypcwvj99mg [3mtask_id[0m[2m=[0mlocal_worker_01m2kb91vje0h9884c5b5mxpp4[1m}[0m[2m:[0m[1mreduce[0m[2m:[0m [2msp1_prover::worker::controller::compress[0m[2m:[0m Checking if complete: Pending tasks: 1, map is empty: false, full range is some: false, is_range_equal: false
[2m2026-09-15T20:37:51.622321Z[0m [34mDEBUG[0m [1mController[0m[1m{[0m[3mproof_id[0m[2m=[0mproof_01m2kb91v9egga9yypcwvj99mg [3mtask_id[0m[2m=[0mlocal_worker_01m2kb91vje0h9884c5b5mxpp4[1m}[0m[2m:[0m[1mreduce[0m[2m:[0m [2msp1_prover::worker::controller::compress[0m[2m:[0m Found sibling
[2m2026-09-15T20:37:51.622326Z[0m [34mDEBUG[0m [1mController[0m[1m{[0m[3mproof_id[0m[2m=[0mproof_01m2kb91v9egga9yypcwvj99mg [3mtask_id[0m[2m=[0mlocal_worker_01m2kb91vje0h9884c5b5mxpp4[1m}[0m[2m:[0m[1mreduce[0m[2m:[0m [2msp1_prover::worker::controller::compress[0m[2m:[0m Checking if complete: Pending tasks: 1, map is empty: true, full range is some: false, is_range_equal: false
[2m2026-09-15T20:37:51.622449Z[0m [34mDEBUG[0m [1mCoreExecute[0m[1m{[0m[3mproof_id[0m[2m=[0mproof_01m2kb91v9egga9yypcwvj99mg [3mtask_id[0m[2m=[0mlocal_worker_01m2kb9chkez19hnxxwd2t5t4q[1m}[0m[2m:[0m[1mminimal executor[0m[2m:[0m[1msplicing[0m[1m{[0m[3midx[0m[2m=[0m0[1m}[0m[2m:[0m[1msplicing trace chunk[0m[2m:[0m [2msp1_prover::worker::controller::splicing[0m[2m:[0m spliced trace sent to splicing tx [3mglobal_clk[0m[2m=[0m7822766
[2m2026-09-15T20:37:51.622465Z[0m [34mDEBUG[0m [1mCoreExecute[0m[1m{[0m[3mproof_id[0m[2m=[0mproof_01m2kb91v9egga9yypcwvj99mg [3mtask_id[0m[2m=[0mlocal_worker_01m2kb9chkez19hnxxwd2t5t4q[1m}[0m[2m:[0m[1mminimal executor[0m[2m:[0m[1msplicing[0m[1m{[0m[3midx[0m[2m=[0m0[1m}[0m[2m:[0m[1msplicing trace chunk[0m[2m:[0m [2msp1_prover::worker::controller::splicing[0m[2m:[0m starting new shard at clk: 62681457 at pc: 2014733908
[2m2026-09-15T20:37:51.624595Z[0m [34mDEBUG[0m [1mCoreExecute[0m[1m{[0m[3mproof_id[0m[2m=[0mproof_01m2kb91v9egga9yypcwvj99mg [3mtask_id[0m[2m=[0mlocal_worker_01m2kb9chkez19hnxxwd2t5t4q[1m}[0m[2m:[0m[1mminimal executor[0m[2m:[0m[1msplicing[0m[1m{[0m[3midx[0m[2m=[0m0[1m}[0m[2m:[0m[1mget splices to serialize[0m[2m:[0m[1msend splice[0m[2m:[0m [2msp1_prover::worker::client::local[0m[2m:[0m submitting task of kind MarkerDeferredRecord
[2m2026-09-15T20:37:51.628368Z[0m [34mDEBUG[0m [1mCoreExecute[0m[1m{[0m[3mproof_id[0m[2m=[0mproof_01m2kb91v9egga9yypcwvj99mg [3mtask_id[0m[2m=[0mlocal_worker_01m2kb9chkez19hnxxwd2t5t4q[1m}[0m[2m:[0m[1mminimal executor[0m[2m:[0m[1msplicing[0m[1m{[0m[3midx[0m[2m=[0m0[1m}[0m[2m:[0m[1mget splices to serialize[0m[2m:[0m[1msend splice[0m[2m:[0m [2msp1_prover::worker::client::local[0m[2m:[0m submitting task of kind ProveShard
[2m2026-09-15T20:37:51.668615Z[0m [34mDEBUG[0m [1mCoreExecute[0m[1m{[0m[3mproof_id[0m[2m=[0mproof_01m2kb91v9egga9yypcwvj99mg [3mtask_id[0m[2m=[0mlocal_worker_01m2kb9chkez19hnxxwd2t5t4q[1m}[0m[2m:[0m[1mminimal executor[0m[2m:[0m[1msplicing[0m[1m{[0m[3midx[0m[2m=[0m0[1m}[0m[2m:[0m[1msplicing trace chunk[0m[2m:[0m [2msp1_prover::worker::controller::splicing[0m[2m:[0m shard boundary [3mglobal_clk[0m[2m=[0m8185011 [3mpc[0m[2m=[0m2015342780 [3mnum_mem_reads_left[0m[2m=[0m6190041 [3mclk[0m[2m=[0m65617817
[2m2026-09-15T20:37:51.668664Z[0m [34mDEBUG[0m [1mCoreExecute[0m[1m{[0m[3mproof_id[0m[2m=[0mproof_01m2kb91v9egga9yypcwvj99mg [3mtask_id[0m[2m=[0mlocal_worker_01m2kb9chkez19hnxxwd2t5t4q[1m}[0m[2m:[0m[1mminimal executor[0m[2m:[0m[1msplicing[0m[1m{[0m[3midx[0m[2m=[0m0[1m}[0m[2m:[0m[1msplicing trace chunk[0m[2m:[0m [2msp1_prover::worker::controller::splicing[0m[2m:[0m sending spliced trace to splicing tx [3mglobal_clk[0m[2m=[0m8185011
[2m2026-09-15T20:37:51.670252Z[0m [34mDEBUG[0m [1mProveShard[0m[1m{[0m[3mproof_id[0m[2m=[0mproof_01m2kb91v9egga9yypcwvj99mg [3mtask_id[0m[2m=[0mlocal_worker_01m2kc01gfe80b70jm90z2se1p[1m}[0m[2m:[0m[1minto_record[0m[2m:[0m [2msp1_prover::worker::prover::core[0m[2m:[0m tracing chunk at clk range: 32069657..34981641
[2m2026-09-15T20:37:51.695094Z[0m [34mDEBUG[0m [1mCoreExecute[0m[1m{[0m[3mproof_id[0m[2m=[0mproof_01m2kb91v9egga9yypcwvj99mg [3mtask_id[0m[2m=[0mlocal_worker_01m2kb9chkez19hnxxwd2t5t4q[1m}[0m[2m:[0m[1memit precompile shards[0m[2m:[0m[1mdeferred sender[0m[2m:[0m [2msp1_prover::worker::controller::precompiles[0m[2m:[0m received deferred marker task status: Succeeded [3mtask_id[0m[2m=[0m"local_worker_01m2kc01gceq9aa0z5htkwyv17"
[2m2026-09-15T20:39:55.222826Z[0m [34mDEBUG[0m [1mProveShard[0m[1m{[0m[3mproof_id[0m[2m=[0mproof_01m2kb91v9egga9yypcwvj99mg [3mtask_id[0m[2m=[0mlocal_worker_01m2kc01gfe80b70jm90z2se1p[1m}[0m[2m:[0m [2msp1_prover::worker::node::full::init[0m[2m:[0m task succeeded
[2m2026-09-15T20:39:55.223546Z[0m [34mDEBUG[0m [1mCoreExecute[0m[1m{[0m[3mproof_id[0m[2m=[0mproof_01m2kb91v9egga9yypcwvj99mg [3mtask_id[0m[2m=[0mlocal_worker_01m2kb9chkez19hnxxwd2t5t4q[1m}[0m[2m:[0m[1memit precompile shards[0m[2m:[0m[1mdeferred listener[0m[2m:[0m [2msp1_prover::worker::controller::precompiles[0m[2m:[0m received deferred message with task id TaskId("local_worker_01m2kcgvz6fbh8sff75bxm6dt4")
[2m2026-09-15T20:39:55.224622Z[0m [34mDEBUG[0m [1mCoreExecute[0m[1m{[0m[3mproof_id[0m[2m=[0mproof_01m2kb91v9egga9yypcwvj99mg [3mtask_id[0m[2m=[0mlocal_worker_01m2kb9chkez19hnxxwd2t5t4q[1m}[0m[2m:[0m[1mminimal executor[0m[2m:[0m[1msplicing[0m[1m{[0m[3midx[0m[2m=[0m0[1m}[0m[2m:[0m[1mget splices to serialize[0m[2m:[0m[1msend splice[0m[2m:[0m [2msp1_prover::worker::client::local[0m[2m:[0m submitting task of kind MarkerDeferredRecord
[2m2026-09-15T20:39:55.225672Z[0m [34mDEBUG[0m [1mCoreExecute[0m[1m{[0m[3mproof_id[0m[2m=[0mproof_01m2kb91v9egga9yypcwvj99mg [3mtask_id[0m[2m=[0mlocal_worker_01m2kb9chkez19hnxxwd2t5t4q[1m}[0m[2m:[0m[1mminimal executor[0m[2m:[0m[1msplicing[0m[1m{[0m[3midx[0m[2m=[0m0[1m}[0m[2m:[0m[1msplicing trace chunk[0m[2m:[0m [2msp1_prover::worker::controller::splicing[0m[2m:[0m spliced trace sent to splicing tx [3mglobal_clk[0m[2m=[0m8185011
[2m2026-09-15T20:39:55.226353Z[0m [34mDEBUG[0m [1mCoreExecute[0m[1m{[0m[3mproof_id[0m[2m=[0mproof_01m2kb91v9egga9yypcwvj99mg [3mtask_id[0m[2m=[0mlocal_worker_01m2kb9chkez19hnxxwd2t5t4q[1m}[0m[2m:[0m[1mminimal executor[0m[2m:[0m[1msplicing[0m[1m{[0m[3midx[0m[2m=[0m0[1m}[0m[2m:[0m[1msplicing trace chunk[0m[2m:[0m [2msp1_prover::worker::controller::splicing[0m[2m:[0m starting new shard at clk: 65617817 at pc: 2015342780
[2m2026-09-15T20:39:55.228059Z[0m [34mDEBUG[0m [1mCoreExecute[0m[1m{[0m[3mproof_id[0m[2m=[0mproof_01m2kb91v9egga9yypcwvj99mg [3mtask_id[0m[2m=[0mlocal_worker_01m2kb9chkez19hnxxwd2t5t4q[1m}[0m[2m:[0m[1mminimal executor[0m[2m:[0m[1msplicing[0m[1m{[0m[3midx[0m[2m=[0m0[1m}[0m[2m:[0m[1mget splices to serialize[0m[2m:[0m[1msend splice[0m[2m:[0m [2msp1_prover::worker::client::local[0m[2m:[0m submitting task of kind ProveShard
[2m2026-09-15T20:39:55.267895Z[0m [34mDEBUG[0m [1mCoreExecute[0m[1m{[0m[3mproof_id[0m[2m=[0mproof_01m2kb91v9egga9yypcwvj99mg [3mtask_id[0m[2m=[0mlocal_worker_01m2kb9chkez19hnxxwd2t5t4q[1m}[0m[2m:[0m[1mminimal executor[0m[2m:[0m[1msplicing[0m[1m{[0m[3midx[0m[2m=[0m0[1m}[0m[2m:[0m[1msplicing trace chunk[0m[2m:[0m [2msp1_prover::worker::controller::splicing[0m[2m:[0m shard boundary [3mglobal_clk[0m[2m=[0m8551175 [3mpc[0m[2m=[0m2014733912 [3mnum_mem_reads_left[0m[2m=[0m6024179 [3mclk[0m[2m=[0m68586809
[2m2026-09-15T20:39:55.267931Z[0m [34mDEBUG[0m [1mCoreExecute[0m[1m{[0m[3mproof_id[0m[2m=[0mproof_01m2kb91v9egga9yypcwvj99mg [3mtask_id[0m[2m=[0mlocal_worker_01m2kb9chkez19hnxxwd2t5t4q[1m}[0m[2m:[0m[1mminimal executor[0m[2m:[0m[1msplicing[0m[1m{[0m[3midx[0m[2m=[0m0[1m}[0m[2m:[0m[1msplicing trace chunk[0m[2m:[0m [2msp1_prover::worker::controller::splicing[0m[2m:[0m sending spliced trace to splicing tx [3mglobal_clk[0m[2m=[0m8551175
[2m2026-09-15T20:39:55.276067Z[0m [34mDEBUG[0m [1mProveShard[0m[1m{[0m[3mproof_id[0m[2m=[0mproof_01m2kb91v9egga9yypcwvj99mg [3mtask_id[0m[2m=[0mlocal_worker_01m2kc3t1sf5rr4sr00mwz8kmq[1m}[0m[2m:[0m[1minto_record[0m[2m:[0m [2msp1_prover::worker::prover::core[0m[2m:[0m tracing chunk at clk range: 34981641..37878217
[2m2026-09-15T20:39:55.301171Z[0m [34mDEBUG[0m [1mCoreExecute[0m[1m{[0m[3mproof_id[0m[2m=[0mproof_01m2kb91v9egga9yypcwvj99mg [3mtask_id[0m[2m=[0mlocal_worker_01m2kb9chkez19hnxxwd2t5t4q[1m}[0m[2m:[0m[1memit precompile shards[0m[2m:[0m[1mdeferred sender[0m[2m:[0m [2msp1_prover::worker::controller::precompiles[0m[2m:[0m received deferred marker task status: Succeeded [3mtask_id[0m[2m=[0m"local_worker_01m2kc3t1ne6hvj13azk1vmn35"
[2m2026-09-15T20:41:58.644672Z[0m [34mDEBUG[0m [1mProveShard[0m[1m{[0m[3mproof_id[0m[2m=[0mproof_01m2kb91v9egga9yypcwvj99mg [3mtask_id[0m[2m=[0mlocal_worker_01m2kc3t1sf5rr4sr00mwz8kmq[1m}[0m[2m:[0m [2msp1_prover::worker::node::full::init[0m[2m:[0m task succeeded
[2m2026-09-15T20:41:58.645409Z[0m [34mDEBUG[0m [1mController[0m[1m{[0m[3mproof_id[0m[2m=[0mproof_01m2kb91v9egga9yypcwvj99mg [3mtask_id[0m[2m=[0mlocal_worker_01m2kb91vje0h9884c5b5mxpp4[1m}[0m[2m:[0m[1mreduce[0m[2m:[0m [2msp1_prover::worker::controller::compress[0m[2m:[0m Checking if complete: Pending tasks: 1, map is empty: false, full range is some: false, is_range_equal: false
[2m2026-09-15T20:41:58.645431Z[0m [34mDEBUG[0m [1mController[0m[1m{[0m[3mproof_id[0m[2m=[0mproof_01m2kb91v9egga9yypcwvj99mg [3mtask_id[0m[2m=[0mlocal_worker_01m2kb91vje0h9884c5b5mxpp4[1m}[0m[2m:[0m[1mreduce[0m[2m:[0m [2msp1_prover::worker::controller::compress[0m[2m:[0m Found sibling
[2m2026-09-15T20:41:58.645436Z[0m [34mDEBUG[0m [1mController[0m[1m{[0m[3mproof_id[0m[2m=[0mproof_01m2kb91v9egga9yypcwvj99mg [3mtask_id[0m[2m=[0mlocal_worker_01m2kb91vje0h9884c5b5mxpp4[1m}[0m[2m:[0m[1mreduce[0m[2m:[0m [2msp1_prover::worker::controller::compress[0m[2m:[0m Checking if complete: Pending tasks: 1, map is empty: true, full range is some: false, is_range_equal: false
[2m2026-09-15T20:41:58.645433Z[0m [34mDEBUG[0m [1mCoreExecute[0m[1m{[0m[3mproof_id[0m[2m=[0mproof_01m2kb91v9egga9yypcwvj99mg [3mtask_id[0m[2m=[0mlocal_worker_01m2kb9chkez19hnxxwd2t5t4q[1m}[0m[2m:[0m[1memit precompile shards[0m[2m:[0m[1mdeferred listener[0m[2m:[0m [2msp1_prover::worker::controller::precompiles[0m[2m:[0m received deferred message with task id TaskId("local_worker_01m2kcmkw8ej08dh64kantnajs")
[2m2026-09-15T20:41:58.645460Z[0m [34mDEBUG[0m [1mController[0m[1m{[0m[3mproof_id[0m[2m=[0mproof_01m2kb91v9egga9yypcwvj99mg [3mtask_id[0m[2m=[0mlocal_worker_01m2kb91vje0h9884c5b5mxpp4[1m}[0m[2m:[0m[1mreduce[0m[2m:[0m [2msp1_prover::worker::client::local[0m[2m:[0m submitting task of kind RecursionReduce
[2m2026-09-15T20:41:58.645485Z[0m [34mDEBUG[0m [1mController[0m[1m{[0m[3mproof_id[0m[2m=[0mproof_01m2kb91v9egga9yypcwvj99mg [3mtask_id[0m[2m=[0mlocal_worker_01m2kb91vje0h9884c5b5mxpp4[1m}[0m[2m:[0m[1mreduce[0m[2m:[0m [2msp1_prover::worker::controller::compress[0m[2m:[0m Checking if complete: Pending tasks: 2, map is empty: true, full range is some: false, is_range_equal: false
[2m2026-09-15T20:41:58.645490Z[0m [34mDEBUG[0m [1mController[0m[1m{[0m[3mproof_id[0m[2m=[0mproof_01m2kb91v9egga9yypcwvj99mg [3mtask_id[0m[2m=[0mlocal_worker_01m2kb91vje0h9884c5b5mxpp4[1m}[0m[2m:[0m[1mreduce[0m[2m:[0m [2msp1_prover::worker::controller::compress[0m[2m:[0m No neighboring range found, adding proof to tree
[2m2026-09-15T20:41:58.647782Z[0m [34mDEBUG[0m [1mCoreExecute[0m[1m{[0m[3mproof_id[0m[2m=[0mproof_01m2kb91v9egga9yypcwvj99mg [3mtask_id[0m[2m=[0mlocal_worker_01m2kb9chkez19hnxxwd2t5t4q[1m}[0m[2m:[0m[1mminimal executor[0m[2m:[0m[1msplicing[0m[1m{[0m[3midx[0m[2m=[0m0[1m}[0m[2m:[0m[1msplicing trace chunk[0m[2m:[0m [2msp1_prover::worker::controller::splicing[0m[2m:[0m spliced trace sent to splicing tx [3mglobal_clk[0m[2m=[0m8551175
[2m2026-09-15T20:41:58.647801Z[0m [34mDEBUG[0m [1mCoreExecute[0m[1m{[0m[3mproof_id[0m[2m=[0mproof_01m2kb91v9egga9yypcwvj99mg [3mtask_id[0m[2m=[0mlocal_worker_01m2kb9chkez19hnxxwd2t5t4q[1m}[0m[2m:[0m[1mminimal executor[0m[2m:[0m[1msplicing[0m[1m{[0m[3midx[0m[2m=[0m0[1m}[0m[2m:[0m[1msplicing trace chunk[0m[2m:[0m [2msp1_prover::worker::controller::splicing[0m[2m:[0m starting new shard at clk: 68586809 at pc: 2014733912
[2m2026-09-15T20:41:58.649800Z[0m [34mDEBUG[0m [1mCoreExecute[0m[1m{[0m[3mproof_id[0m[2m=[0mproof_01m2kb91v9egga9yypcwvj99mg [3mtask_id[0m[2m=[0mlocal_worker_01m2kb9chkez19hnxxwd2t5t4q[1m}[0m[2m:[0m[1mminimal executor[0m[2m:[0m[1msplicing[0m[1m{[0m[3midx[0m[2m=[0m0[1m}[0m[2m:[0m[1mget splices to serialize[0m[2m:[0m[1msend splice[0m[2m:[0m [2msp1_prover::worker::client::local[0m[2m:[0m submitting task of kind MarkerDeferredRecord
[2m2026-09-15T20:41:58.652551Z[0m [34mDEBUG[0m [1mCoreExecute[0m[1m{[0m[3mproof_id[0m[2m=[0mproof_01m2kb91v9egga9yypcwvj99mg [3mtask_id[0m[2m=[0mlocal_worker_01m2kb9chkez19hnxxwd2t5t4q[1m}[0m[2m:[0m[1mminimal executor[0m[2m:[0m[1msplicing[0m[1m{[0m[3midx[0m[2m=[0m0[1m}[0m[2m:[0m[1mget splices to serialize[0m[2m:[0m[1msend splice[0m[2m:[0m [2msp1_prover::worker::client::local[0m[2m:[0m submitting task of kind ProveShard
[2m2026-09-15T20:41:58.687986Z[0m [34mDEBUG[0m [1mCoreExecute[0m[1m{[0m[3mproof_id[0m[2m=[0mproof_01m2kb91v9egga9yypcwvj99mg [3mtask_id[0m[2m=[0mlocal_worker_01m2kb9chkez19hnxxwd2t5t4q[1m}[0m[2m:[0m[1mminimal executor[0m[2m:[0m[1msplicing[0m[1m{[0m[3midx[0m[2m=[0m0[1m}[0m[2m:[0m[1msplicing trace chunk[0m[2m:[0m [2msp1_prover::worker::controller::splicing[0m[2m:[0m shard boundary [3mglobal_clk[0m[2m=[0m8913069 [3mpc[0m[2m=[0m2015335536 [3mnum_mem_reads_left[0m[2m=[0m5858459 [3mclk[0m[2m=[0m71520105
[2m2026-09-15T20:41:58.688111Z[0m [34mDEBUG[0m [1mCoreExecute[0m[1m{[0m[3mproof_id[0m[2m=[0mproof_01m2kb91v9egga9yypcwvj99mg [3mtask_id[0m[2m=[0mlocal_worker_01m2kb9chkez19hnxxwd2t5t4q[1m}[0m[2m:[0m[1mminimal executor[0m[2m:[0m[1msplicing[0m[1m{[0m[3midx[0m[2m=[0m0[1m}[0m[2m:[0m[1msplicing trace chunk[0m[2m:[0m [2msp1_prover::worker::controller::splicing[0m[2m:[0m sending spliced trace to splicing tx [3mglobal_clk[0m[2m=[0m8913069
[2m2026-09-15T20:41:58.716437Z[0m [34mDEBUG[0m [1mProveShard[0m[1m{[0m[3mproof_id[0m[2m=[0mproof_01m2kb91v9egga9yypcwvj99mg [3mtask_id[0m[2m=[0mlocal_worker_01m2kc7kw0egss8rw7y43ge59p[1m}[0m[2m:[0m[1minto_record[0m[2m:[0m [2msp1_prover::worker::prover::core[0m[2m:[0m tracing chunk at clk range: 37878217..40791593
[2m2026-09-15T20:41:58.781824Z[0m [34mDEBUG[0m [1mCoreExecute[0m[1m{[0m[3mproof_id[0m[2m=[0mproof_01m2kb91v9egga9yypcwvj99mg [3mtask_id[0m[2m=[0mlocal_worker_01m2kb9chkez19hnxxwd2t5t4q[1m}[0m[2m:[0m[1memit precompile shards[0m[2m:[0m[1mdeferred sender[0m[2m:[0m [2msp1_prover::worker::controller::precompiles[0m[2m:[0m received deferred marker task status: Succeeded [3mtask_id[0m[2m=[0m"local_worker_01m2kc7kvrf4rskx3rcwczsyq1"
[2m2026-09-15T20:43:26.270375Z[0m [34mDEBUG[0m [1mRecursionReduce[0m[1m{[0m[3mproof_id[0m[2m=[0mproof_01m2kb91v9egga9yypcwvj99mg [3mtask_id[0m[2m=[0mlocal_worker_01m2kcw53ne7sbhpfpy5s4zrkh[1m}[0m[2m:[0m [2msp1_prover::worker::node::full::init[0m[2m:[0m task succeeded
[2m2026-09-15T20:43:26.270609Z[0m [34mDEBUG[0m [1mController[0m[1m{[0m[3mproof_id[0m[2m=[0mproof_01m2kb91v9egga9yypcwvj99mg [3mtask_id[0m[2m=[0mlocal_worker_01m2kb91vje0h9884c5b5mxpp4[1m}[0m[2m:[0m[1mreduce[0m[2m:[0m [2msp1_prover::worker::controller::compress[0m[2m:[0m Checking if complete: Pending tasks: 1, map is empty: false, full range is some: false, is_range_equal: false
[2m2026-09-15T20:43:26.270627Z[0m [34mDEBUG[0m [1mController[0m[1m{[0m[3mproof_id[0m[2m=[0mproof_01m2kb91v9egga9yypcwvj99mg [3mtask_id[0m[2m=[0mlocal_worker_01m2kb91vje0h9884c5b5mxpp4[1m}[0m[2m:[0m[1mreduce[0m[2m:[0m [2msp1_prover::worker::controller::compress[0m[2m:[0m Found sibling
[2m2026-09-15T20:43:26.270632Z[0m [34mDEBUG[0m [1mController[0m[1m{[0m[3mproof_id[0m[2m=[0mproof_01m2kb91v9egga9yypcwvj99mg [3mtask_id[0m[2m=[0mlocal_worker_01m2kb91vje0h9884c5b5mxpp4[1m}[0m[2m:[0m[1mreduce[0m[2m:[0m [2msp1_prover::worker::controller::compress[0m[2m:[0m Checking if complete: Pending tasks: 1, map is empty: true, full range is some: false, is_range_equal: false
[2m2026-09-15T20:44:59.312024Z[0m [34mDEBUG[0m [1mProveShard[0m[1m{[0m[3mproof_id[0m[2m=[0mproof_01m2kb91v9egga9yypcwvj99mg [3mtask_id[0m[2m=[0mlocal_worker_01m2kc7kw0egss8rw7y43ge59p[1m}[0m[2m:[0m [2msp1_prover::worker::node::full::init[0m[2m:[0m task succeeded
[2m2026-09-15T20:44:59.312806Z[0m [34mDEBUG[0m [1mCoreExecute[0m[1m{[0m[3mproof_id[0m[2m=[0mproof_01m2kb91v9egga9yypcwvj99mg [3mtask_id[0m[2m=[0mlocal_worker_01m2kb9chkez19hnxxwd2t5t4q[1m}[0m[2m:[0m[1memit precompile shards[0m[2m:[0m[1mdeferred listener[0m[2m:[0m [2msp1_prover::worker::controller::precompiles[0m[2m:[0m received deferred message with task id TaskId("local_worker_01m2kcrcjrfq1vvsxbj1528z46")
[2m2026-09-15T20:44:59.312876Z[0m [34mDEBUG[0m [1mCoreExecute[0m[1m{[0m[3mproof_id[0m[2m=[0mproof_01m2kb91v9egga9yypcwvj99mg [3mtask_id[0m[2m=[0mlocal_worker_01m2kb9chkez19hnxxwd2t5t4q[1m}[0m[2m:[0m[1mminimal executor[0m[2m:[0m[1msplicing[0m[1m{[0m[3midx[0m[2m=[0m0[1m}[0m[2m:[0m[1msplicing trace chunk[0m[2m:[0m [2msp1_prover::worker::controller::splicing[0m[2m:[0m spliced trace sent to splicing tx [3mglobal_clk[0m[2m=[0m8913069
[2m2026-09-15T20:44:59.312973Z[0m [34mDEBUG[0m [1mCoreExecute[0m[1m{[0m[3mproof_id[0m[2m=[0mproof_01m2kb91v9egga9yypcwvj99mg [3mtask_id[0m[2m=[0mlocal_worker_01m2kb9chkez19hnxxwd2t5t4q[1m}[0m[2m:[0m[1mminimal executor[0m[2m:[0m[1msplicing[0m[1m{[0m[3midx[0m[2m=[0m0[1m}[0m[2m:[0m[1msplicing trace chunk[0m[2m:[0m [2msp1_prover::worker::controller::splicing[0m[2m:[0m starting new shard at clk: 71520105 at pc: 2015335536
[2m2026-09-15T20:44:59.313873Z[0m [34mDEBUG[0m [1mCoreExecute[0m[1m{[0m[3mproof_id[0m[2m=[0mproof_01m2kb91v9egga9yypcwvj99mg [3mtask_id[0m[2m=[0mlocal_worker_01m2kb9chkez19hnxxwd2t5t4q[1m}[0m[2m:[0m[1mminimal executor[0m[2m:[0m[1msplicing[0m[1m{[0m[3midx[0m[2m=[0m0[1m}[0m[2m:[0m[1mget splices to serialize[0m[2m:[0m[1msend splice[0m[2m:[0m [2msp1_prover::worker::client::local[0m[2m:[0m submitting task of kind MarkerDeferredRecord
[2m2026-09-15T20:44:59.319243Z[0m [34mDEBUG[0m [1mCoreExecute[0m[1m{[0m[3mproof_id[0m[2m=[0mproof_01m2kb91v9egga9yypcwvj99mg [3mtask_id[0m[2m=[0mlocal_worker_01m2kb9chkez19hnxxwd2t5t4q[1m}[0m[2m:[0m[1mminimal executor[0m[2m:[0m[1msplicing[0m[1m{[0m[3midx[0m[2m=[0m0[1m}[0m[2m:[0m[1mget splices to serialize[0m[2m:[0m[1msend splice[0m[2m:[0m [2msp1_prover::worker::client::local[0m[2m:[0m submitting task of kind ProveShard
[2m2026-09-15T20:44:59.344774Z[0m [34mDEBUG[0m [1mCoreExecute[0m[1m{[0m[3mproof_id[0m[2m=[0mproof_01m2kb91v9egga9yypcwvj99mg [3mtask_id[0m[2m=[0mlocal_worker_01m2kb9chkez19hnxxwd2t5t4q[1m}[0m[2m:[0m[1mminimal executor[0m[2m:[0m[1msplicing[0m[1m{[0m[3midx[0m[2m=[0m0[1m}[0m[2m:[0m[1msplicing trace chunk[0m[2m:[0m [2msp1_prover::worker::controller::splicing[0m[2m:[0m shard boundary [3mglobal_clk[0m[2m=[0m9276223 [3mpc[0m[2m=[0m2015333444 [3mnum_mem_reads_left[0m[2m=[0m5693903 [3mclk[0m[2m=[0m74463737
[2m2026-09-15T20:44:59.344804Z[0m [34mDEBUG[0m [1mCoreExecute[0m[1m{[0m[3mproof_id[0m[2m=[0mproof_01m2kb91v9egga9yypcwvj99mg [3mtask_id[0m[2m=[0mlocal_worker_01m2kb9chkez19hnxxwd2t5t4q[1m}[0m[2m:[0m[1mminimal executor[0m[2m:[0m[1msplicing[0m[1m{[0m[3midx[0m[2m=[0m0[1m}[0m[2m:[0m[1msplicing trace chunk[0m[2m:[0m [2msp1_prover::worker::controller::splicing[0m[2m:[0m sending spliced trace to splicing tx [3mglobal_clk[0m[2m=[0m9276223
[2m2026-09-15T20:44:59.359276Z[0m [34mDEBUG[0m [1mProveShard[0m[1m{[0m[3mproof_id[0m[2m=[0mproof_01m2kb91v9egga9yypcwvj99mg [3mtask_id[0m[2m=[0mlocal_worker_01m2kcd3j0edrv2jqtkrs9n1n5[1m}[0m[2m:[0m[1minto_record[0m[2m:[0m [2msp1_prover::worker::prover::core[0m[2m:[0m tracing chunk at clk range: 40791593..43703929
[2m2026-09-15T20:44:59.385128Z[0m [34mDEBUG[0m [1mCoreExecute[0m[1m{[0m[3mproof_id[0m[2m=[0mproof_01m2kb91v9egga9yypcwvj99mg [3mtask_id[0m[2m=[0mlocal_worker_01m2kb9chkez19hnxxwd2t5t4q[1m}[0m[2m:[0m[1memit precompile shards[0m[2m:[0m[1mdeferred sender[0m[2m:[0m [2msp1_prover::worker::controller::precompiles[0m[2m:[0m received deferred marker task status: Succeeded [3mtask_id[0m[2m=[0m"local_worker_01m2kcd3hxfx0bnng3kcckg9td"
[2m2026-09-15T20:47:03.342940Z[0m [34mDEBUG[0m [1mProveShard[0m[1m{[0m[3mproof_id[0m[2m=[0mproof_01m2kb91v9egga9yypcwvj99mg [3mtask_id[0m[2m=[0mlocal_worker_01m2kcd3j0edrv2jqtkrs9n1n5[1m}[0m[2m:[0m [2msp1_prover::worker::node::full::init[0m[2m:[0m task succeeded
[2m2026-09-15T20:47:03.343690Z[0m [34mDEBUG[0m [1mController[0m[1m{[0m[3mproof_id[0m[2m=[0mproof_01m2kb91v9egga9yypcwvj99mg [3mtask_id[0m[2m=[0mlocal_worker_01m2kb91vje0h9884c5b5mxpp4[1m}[0m[2m:[0m[1mreduce[0m[2m:[0m [2msp1_prover::worker::controller::compress[0m[2m:[0m Checking if complete: Pending tasks: 1, map is empty: false, full range is some: false, is_range_equal: false
[2m2026-09-15T20:47:03.343835Z[0m [34mDEBUG[0m [1mController[0m[1m{[0m[3mproof_id[0m[2m=[0mproof_01m2kb91v9egga9yypcwvj99mg [3mtask_id[0m[2m=[0mlocal_worker_01m2kb91vje0h9884c5b5mxpp4[1m}[0m[2m:[0m[1mreduce[0m[2m:[0m [2msp1_prover::worker::controller::compress[0m[2m:[0m Found sibling
[2m2026-09-15T20:47:03.343846Z[0m [34mDEBUG[0m [1mController[0m[1m{[0m[3mproof_id[0m[2m=[0mproof_01m2kb91v9egga9yypcwvj99mg [3mtask_id[0m[2m=[0mlocal_worker_01m2kb91vje0h9884c5b5mxpp4[1m}[0m[2m:[0m[1mreduce[0m[2m:[0m [2msp1_prover::worker::controller::compress[0m[2m:[0m Checking if complete: Pending tasks: 1, map is empty: true, full range is some: false, is_range_equal: false
[2m2026-09-15T20:47:03.343870Z[0m [34mDEBUG[0m [1mCoreExecute[0m[1m{[0m[3mproof_id[0m[2m=[0mproof_01m2kb91v9egga9yypcwvj99mg [3mtask_id[0m[2m=[0mlocal_worker_01m2kb9chkez19hnxxwd2t5t4q[1m}[0m[2m:[0m[1mminimal executor[0m[2m:[0m[1msplicing[0m[1m{[0m[3midx[0m[2m=[0m0[1m}[0m[2m:[0m[1msplicing trace chunk[0m[2m:[0m [2msp1_prover::worker::controller::splicing[0m[2m:[0m spliced trace sent to splicing tx [3mglobal_clk[0m[2m=[0m9276223
[2m2026-09-15T20:47:03.343880Z[0m [34mDEBUG[0m [1mCoreExecute[0m[1m{[0m[3mproof_id[0m[2m=[0mproof_01m2kb91v9egga9yypcwvj99mg [3mtask_id[0m[2m=[0mlocal_worker_01m2kb9chkez19hnxxwd2t5t4q[1m}[0m[2m:[0m[1mminimal executor[0m[2m:[0m[1msplicing[0m[1m{[0m[3midx[0m[2m=[0m0[1m}[0m[2m:[0m[1msplicing trace chunk[0m[2m:[0m [2msp1_prover::worker::controller::splicing[0m[2m:[0m starting new shard at clk: 74463737 at pc: 2015333444
[2m2026-09-15T20:47:03.345077Z[0m [34mDEBUG[0m [1mCoreExecute[0m[1m{[0m[3mproof_id[0m[2m=[0mproof_01m2kb91v9egga9yypcwvj99mg [3mtask_id[0m[2m=[0mlocal_worker_01m2kb9chkez19hnxxwd2t5t4q[1m}[0m[2m:[0m[1mminimal executor[0m[2m:[0m[1msplicing[0m[1m{[0m[3midx[0m[2m=[0m0[1m}[0m[2m:[0m[1mget splices to serialize[0m[2m:[0m[1msend splice[0m[2m:[0m [2msp1_prover::worker::client::local[0m[2m:[0m submitting task of kind MarkerDeferredRecord
[2m2026-09-15T20:47:03.343703Z[0m [34mDEBUG[0m [1mCoreExecute[0m[1m{[0m[3mproof_id[0m[2m=[0mproof_01m2kb91v9egga9yypcwvj99mg [3mtask_id[0m[2m=[0mlocal_worker_01m2kb9chkez19hnxxwd2t5t4q[1m}[0m[2m:[0m[1memit precompile shards[0m[2m:[0m[1mdeferred listener[0m[2m:[0m [2msp1_prover::worker::controller::precompiles[0m[2m:[0m received deferred message with task id TaskId("local_worker_01m2kcw53sfz9t9zawbtrzz3v3")
[2m2026-09-15T20:47:03.350141Z[0m [34mDEBUG[0m [1mCoreExecute[0m[1m{[0m[3mproof_id[0m[2m=[0mproof_01m2kb91v9egga9yypcwvj99mg [3mtask_id[0m[2m=[0mlocal_worker_01m2kb9chkez19hnxxwd2t5t4q[1m}[0m[2m:[0m[1mminimal executor[0m[2m:[0m[1msplicing[0m[1m{[0m[3midx[0m[2m=[0m0[1m}[0m[2m:[0m[1mget splices to serialize[0m[2m:[0m[1msend splice[0m[2m:[0m [2msp1_prover::worker::client::local[0m[2m:[0m submitting task of kind ProveShard
[2m2026-09-15T20:47:03.388408Z[0m [34mDEBUG[0m [1mProveShard[0m[1m{[0m[3mproof_id[0m[2m=[0mproof_01m2kb91v9egga9yypcwvj99mg [3mtask_id[0m[2m=[0mlocal_worker_01m2kcgvzaehhvp3ncwegm0qkd[1m}[0m[2m:[0m[1minto_record[0m[2m:[0m [2msp1_prover::worker::prover::core[0m[2m:[0m tracing chunk at clk range: 43703929..46615425
[2m2026-09-15T20:47:03.401130Z[0m [34mDEBUG[0m [1mCoreExecute[0m[1m{[0m[3mproof_id[0m[2m=[0mproof_01m2kb91v9egga9yypcwvj99mg [3mtask_id[0m[2m=[0mlocal_worker_01m2kb9chkez19hnxxwd2t5t4q[1m}[0m[2m:[0m[1mminimal executor[0m[2m:[0m[1msplicing[0m[1m{[0m[3midx[0m[2m=[0m0[1m}[0m[2m:[0m[1msplicing trace chunk[0m[2m:[0m [2msp1_prover::worker::controller::splicing[0m[2m:[0m shard boundary [3mglobal_clk[0m[2m=[0m9640281 [3mpc[0m[2m=[0m2014733540 [3mnum_mem_reads_left[0m[2m=[0m5528444 [3mclk[0m[2m=[0m77415369
[2m2026-09-15T20:47:03.401168Z[0m [34mDEBUG[0m [1mCoreExecute[0m[1m{[0m[3mproof_id[0m[2m=[0mproof_01m2kb91v9egga9yypcwvj99mg [3mtask_id[0m[2m=[0mlocal_worker_01m2kb9chkez19hnxxwd2t5t4q[1m}[0m[2m:[0m[1mminimal executor[0m[2m:[0m[1msplicing[0m[1m{[0m[3midx[0m[2m=[0m0[1m}[0m[2m:[0m[1msplicing trace chunk[0m[2m:[0m [2msp1_prover::worker::controller::splicing[0m[2m:[0m sending spliced trace to splicing tx [3mglobal_clk[0m[2m=[0m9640281
[2m2026-09-15T20:47:03.424844Z[0m [34mDEBUG[0m [1mCoreExecute[0m[1m{[0m[3mproof_id[0m[2m=[0mproof_01m2kb91v9egga9yypcwvj99mg [3mtask_id[0m[2m=[0mlocal_worker_01m2kb9chkez19hnxxwd2t5t4q[1m}[0m[2m:[0m[1memit precompile shards[0m[2m:[0m[1mdeferred sender[0m[2m:[0m [2msp1_prover::worker::controller::precompiles[0m[2m:[0m received deferred marker task status: Succeeded [3mtask_id[0m[2m=[0m"local_worker_01m2kcgvz6fbh8sff75bxm6dt4"
[2m2026-09-15T20:49:06.827170Z[0m [34mDEBUG[0m [1mProveShard[0m[1m{[0m[3mproof_id[0m[2m=[0mproof_01m2kb91v9egga9yypcwvj99mg [3mtask_id[0m[2m=[0mlocal_worker_01m2kcgvzaehhvp3ncwegm0qkd[1m}[0m[2m:[0m [2msp1_prover::worker::node::full::init[0m[2m:[0m task succeeded
[2m2026-09-15T20:49:06.827929Z[0m [34mDEBUG[0m [1mCoreExecute[0m[1m{[0m[3mproof_id[0m[2m=[0mproof_01m2kb91v9egga9yypcwvj99mg [3mtask_id[0m[2m=[0mlocal_worker_01m2kb9chkez19hnxxwd2t5t4q[1m}[0m[2m:[0m[1memit precompile shards[0m[2m:[0m[1mdeferred listener[0m[2m:[0m [2msp1_prover::worker::controller::precompiles[0m[2m:[0m received deferred message with task id TaskId("local_worker_01m2kd1nhhe6s97kr5sefqyqf6")
[2m2026-09-15T20:49:06.829386Z[0m [34mDEBUG[0m [1mCoreExecute[0m[1m{[0m[3mproof_id[0m[2m=[0mproof_01m2kb91v9egga9yypcwvj99mg [3mtask_id[0m[2m=[0mlocal_worker_01m2kb9chkez19hnxxwd2t5t4q[1m}[0m[2m:[0m[1mminimal executor[0m[2m:[0m[1msplicing[0m[1m{[0m[3midx[0m[2m=[0m0[1m}[0m[2m:[0m[1mget splices to serialize[0m[2m:[0m[1msend splice[0m[2m:[0m [2msp1_prover::worker::client::local[0m[2m:[0m submitting task of kind MarkerDeferredRecord
[2m2026-09-15T20:49:06.830802Z[0m [34mDEBUG[0m [1mCoreExecute[0m[1m{[0m[3mproof_id[0m[2m=[0mproof_01m2kb91v9egga9yypcwvj99mg [3mtask_id[0m[2m=[0mlocal_worker_01m2kb9chkez19hnxxwd2t5t4q[1m}[0m[2m:[0m[1mminimal executor[0m[2m:[0m[1msplicing[0m[1m{[0m[3midx[0m[2m=[0m0[1m}[0m[2m:[0m[1msplicing trace chunk[0m[2m:[0m [2msp1_prover::worker::controller::splicing[0m[2m:[0m spliced trace sent to splicing tx [3mglobal_clk[0m[2m=[0m9640281
[2m2026-09-15T20:49:06.830821Z[0m [34mDEBUG[0m [1mCoreExecute[0m[1m{[0m[3mproof_id[0m[2m=[0mproof_01m2kb91v9egga9yypcwvj99mg [3mtask_id[0m[2m=[0mlocal_worker_01m2kb9chkez19hnxxwd2t5t4q[1m}[0m[2m:[0m[1mminimal executor[0m[2m:[0m[1msplicing[0m[1m{[0m[3midx[0m[2m=[0m0[1m}[0m[2m:[0m[1msplicing trace chunk[0m[2m:[0m [2msp1_prover::worker::controller::splicing[0m[2m:[0m starting new shard at clk: 77415369 at pc: 2014733540
[2m2026-09-15T20:49:06.834353Z[0m [34mDEBUG[0m [1mCoreExecute[0m[1m{[0m[3mproof_id[0m[2m=[0mproof_01m2kb91v9egga9yypcwvj99mg [3mtask_id[0m[2m=[0mlocal_worker_01m2kb9chkez19hnxxwd2t5t4q[1m}[0m[2m:[0m[1mminimal executor[0m[2m:[0m[1msplicing[0m[1m{[0m[3midx[0m[2m=[0m0[1m}[0m[2m:[0m[1mget splices to serialize[0m[2m:[0m[1msend splice[0m[2m:[0m [2msp1_prover::worker::client::local[0m[2m:[0m submitting task of kind ProveShard
[2m2026-09-15T20:49:06.866086Z[0m [34mDEBUG[0m [1mCoreExecute[0m[1m{[0m[3mproof_id[0m[2m=[0mproof_01m2kb91v9egga9yypcwvj99mg [3mtask_id[0m[2m=[0mlocal_worker_01m2kb9chkez19hnxxwd2t5t4q[1m}[0m[2m:[0m[1mminimal executor[0m[2m:[0m[1msplicing[0m[1m{[0m[3midx[0m[2m=[0m0[1m}[0m[2m:[0m[1msplicing trace chunk[0m[2m:[0m [2msp1_prover::worker::controller::splicing[0m[2m:[0m shard boundary [3mglobal_clk[0m[2m=[0m10007231 [3mpc[0m[2m=[0m2016454036 [3mnum_mem_reads_left[0m[2m=[0m5363704 [3mclk[0m[2m=[0m80390137
[2m2026-09-15T20:49:06.866121Z[0m [34mDEBUG[0m [1mCoreExecute[0m[1m{[0m[3mproof_id[0m[2m=[0mproof_01m2kb91v9egga9yypcwvj99mg [3mtask_id[0m[2m=[0mlocal_worker_01m2kb9chkez19hnxxwd2t5t4q[1m}[0m[2m:[0m[1mminimal executor[0m[2m:[0m[1msplicing[0m[1m{[0m[3midx[0m[2m=[0m0[1m}[0m[2m:[0m[1msplicing trace chunk[0m[2m:[0m [2msp1_prover::worker::controller::splicing[0m[2m:[0m sending spliced trace to splicing tx [3mglobal_clk[0m[2m=[0m10007231
[2m2026-09-15T20:49:06.870166Z[0m [34mDEBUG[0m [1mProveShard[0m[1m{[0m[3mproof_id[0m[2m=[0mproof_01m2kb91v9egga9yypcwvj99mg [3mtask_id[0m[2m=[0mlocal_worker_01m2kcmkwcedhaxwr8w6xxvfy9[1m}[0m[2m:[0m[1minto_record[0m[2m:[0m [2msp1_prover::worker::prover::core[0m[2m:[0m tracing chunk at clk range: 46615425..49522233
[2m2026-09-15T20:49:06.905844Z[0m [34mDEBUG[0m [1mCoreExecute[0m[1m{[0m[3mproof_id[0m[2m=[0mproof_01m2kb91v9egga9yypcwvj99mg [3mtask_id[0m[2m=[0mlocal_worker_01m2kb9chkez19hnxxwd2t5t4q[1m}[0m[2m:[0m[1memit precompile shards[0m[2m:[0m[1mdeferred sender[0m[2m:[0m [2msp1_prover::worker::controller::precompiles[0m[2m:[0m received deferred marker task status: Succeeded [3mtask_id[0m[2m=[0m"local_worker_01m2kcmkw8ej08dh64kantnajs"
[2m2026-09-15T20:51:10.511101Z[0m [34mDEBUG[0m [1mProveShard[0m[1m{[0m[3mproof_id[0m[2m=[0mproof_01m2kb91v9egga9yypcwvj99mg [3mtask_id[0m[2m=[0mlocal_worker_01m2kcmkwcedhaxwr8w6xxvfy9[1m}[0m[2m:[0m [2msp1_prover::worker::node::full::init[0m[2m:[0m task succeeded
[2m2026-09-15T20:51:10.511813Z[0m [34mDEBUG[0m [1mCoreExecute[0m[1m{[0m[3mproof_id[0m[2m=[0mproof_01m2kb91v9egga9yypcwvj99mg [3mtask_id[0m[2m=[0mlocal_worker_01m2kb9chkez19hnxxwd2t5t4q[1m}[0m[2m:[0m[1memit precompile shards[0m[2m:[0m[1mdeferred listener[0m[2m:[0m [2msp1_prover::worker::controller::precompiles[0m[2m:[0m received deferred message with task id TaskId("local_worker_01m2kd5enhfyrvgrehpah7d52k")
[2m2026-09-15T20:51:10.513013Z[0m [34mDEBUG[0m [1mCoreExecute[0m[1m{[0m[3mproof_id[0m[2m=[0mproof_01m2kb91v9egga9yypcwvj99mg [3mtask_id[0m[2m=[0mlocal_worker_01m2kb9chkez19hnxxwd2t5t4q[1m}[0m[2m:[0m[1mminimal executor[0m[2m:[0m[1msplicing[0m[1m{[0m[3midx[0m[2m=[0m0[1m}[0m[2m:[0m[1msplicing trace chunk[0m[2m:[0m [2msp1_prover::worker::controller::splicing[0m[2m:[0m spliced trace sent to splicing tx [3mglobal_clk[0m[2m=[0m10007231
[2m2026-09-15T20:51:10.513032Z[0m [34mDEBUG[0m [1mCoreExecute[0m[1m{[0m[3mproof_id[0m[2m=[0mproof_01m2kb91v9egga9yypcwvj99mg [3mtask_id[0m[2m=[0mlocal_worker_01m2kb9chkez19hnxxwd2t5t4q[1m}[0m[2m:[0m[1mminimal executor[0m[2m:[0m[1msplicing[0m[1m{[0m[3midx[0m[2m=[0m0[1m}[0m[2m:[0m[1msplicing trace chunk[0m[2m:[0m [2msp1_prover::worker::controller::splicing[0m[2m:[0m starting new shard at clk: 80390137 at pc: 2016454036
[2m2026-09-15T20:51:10.513029Z[0m [34mDEBUG[0m [1mCoreExecute[0m[1m{[0m[3mproof_id[0m[2m=[0mproof_01m2kb91v9egga9yypcwvj99mg [3mtask_id[0m[2m=[0mlocal_worker_01m2kb9chkez19hnxxwd2t5t4q[1m}[0m[2m:[0m[1mminimal executor[0m[2m:[0m[1msplicing[0m[1m{[0m[3midx[0m[2m=[0m0[1m}[0m[2m:[0m[1mget splices to serialize[0m[2m:[0m[1msend splice[0m[2m:[0m [2msp1_prover::worker::client::local[0m[2m:[0m submitting task of kind MarkerDeferredRecord
[2m2026-09-15T20:51:10.518499Z[0m [34mDEBUG[0m [1mCoreExecute[0m[1m{[0m[3mproof_id[0m[2m=[0mproof_01m2kb91v9egga9yypcwvj99mg [3mtask_id[0m[2m=[0mlocal_worker_01m2kb9chkez19hnxxwd2t5t4q[1m}[0m[2m:[0m[1mminimal executor[0m[2m:[0m[1msplicing[0m[1m{[0m[3midx[0m[2m=[0m0[1m}[0m[2m:[0m[1mget splices to serialize[0m[2m:[0m[1msend splice[0m[2m:[0m [2msp1_prover::worker::client::local[0m[2m:[0m submitting task of kind ProveShard
[2m2026-09-15T20:51:10.544920Z[0m [34mDEBUG[0m [1mCoreExecute[0m[1m{[0m[3mproof_id[0m[2m=[0mproof_01m2kb91v9egga9yypcwvj99mg [3mtask_id[0m[2m=[0mlocal_worker_01m2kb9chkez19hnxxwd2t5t4q[1m}[0m[2m:[0m[1mminimal executor[0m[2m:[0m[1msplicing[0m[1m{[0m[3midx[0m[2m=[0m0[1m}[0m[2m:[0m[1msplicing trace chunk[0m[2m:[0m [2msp1_prover::worker::controller::splicing[0m[2m:[0m shard boundary [3mglobal_clk[0m[2m=[0m10392378 [3mpc[0m[2m=[0m2015342896 [3mnum_mem_reads_left[0m[2m=[0m5202070 [3mclk[0m[2m=[0m83499729
[2m2026-09-15T20:51:10.544954Z[0m [34mDEBUG[0m [1mCoreExecute[0m[1m{[0m[3mproof_id[0m[2m=[0mproof_01m2kb91v9egga9yypcwvj99mg [3mtask_id[0m[2m=[0mlocal_worker_01m2kb9chkez19hnxxwd2t5t4q[1m}[0m[2m:[0m[1mminimal executor[0m[2m:[0m[1msplicing[0m[1m{[0m[3midx[0m[2m=[0m0[1m}[0m[2m:[0m[1msplicing trace chunk[0m[2m:[0m [2msp1_prover::worker::controller::splicing[0m[2m:[0m sending spliced trace to splicing tx [3mglobal_clk[0m[2m=[0m10392378
[2m2026-09-15T20:51:10.554799Z[0m [34mDEBUG[0m [1mProveShard[0m[1m{[0m[3mproof_id[0m[2m=[0mproof_01m2kb91v9egga9yypcwvj99mg [3mtask_id[0m[2m=[0mlocal_worker_01m2kcrcjwfnrryc9h7k9t23pv[1m}[0m[2m:[0m[1minto_record[0m[2m:[0m [2msp1_prover::worker::prover::core[0m[2m:[0m tracing chunk at clk range: 49522233..52440473
[2m2026-09-15T20:51:10.579969Z[0m [34mDEBUG[0m [1mCoreExecute[0m[1m{[0m[3mproof_id[0m[2m=[0mproof_01m2kb91v9egga9yypcwvj99mg [3mtask_id[0m[2m=[0mlocal_worker_01m2kb9chkez19hnxxwd2t5t4q[1m}[0m[2m:[0m[1memit precompile shards[0m[2m:[0m[1mdeferred sender[0m[2m:[0m [2msp1_prover::worker::controller::precompiles[0m[2m:[0m received deferred marker task status: Succeeded [3mtask_id[0m[2m=[0m"local_worker_01m2kcrcjrfq1vvsxbj1528z46"
[2m2026-09-15T20:53:13.550162Z[0m [34mDEBUG[0m [1mProveShard[0m[1m{[0m[3mproof_id[0m[2m=[0mproof_01m2kb91v9egga9yypcwvj99mg [3mtask_id[0m[2m=[0mlocal_worker_01m2kcrcjwfnrryc9h7k9t23pv[1m}[0m[2m:[0m [2msp1_prover::worker::node::full::init[0m[2m:[0m task succeeded
[2m2026-09-15T20:53:13.550846Z[0m [34mDEBUG[0m [1mController[0m[1m{[0m[3mproof_id[0m[2m=[0mproof_01m2kb91v9egga9yypcwvj99mg [3mtask_id[0m[2m=[0mlocal_worker_01m2kb91vje0h9884c5b5mxpp4[1m}[0m[2m:[0m[1mreduce[0m[2m:[0m [2msp1_prover::worker::controller::compress[0m[2m:[0m Checking if complete: Pending tasks: 1, map is empty: false, full range is some: false, is_range_equal: false
[2m2026-09-15T20:53:13.550870Z[0m [34mDEBUG[0m [1mController[0m[1m{[0m[3mproof_id[0m[2m=[0mproof_01m2kb91v9egga9yypcwvj99mg [3mtask_id[0m[2m=[0mlocal_worker_01m2kb91vje0h9884c5b5mxpp4[1m}[0m[2m:[0m[1mreduce[0m[2m:[0m [2msp1_prover::worker::controller::compress[0m[2m:[0m Found sibling
[2m2026-09-15T20:53:13.550876Z[0m [34mDEBUG[0m [1mController[0m[1m{[0m[3mproof_id[0m[2m=[0mproof_01m2kb91v9egga9yypcwvj99mg [3mtask_id[0m[2m=[0mlocal_worker_01m2kb91vje0h9884c5b5mxpp4[1m}[0m[2m:[0m[1mreduce[0m[2m:[0m [2msp1_prover::worker::controller::compress[0m[2m:[0m Checking if complete: Pending tasks: 1, map is empty: true, full range is some: false, is_range_equal: false
[2m2026-09-15T20:53:13.550902Z[0m [34mDEBUG[0m [1mController[0m[1m{[0m[3mproof_id[0m[2m=[0mproof_01m2kb91v9egga9yypcwvj99mg [3mtask_id[0m[2m=[0mlocal_worker_01m2kb91vje0h9884c5b5mxpp4[1m}[0m[2m:[0m[1mreduce[0m[2m:[0m [2msp1_prover::worker::client::local[0m[2m:[0m submitting task of kind RecursionReduce
[2m2026-09-15T20:53:13.550947Z[0m [34mDEBUG[0m [1mCoreExecute[0m[1m{[0m[3mproof_id[0m[2m=[0mproof_01m2kb91v9egga9yypcwvj99mg [3mtask_id[0m[2m=[0mlocal_worker_01m2kb9chkez19hnxxwd2t5t4q[1m}[0m[2m:[0m[1memit precompile shards[0m[2m:[0m[1mdeferred listener[0m[2m:[0m [2msp1_prover::worker::controller::precompiles[0m[2m:[0m received deferred message with task id TaskId("local_worker_01m2kd978df81a4fmyf4dysaxg")
[2m2026-09-15T20:53:13.552827Z[0m [34mDEBUG[0m [1mCoreExecute[0m[1m{[0m[3mproof_id[0m[2m=[0mproof_01m2kb91v9egga9yypcwvj99mg [3mtask_id[0m[2m=[0mlocal_worker_01m2kb9chkez19hnxxwd2t5t4q[1m}[0m[2m:[0m[1mminimal executor[0m[2m:[0m[1msplicing[0m[1m{[0m[3midx[0m[2m=[0m0[1m}[0m[2m:[0m[1mget splices to serialize[0m[2m:[0m[1msend splice[0m[2m:[0m [2msp1_prover::worker::client::local[0m[2m:[0m submitting task of kind MarkerDeferredRecord
[2m2026-09-15T20:53:13.552883Z[0m [34mDEBUG[0m [1mCoreExecute[0m[1m{[0m[3mproof_id[0m[2m=[0mproof_01m2kb91v9egga9yypcwvj99mg [3mtask_id[0m[2m=[0mlocal_worker_01m2kb9chkez19hnxxwd2t5t4q[1m}[0m[2m:[0m[1mminimal executor[0m[2m:[0m[1msplicing[0m[1m{[0m[3midx[0m[2m=[0m0[1m}[0m[2m:[0m[1msplicing trace chunk[0m[2m:[0m [2msp1_prover::worker::controller::splicing[0m[2m:[0m spliced trace sent to splicing tx [3mglobal_clk[0m[2m=[0m10392378
[2m2026-09-15T20:53:13.552905Z[0m [34mDEBUG[0m [1mCoreExecute[0m[1m{[0m[3mproof_id[0m[2m=[0mproof_01m2kb91v9egga9yypcwvj99mg [3mtask_id[0m[2m=[0mlocal_worker_01m2kb9chkez19hnxxwd2t5t4q[1m}[0m[2m:[0m[1mminimal executor[0m[2m:[0m[1msplicing[0m[1m{[0m[3midx[0m[2m=[0m0[1m}[0m[2m:[0m[1msplicing trace chunk[0m[2m:[0m [2msp1_prover::worker::controller::splicing[0m[2m:[0m starting new shard at clk: 83499729 at pc: 2015342896
[2m2026-09-15T20:53:13.558565Z[0m [34mDEBUG[0m [1mCoreExecute[0m[1m{[0m[3mproof_id[0m[2m=[0mproof_01m2kb91v9egga9yypcwvj99mg [3mtask_id[0m[2m=[0mlocal_worker_01m2kb9chkez19hnxxwd2t5t4q[1m}[0m[2m:[0m[1mminimal executor[0m[2m:[0m[1msplicing[0m[1m{[0m[3midx[0m[2m=[0m0[1m}[0m[2m:[0m[1mget splices to serialize[0m[2m:[0m[1msend splice[0m[2m:[0m [2msp1_prover::worker::client::local[0m[2m:[0m submitting task of kind ProveShard
[2m2026-09-15T20:53:13.594129Z[0m [34mDEBUG[0m [1mCoreExecute[0m[1m{[0m[3mproof_id[0m[2m=[0mproof_01m2kb91v9egga9yypcwvj99mg [3mtask_id[0m[2m=[0mlocal_worker_01m2kb9chkez19hnxxwd2t5t4q[1m}[0m[2m:[0m[1mminimal executor[0m[2m:[0m[1msplicing[0m[1m{[0m[3midx[0m[2m=[0m0[1m}[0m[2m:[0m[1msplicing trace chunk[0m[2m:[0m [2msp1_prover::worker::controller::splicing[0m[2m:[0m shard boundary [3mglobal_clk[0m[2m=[0m10756685 [3mpc[0m[2m=[0m2015335540 [3mnum_mem_reads_left[0m[2m=[0m5035495 [3mclk[0m[2m=[0m86453609
[2m2026-09-15T20:53:13.594162Z[0m [34mDEBUG[0m [1mCoreExecute[0m[1m{[0m[3mproof_id[0m[2m=[0mproof_01m2kb91v9egga9yypcwvj99mg [3mtask_id[0m[2m=[0mlocal_worker_01m2kb9chkez19hnxxwd2t5t4q[1m}[0m[2m:[0m[1mminimal executor[0m[2m:[0m[1msplicing[0m[1m{[0m[3midx[0m[2m=[0m0[1m}[0m[2m:[0m[1msplicing trace chunk[0m[2m:[0m [2msp1_prover::worker::controller::splicing[0m[2m:[0m sending spliced trace to splicing tx [3mglobal_clk[0m[2m=[0m10756685
[2m2026-09-15T20:53:13.602787Z[0m [34mDEBUG[0m [1mProveShard[0m[1m{[0m[3mproof_id[0m[2m=[0mproof_01m2kb91v9egga9yypcwvj99mg [3mtask_id[0m[2m=[0mlocal_worker_01m2kcw53wewrrpahpnce299kv[1m}[0m[2m:[0m[1minto_record[0m[2m:[0m [2msp1_prover::worker::prover::core[0m[2m:[0m tracing chunk at clk range: 52440473..54256489
[2m2026-09-15T20:53:13.617390Z[0m [34mDEBUG[0m [1mCoreExecute[0m[1m{[0m[3mproof_id[0m[2m=[0mproof_01m2kb91v9egga9yypcwvj99mg [3mtask_id[0m[2m=[0mlocal_worker_01m2kb9chkez19hnxxwd2t5t4q[1m}[0m[2m:[0m[1memit precompile shards[0m[2m:[0m[1mdeferred sender[0m[2m:[0m [2msp1_prover::worker::controller::precompiles[0m[2m:[0m received deferred marker task status: Succeeded [3mtask_id[0m[2m=[0m"local_worker_01m2kcw53sfz9t9zawbtrzz3v3"
[2m2026-09-15T20:54:40.527667Z[0m [34mDEBUG[0m [1mRecursionReduce[0m[1m{[0m[3mproof_id[0m[2m=[0mproof_01m2kb91v9egga9yypcwvj99mg [3mtask_id[0m[2m=[0mlocal_worker_01m2kdgr6eeb8r60nstg20w7pz[1m}[0m[2m:[0m [2msp1_prover::worker::node::full::init[0m[2m:[0m task succeeded
[2m2026-09-15T20:54:40.527734Z[0m [34mDEBUG[0m [1mController[0m[1m{[0m[3mproof_id[0m[2m=[0mproof_01m2kb91v9egga9yypcwvj99mg [3mtask_id[0m[2m=[0mlocal_worker_01m2kb91vje0h9884c5b5mxpp4[1m}[0m[2m:[0m[1mreduce[0m[2m:[0m [2msp1_prover::worker::controller::compress[0m[2m:[0m Checking if complete: Pending tasks: 1, map is empty: true, full range is some: false, is_range_equal: false
[2m2026-09-15T20:54:40.527745Z[0m [34mDEBUG[0m [1mController[0m[1m{[0m[3mproof_id[0m[2m=[0mproof_01m2kb91v9egga9yypcwvj99mg [3mtask_id[0m[2m=[0mlocal_worker_01m2kb91vje0h9884c5b5mxpp4[1m}[0m[2m:[0m[1mreduce[0m[2m:[0m [2msp1_prover::worker::controller::compress[0m[2m:[0m No neighboring range found, adding proof to tree
[2m2026-09-15T20:56:14.183634Z[0m [34mDEBUG[0m [1mProveShard[0m[1m{[0m[3mproof_id[0m[2m=[0mproof_01m2kb91v9egga9yypcwvj99mg [3mtask_id[0m[2m=[0mlocal_worker_01m2kcw53wewrrpahpnce299kv[1m}[0m[2m:[0m [2msp1_prover::worker::node::full::init[0m[2m:[0m task succeeded
[2m2026-09-15T20:56:14.184516Z[0m [34mDEBUG[0m [1mCoreExecute[0m[1m{[0m[3mproof_id[0m[2m=[0mproof_01m2kb91v9egga9yypcwvj99mg [3mtask_id[0m[2m=[0mlocal_worker_01m2kb9chkez19hnxxwd2t5t4q[1m}[0m[2m:[0m[1memit precompile shards[0m[2m:[0m[1mdeferred listener[0m[2m:[0m [2msp1_prover::worker::controller::precompiles[0m[2m:[0m received deferred message with task id TaskId("local_worker_01m2kdd01hf0898j9hcky1a7md")
[2m2026-09-15T20:56:14.184736Z[0m [34mDEBUG[0m [1mCoreExecute[0m[1m{[0m[3mproof_id[0m[2m=[0mproof_01m2kb91v9egga9yypcwvj99mg [3mtask_id[0m[2m=[0mlocal_worker_01m2kb9chkez19hnxxwd2t5t4q[1m}[0m[2m:[0m[1mminimal executor[0m[2m:[0m[1msplicing[0m[1m{[0m[3midx[0m[2m=[0m0[1m}[0m[2m:[0m[1msplicing trace chunk[0m[2m:[0m [2msp1_prover::worker::controller::splicing[0m[2m:[0m spliced trace sent to splicing tx [3mglobal_clk[0m[2m=[0m10756685
[2m2026-09-15T20:56:14.184807Z[0m [34mDEBUG[0m [1mCoreExecute[0m[1m{[0m[3mproof_id[0m[2m=[0mproof_01m2kb91v9egga9yypcwvj99mg [3mtask_id[0m[2m=[0mlocal_worker_01m2kb9chkez19hnxxwd2t5t4q[1m}[0m[2m:[0m[1mminimal executor[0m[2m:[0m[1msplicing[0m[1m{[0m[3midx[0m[2m=[0m0[1m}[0m[2m:[0m[1msplicing trace chunk[0m[2m:[0m [2msp1_prover::worker::controller::splicing[0m[2m:[0m starting new shard at clk: 86453609 at pc: 2015335540
[2m2026-09-15T20:56:14.203792Z[0m [34mDEBUG[0m [1mCoreExecute[0m[1m{[0m[3mproof_id[0m[2m=[0mproof_01m2kb91v9egga9yypcwvj99mg [3mtask_id[0m[2m=[0mlocal_worker_01m2kb9chkez19hnxxwd2t5t4q[1m}[0m[2m:[0m[1mminimal executor[0m[2m:[0m[1msplicing[0m[1m{[0m[3midx[0m[2m=[0m0[1m}[0m[2m:[0m[1mget splices to serialize[0m[2m:[0m[1msend splice[0m[2m:[0m [2msp1_prover::worker::client::local[0m[2m:[0m submitting task of kind MarkerDeferredRecord
[2m2026-09-15T20:56:14.208333Z[0m [34mDEBUG[0m [1mCoreExecute[0m[1m{[0m[3mproof_id[0m[2m=[0mproof_01m2kb91v9egga9yypcwvj99mg [3mtask_id[0m[2m=[0mlocal_worker_01m2kb9chkez19hnxxwd2t5t4q[1m}[0m[2m:[0m[1mminimal executor[0m[2m:[0m[1msplicing[0m[1m{[0m[3midx[0m[2m=[0m0[1m}[0m[2m:[0m[1mget splices to serialize[0m[2m:[0m[1msend splice[0m[2m:[0m [2msp1_prover::worker::client::local[0m[2m:[0m submitting task of kind ProveShard
[2m2026-09-15T20:56:14.221841Z[0m [34mDEBUG[0m [1mCoreExecute[0m[1m{[0m[3mproof_id[0m[2m=[0mproof_01m2kb91v9egga9yypcwvj99mg [3mtask_id[0m[2m=[0mlocal_worker_01m2kb9chkez19hnxxwd2t5t4q[1m}[0m[2m:[0m[1mminimal executor[0m[2m:[0m[1msplicing[0m[1m{[0m[3midx[0m[2m=[0m0[1m}[0m[2m:[0m[1msplicing trace chunk[0m[2m:[0m [2msp1_prover::worker::controller::splicing[0m[2m:[0m shard boundary [3mglobal_clk[0m[2m=[0m11120742 [3mpc[0m[2m=[0m2016380500 [3mnum_mem_reads_left[0m[2m=[0m4869286 [3mclk[0m[2m=[0m89404977
[2m2026-09-15T20:56:14.221876Z[0m [34mDEBUG[0m [1mCoreExecute[0m[1m{[0m[3mproof_id[0m[2m=[0mproof_01m2kb91v9egga9yypcwvj99mg [3mtask_id[0m[2m=[0mlocal_worker_01m2kb9chkez19hnxxwd2t5t4q[1m}[0m[2m:[0m[1mminimal executor[0m[2m:[0m[1msplicing[0m[1m{[0m[3midx[0m[2m=[0m0[1m}[0m[2m:[0m[1msplicing trace chunk[0m[2m:[0m [2msp1_prover::worker::controller::splicing[0m[2m:[0m sending spliced trace to splicing tx [3mglobal_clk[0m[2m=[0m11120742
[2m2026-09-15T20:56:14.234351Z[0m [34mDEBUG[0m [1mProveShard[0m[1m{[0m[3mproof_id[0m[2m=[0mproof_01m2kb91v9egga9yypcwvj99mg [3mtask_id[0m[2m=[0mlocal_worker_01m2kd1nhqe619xe9qj5xw117p[1m}[0m[2m:[0m[1minto_record[0m[2m:[0m [2msp1_prover::worker::prover::core[0m[2m:[0m tracing chunk at clk range: 54256489..56756249
[2m2026-09-15T20:56:14.262617Z[0m [34mDEBUG[0m [1mCoreExecute[0m[1m{[0m[3mproof_id[0m[2m=[0mproof_01m2kb91v9egga9yypcwvj99mg [3mtask_id[0m[2m=[0mlocal_worker_01m2kb9chkez19hnxxwd2t5t4q[1m}[0m[2m:[0m[1memit precompile shards[0m[2m:[0m[1mdeferred sender[0m[2m:[0m [2msp1_prover::worker::controller::precompiles[0m[2m:[0m received deferred marker task status: Succeeded [3mtask_id[0m[2m=[0m"local_worker_01m2kd1nhhe6s97kr5sefqyqf6"
[2m2026-09-15T20:58:18.720735Z[0m [34mDEBUG[0m [1mProveShard[0m[1m{[0m[3mproof_id[0m[2m=[0mproof_01m2kb91v9egga9yypcwvj99mg [3mtask_id[0m[2m=[0mlocal_worker_01m2kd1nhqe619xe9qj5xw117p[1m}[0m[2m:[0m [2msp1_prover::worker::node::full::init[0m[2m:[0m task succeeded
[2m2026-09-15T20:58:18.721472Z[0m [34mDEBUG[0m [1mController[0m[1m{[0m[3mproof_id[0m[2m=[0mproof_01m2kb91v9egga9yypcwvj99mg [3mtask_id[0m[2m=[0mlocal_worker_01m2kb91vje0h9884c5b5mxpp4[1m}[0m[2m:[0m[1mreduce[0m[2m:[0m [2msp1_prover::worker::controller::compress[0m[2m:[0m Checking if complete: Pending tasks: 1, map is empty: false, full range is some: false, is_range_equal: false
[2m2026-09-15T20:58:18.721491Z[0m [34mDEBUG[0m [1mController[0m[1m{[0m[3mproof_id[0m[2m=[0mproof_01m2kb91v9egga9yypcwvj99mg [3mtask_id[0m[2m=[0mlocal_worker_01m2kb91vje0h9884c5b5mxpp4[1m}[0m[2m:[0m[1mreduce[0m[2m:[0m [2msp1_prover::worker::controller::compress[0m[2m:[0m Found sibling
[2m2026-09-15T20:58:18.721496Z[0m [34mDEBUG[0m [1mController[0m[1m{[0m[3mproof_id[0m[2m=[0mproof_01m2kb91v9egga9yypcwvj99mg [3mtask_id[0m[2m=[0mlocal_worker_01m2kb91vje0h9884c5b5mxpp4[1m}[0m[2m:[0m[1mreduce[0m[2m:[0m [2msp1_prover::worker::controller::compress[0m[2m:[0m Checking if complete: Pending tasks: 1, map is empty: true, full range is some: false, is_range_equal: false
[2m2026-09-15T20:58:18.721506Z[0m [34mDEBUG[0m [1mCoreExecute[0m[1m{[0m[3mproof_id[0m[2m=[0mproof_01m2kb91v9egga9yypcwvj99mg [3mtask_id[0m[2m=[0mlocal_worker_01m2kb9chkez19hnxxwd2t5t4q[1m}[0m[2m:[0m[1memit precompile shards[0m[2m:[0m[1mdeferred listener[0m[2m:[0m [2msp1_prover::worker::controller::precompiles[0m[2m:[0m received deferred message with task id TaskId("local_worker_01m2kdgr6gfj9rejb5yzh1x66e")
[2m2026-09-15T20:58:18.721998Z[0m [34mDEBUG[0m [1mCoreExecute[0m[1m{[0m[3mproof_id[0m[2m=[0mproof_01m2kb91v9egga9yypcwvj99mg [3mtask_id[0m[2m=[0mlocal_worker_01m2kb9chkez19hnxxwd2t5t4q[1m}[0m[2m:[0m[1mminimal executor[0m[2m:[0m[1msplicing[0m[1m{[0m[3midx[0m[2m=[0m0[1m}[0m[2m:[0m[1msplicing trace chunk[0m[2m:[0m [2msp1_prover::worker::controller::splicing[0m[2m:[0m spliced trace sent to splicing tx [3mglobal_clk[0m[2m=[0m11120742
[2m2026-09-15T20:58:18.722017Z[0m [34mDEBUG[0m [1mCoreExecute[0m[1m{[0m[3mproof_id[0m[2m=[0mproof_01m2kb91v9egga9yypcwvj99mg [3mtask_id[0m[2m=[0mlocal_worker_01m2kb9chkez19hnxxwd2t5t4q[1m}[0m[2m:[0m[1mminimal executor[0m[2m:[0m[1msplicing[0m[1m{[0m[3midx[0m[2m=[0m0[1m}[0m[2m:[0m[1msplicing trace chunk[0m[2m:[0m [2msp1_prover::worker::controller::splicing[0m[2m:[0m starting new shard at clk: 89404977 at pc: 2016380500
[2m2026-09-15T20:58:18.761240Z[0m [34mDEBUG[0m [1mCoreExecute[0m[1m{[0m[3mproof_id[0m[2m=[0mproof_01m2kb91v9egga9yypcwvj99mg [3mtask_id[0m[2m=[0mlocal_worker_01m2kb9chkez19hnxxwd2t5t4q[1m}[0m[2m:[0m[1mminimal executor[0m[2m:[0m[1msplicing[0m[1m{[0m[3midx[0m[2m=[0m0[1m}[0m[2m:[0m[1msplicing trace chunk[0m[2m:[0m [2msp1_prover::worker::controller::splicing[0m[2m:[0m shard boundary [3mglobal_clk[0m[2m=[0m11505267 [3mpc[0m[2m=[0m2015343416 [3mnum_mem_reads_left[0m[2m=[0m4707311 [3mclk[0m[2m=[0m92510873
[2m2026-09-15T20:58:18.761275Z[0m [34mDEBUG[0m [1mCoreExecute[0m[1m{[0m[3mproof_id[0m[2m=[0mproof_01m2kb91v9egga9yypcwvj99mg [3mtask_id[0m[2m=[0mlocal_worker_01m2kb9chkez19hnxxwd2t5t4q[1m}[0m[2m:[0m[1mminimal executor[0m[2m:[0m[1msplicing[0m[1m{[0m[3midx[0m[2m=[0m0[1m}[0m[2m:[0m[1msplicing trace chunk[0m[2m:[0m [2msp1_prover::worker::controller::splicing[0m[2m:[0m sending spliced trace to splicing tx [3mglobal_clk[0m[2m=[0m11505267
[2m2026-09-15T20:58:18.765477Z[0m [34mDEBUG[0m [1mProveShard[0m[1m{[0m[3mproof_id[0m[2m=[0mproof_01m2kb91v9egga9yypcwvj99mg [3mtask_id[0m[2m=[0mlocal_worker_01m2kd5enpfchsjp562tx444n9[1m}[0m[2m:[0m[1minto_record[0m[2m:[0m [2msp1_prover::worker::prover::core[0m[2m:[0m tracing chunk at clk range: 56756249..59720153
[2m2026-09-15T20:58:18.792013Z[0m [34mDEBUG[0m [1mCoreExecute[0m[1m{[0m[3mproof_id[0m[2m=[0mproof_01m2kb91v9egga9yypcwvj99mg [3mtask_id[0m[2m=[0mlocal_worker_01m2kb9chkez19hnxxwd2t5t4q[1m}[0m[2m:[0m[1mminimal executor[0m[2m:[0m[1msplicing[0m[1m{[0m[3midx[0m[2m=[0m0[1m}[0m[2m:[0m[1mget splices to serialize[0m[2m:[0m[1msend splice[0m[2m:[0m [2msp1_prover::worker::client::local[0m[2m:[0m submitting task of kind MarkerDeferredRecord
[2m2026-09-15T20:58:18.794016Z[0m [34mDEBUG[0m [1mCoreExecute[0m[1m{[0m[3mproof_id[0m[2m=[0mproof_01m2kb91v9egga9yypcwvj99mg [3mtask_id[0m[2m=[0mlocal_worker_01m2kb9chkez19hnxxwd2t5t4q[1m}[0m[2m:[0m[1memit precompile shards[0m[2m:[0m[1mdeferred sender[0m[2m:[0m [2msp1_prover::worker::controller::precompiles[0m[2m:[0m received deferred marker task status: Succeeded [3mtask_id[0m[2m=[0m"local_worker_01m2kd5enhfyrvgrehpah7d52k"
[2m2026-09-15T20:58:18.796463Z[0m [34mDEBUG[0m [1mCoreExecute[0m[1m{[0m[3mproof_id[0m[2m=[0mproof_01m2kb91v9egga9yypcwvj99mg [3mtask_id[0m[2m=[0mlocal_worker_01m2kb9chkez19hnxxwd2t5t4q[1m}[0m[2m:[0m[1mminimal executor[0m[2m:[0m[1msplicing[0m[1m{[0m[3midx[0m[2m=[0m0[1m}[0m[2m:[0m[1mget splices to serialize[0m[2m:[0m[1msend splice[0m[2m:[0m [2msp1_prover::worker::client::local[0m[2m:[0m submitting task of kind ProveShard
[2m2026-09-15T21:00:23.692821Z[0m [34mDEBUG[0m [1mProveShard[0m[1m{[0m[3mproof_id[0m[2m=[0mproof_01m2kb91v9egga9yypcwvj99mg [3mtask_id[0m[2m=[0mlocal_worker_01m2kd5enpfchsjp562tx444n9[1m}[0m[2m:[0m [2msp1_prover::worker::node::full::init[0m[2m:[0m task succeeded
[2m2026-09-15T21:00:23.693613Z[0m [34mDEBUG[0m [1mCoreExecute[0m[1m{[0m[3mproof_id[0m[2m=[0mproof_01m2kb91v9egga9yypcwvj99mg [3mtask_id[0m[2m=[0mlocal_worker_01m2kb9chkez19hnxxwd2t5t4q[1m}[0m[2m:[0m[1memit precompile shards[0m[2m:[0m[1mdeferred listener[0m[2m:[0m [2msp1_prover::worker::controller::precompiles[0m[2m:[0m received deferred message with task id TaskId("local_worker_01m2kdp8kvfh9r7kjq5wngxq8a")
[2m2026-09-15T21:00:23.694780Z[0m [34mDEBUG[0m [1mCoreExecute[0m[1m{[0m[3mproof_id[0m[2m=[0mproof_01m2kb91v9egga9yypcwvj99mg [3mtask_id[0m[2m=[0mlocal_worker_01m2kb9chkez19hnxxwd2t5t4q[1m}[0m[2m:[0m[1mminimal executor[0m[2m:[0m[1msplicing[0m[1m{[0m[3midx[0m[2m=[0m0[1m}[0m[2m:[0m[1msplicing trace chunk[0m[2m:[0m [2msp1_prover::worker::controller::splicing[0m[2m:[0m spliced trace sent to splicing tx [3mglobal_clk[0m[2m=[0m11505267
[2m2026-09-15T21:00:23.695486Z[0m [34mDEBUG[0m [1mCoreExecute[0m[1m{[0m[3mproof_id[0m[2m=[0mproof_01m2kb91v9egga9yypcwvj99mg [3mtask_id[0m[2m=[0mlocal_worker_01m2kb9chkez19hnxxwd2t5t4q[1m}[0m[2m:[0m[1mminimal executor[0m[2m:[0m[1msplicing[0m[1m{[0m[3midx[0m[2m=[0m0[1m}[0m[2m:[0m[1msplicing trace chunk[0m[2m:[0m [2msp1_prover::worker::controller::splicing[0m[2m:[0m starting new shard at clk: 92510873 at pc: 2015343416
[2m2026-09-15T21:00:23.694844Z[0m [34mDEBUG[0m [1mCoreExecute[0m[1m{[0m[3mproof_id[0m[2m=[0mproof_01m2kb91v9egga9yypcwvj99mg [3mtask_id[0m[2m=[0mlocal_worker_01m2kb9chkez19hnxxwd2t5t4q[1m}[0m[2m:[0m[1mminimal executor[0m[2m:[0m[1msplicing[0m[1m{[0m[3midx[0m[2m=[0m0[1m}[0m[2m:[0m[1mget splices to serialize[0m[2m:[0m[1msend splice[0m[2m:[0m [2msp1_prover::worker::client::local[0m[2m:[0m submitting task of kind MarkerDeferredRecord
[2m2026-09-15T21:00:23.700428Z[0m [34mDEBUG[0m [1mCoreExecute[0m[1m{[0m[3mproof_id[0m[2m=[0mproof_01m2kb91v9egga9yypcwvj99mg [3mtask_id[0m[2m=[0mlocal_worker_01m2kb9chkez19hnxxwd2t5t4q[1m}[0m[2m:[0m[1mminimal executor[0m[2m:[0m[1msplicing[0m[1m{[0m[3midx[0m[2m=[0m0[1m}[0m[2m:[0m[1mget splices to serialize[0m[2m:[0m[1msend splice[0m[2m:[0m [2msp1_prover::worker::client::local[0m[2m:[0m submitting task of kind ProveShard
[2m2026-09-15T21:00:23.727118Z[0m [34mDEBUG[0m [1mCoreExecute[0m[1m{[0m[3mproof_id[0m[2m=[0mproof_01m2kb91v9egga9yypcwvj99mg [3mtask_id[0m[2m=[0mlocal_worker_01m2kb9chkez19hnxxwd2t5t4q[1m}[0m[2m:[0m[1mminimal executor[0m[2m:[0m[1msplicing[0m[1m{[0m[3midx[0m[2m=[0m0[1m}[0m[2m:[0m[1msplicing trace chunk[0m[2m:[0m [2msp1_prover::worker::controller::splicing[0m[2m:[0m shard boundary [3mglobal_clk[0m[2m=[0m11870924 [3mpc[0m[2m=[0m2016453980 [3mnum_mem_reads_left[0m[2m=[0m4539470 [3mclk[0m[2m=[0m95475553
[2m2026-09-15T21:00:23.727155Z[0m [34mDEBUG[0m [1mCoreExecute[0m[1m{[0m[3mproof_id[0m[2m=[0mproof_01m2kb91v9egga9yypcwvj99mg [3mtask_id[0m[2m=[0mlocal_worker_01m2kb9chkez19hnxxwd2t5t4q[1m}[0m[2m:[0m[1mminimal executor[0m[2m:[0m[1msplicing[0m[1m{[0m[3midx[0m[2m=[0m0[1m}[0m[2m:[0m[1msplicing trace chunk[0m[2m:[0m [2msp1_prover::worker::controller::splicing[0m[2m:[0m sending spliced trace to splicing tx [3mglobal_clk[0m[2m=[0m11870924
[2m2026-09-15T21:00:23.736827Z[0m [34mDEBUG[0m [1mProveShard[0m[1m{[0m[3mproof_id[0m[2m=[0mproof_01m2kb91v9egga9yypcwvj99mg [3mtask_id[0m[2m=[0mlocal_worker_01m2kd978je58re3spnxpy0v1g[1m}[0m[2m:[0m[1minto_record[0m[2m:[0m [2msp1_prover::worker::prover::core[0m[2m:[0m tracing chunk at clk range: 59720153..62681457
[2m2026-09-15T21:00:23.762201Z[0m [34mDEBUG[0m [1mCoreExecute[0m[1m{[0m[3mproof_id[0m[2m=[0mproof_01m2kb91v9egga9yypcwvj99mg [3mtask_id[0m[2m=[0mlocal_worker_01m2kb9chkez19hnxxwd2t5t4q[1m}[0m[2m:[0m[1memit precompile shards[0m[2m:[0m[1mdeferred sender[0m[2m:[0m [2msp1_prover::worker::controller::precompiles[0m[2m:[0m received deferred marker task status: Succeeded [3mtask_id[0m[2m=[0m"local_worker_01m2kd978df81a4fmyf4dysaxg"
[2m2026-09-15T21:00:23.762344Z[0m [34mDEBUG[0m [1mCoreExecute[0m[1m{[0m[3mproof_id[0m[2m=[0mproof_01m2kb91v9egga9yypcwvj99mg [3mtask_id[0m[2m=[0mlocal_worker_01m2kb9chkez19hnxxwd2t5t4q[1m}[0m[2m:[0m[1memit precompile shards[0m[2m:[0m[1mdeferred sender[0m[2m:[0m [2msp1_prover::worker::client::local[0m[2m:[0m submitting task of kind ProveShard
[2m2026-09-15T21:02:27.193678Z[0m [34mDEBUG[0m [1mProveShard[0m[1m{[0m[3mproof_id[0m[2m=[0mproof_01m2kb91v9egga9yypcwvj99mg [3mtask_id[0m[2m=[0mlocal_worker_01m2kd978je58re3spnxpy0v1g[1m}[0m[2m:[0m [2msp1_prover::worker::node::full::init[0m[2m:[0m task succeeded
[2m2026-09-15T21:02:27.194494Z[0m [34mDEBUG[0m [1mCoreExecute[0m[1m{[0m[3mproof_id[0m[2m=[0mproof_01m2kb91v9egga9yypcwvj99mg [3mtask_id[0m[2m=[0mlocal_worker_01m2kb9chkez19hnxxwd2t5t4q[1m}[0m[2m:[0m[1memit precompile shards[0m[2m:[0m[1mdeferred listener[0m[2m:[0m [2msp1_prover::worker::controller::precompiles[0m[2m:[0m received deferred message with task id TaskId("local_worker_01m2kdt298e5sb5re2bp049fhx")
[2m2026-09-15T21:02:27.194638Z[0m [34mDEBUG[0m [1mCoreExecute[0m[1m{[0m[3mproof_id[0m[2m=[0mproof_01m2kb91v9egga9yypcwvj99mg [3mtask_id[0m[2m=[0mlocal_worker_01m2kb9chkez19hnxxwd2t5t4q[1m}[0m[2m:[0m[1mminimal executor[0m[2m:[0m[1msplicing[0m[1m{[0m[3midx[0m[2m=[0m0[1m}[0m[2m:[0m[1msplicing trace chunk[0m[2m:[0m [2msp1_prover::worker::controller::splicing[0m[2m:[0m spliced trace sent to splicing tx [3mglobal_clk[0m[2m=[0m11870924
[2m2026-09-15T21:02:27.194661Z[0m [34mDEBUG[0m [1mCoreExecute[0m[1m{[0m[3mproof_id[0m[2m=[0mproof_01m2kb91v9egga9yypcwvj99mg [3mtask_id[0m[2m=[0mlocal_worker_01m2kb9chkez19hnxxwd2t5t4q[1m}[0m[2m:[0m[1mminimal executor[0m[2m:[0m[1msplicing[0m[1m{[0m[3midx[0m[2m=[0m0[1m}[0m[2m:[0m[1msplicing trace chunk[0m[2m:[0m [2msp1_prover::worker::controller::splicing[0m[2m:[0m starting new shard at clk: 95475553 at pc: 2016453980
[2m2026-09-15T21:02:27.196706Z[0m [34mDEBUG[0m [1mCoreExecute[0m[1m{[0m[3mproof_id[0m[2m=[0mproof_01m2kb91v9egga9yypcwvj99mg [3mtask_id[0m[2m=[0mlocal_worker_01m2kb9chkez19hnxxwd2t5t4q[1m}[0m[2m:[0m[1mminimal executor[0m[2m:[0m[1msplicing[0m[1m{[0m[3midx[0m[2m=[0m0[1m}[0m[2m:[0m[1mget splices to serialize[0m[2m:[0m[1msend splice[0m[2m:[0m [2msp1_prover::worker::client::local[0m[2m:[0m submitting task of kind MarkerDeferredRecord
[2m2026-09-15T21:02:27.201043Z[0m [34mDEBUG[0m [1mCoreExecute[0m[1m{[0m[3mproof_id[0m[2m=[0mproof_01m2kb91v9egga9yypcwvj99mg [3mtask_id[0m[2m=[0mlocal_worker_01m2kb9chkez19hnxxwd2t5t4q[1m}[0m[2m:[0m[1mminimal executor[0m[2m:[0m[1msplicing[0m[1m{[0m[3midx[0m[2m=[0m0[1m}[0m[2m:[0m[1mget splices to serialize[0m[2m:[0m[1msend splice[0m[2m:[0m [2msp1_prover::worker::client::local[0m[2m:[0m submitting task of kind ProveShard
[2m2026-09-15T21:02:27.218356Z[0m [34mDEBUG[0m [1mCoreExecute[0m[1m{[0m[3mproof_id[0m[2m=[0mproof_01m2kb91v9egga9yypcwvj99mg [3mtask_id[0m[2m=[0mlocal_worker_01m2kb9chkez19hnxxwd2t5t4q[1m}[0m[2m:[0m[1mminimal executor[0m[2m:[0m[1msplicing[0m[1m{[0m[3midx[0m[2m=[0m0[1m}[0m[2m:[0m[1msplicing trace chunk[0m[2m:[0m [2msp1_prover::worker::controller::splicing[0m[2m:[0m shard boundary [3mglobal_clk[0m[2m=[0m12147492 [3mpc[0m[2m=[0m2016454016 [3mnum_mem_reads_left[0m[2m=[0m4418592 [3mclk[0m[2m=[0m97799713
[2m2026-09-15T21:02:27.218382Z[0m [34mDEBUG[0m [1mCoreExecute[0m[1m{[0m[3mproof_id[0m[2m=[0mproof_01m2kb91v9egga9yypcwvj99mg [3mtask_id[0m[2m=[0mlocal_worker_01m2kb9chkez19hnxxwd2t5t4q[1m}[0m[2m:[0m[1mminimal executor[0m[2m:[0m[1msplicing[0m[1m{[0m[3midx[0m[2m=[0m0[1m}[0m[2m:[0m[1msplicing trace chunk[0m[2m:[0m [2msp1_prover::worker::controller::splicing[0m[2m:[0m sending spliced trace to splicing tx [3mglobal_clk[0m[2m=[0m12147492
[2m2026-09-15T21:02:27.236920Z[0m [34mDEBUG[0m [1mProveShard[0m[1m{[0m[3mproof_id[0m[2m=[0mproof_01m2kb91v9egga9yypcwvj99mg [3mtask_id[0m[2m=[0mlocal_worker_01m2kdd01pfd9s6pbsqhdfeqff[1m}[0m[2m:[0m[1minto_record[0m[2m:[0m [2msp1_prover::worker::prover::core[0m[2m:[0m tracing chunk at clk range: 62681457..65617817
[2m2026-09-15T21:04:31.108523Z[0m [34mDEBUG[0m [1mProveShard[0m[1m{[0m[3mproof_id[0m[2m=[0mproof_01m2kb91v9egga9yypcwvj99mg [3mtask_id[0m[2m=[0mlocal_worker_01m2kdd01pfd9s6pbsqhdfeqff[1m}[0m[2m:[0m [2msp1_prover::worker::node::full::init[0m[2m:[0m task succeeded
[2m2026-09-15T21:04:31.109329Z[0m [34mDEBUG[0m [1mCoreExecute[0m[1m{[0m[3mproof_id[0m[2m=[0mproof_01m2kb91v9egga9yypcwvj99mg [3mtask_id[0m[2m=[0mlocal_worker_01m2kb9chkez19hnxxwd2t5t4q[1m}[0m[2m:[0m[1memit precompile shards[0m[2m:[0m[1mdeferred listener[0m[2m:[0m [2msp1_prover::worker::controller::precompiles[0m[2m:[0m received deferred message with task id TaskId("local_worker_01m2kdxw8ffs1s2fpc87q7vcpm")
[2m2026-09-15T21:04:31.110484Z[0m [34mDEBUG[0m [1mCoreExecute[0m[1m{[0m[3mproof_id[0m[2m=[0mproof_01m2kb91v9egga9yypcwvj99mg [3mtask_id[0m[2m=[0mlocal_worker_01m2kb9chkez19hnxxwd2t5t4q[1m}[0m[2m:[0m[1mminimal executor[0m[2m:[0m[1msplicing[0m[1m{[0m[3midx[0m[2m=[0m0[1m}[0m[2m:[0m[1mget splices to serialize[0m[2m:[0m[1msend splice[0m[2m:[0m [2msp1_prover::worker::client::local[0m[2m:[0m submitting task of kind MarkerDeferredRecord
[2m2026-09-15T21:04:31.110496Z[0m [34mDEBUG[0m [1mCoreExecute[0m[1m{[0m[3mproof_id[0m[2m=[0mproof_01m2kb91v9egga9yypcwvj99mg [3mtask_id[0m[2m=[0mlocal_worker_01m2kb9chkez19hnxxwd2t5t4q[1m}[0m[2m:[0m[1mminimal executor[0m[2m:[0m[1msplicing[0m[1m{[0m[3midx[0m[2m=[0m0[1m}[0m[2m:[0m[1msplicing trace chunk[0m[2m:[0m [2msp1_prover::worker::controller::splicing[0m[2m:[0m spliced trace sent to splicing tx [3mglobal_clk[0m[2m=[0m12147492
[2m2026-09-15T21:04:31.110513Z[0m [34mDEBUG[0m [1mCoreExecute[0m[1m{[0m[3mproof_id[0m[2m=[0mproof_01m2kb91v9egga9yypcwvj99mg [3mtask_id[0m[2m=[0mlocal_worker_01m2kb9chkez19hnxxwd2t5t4q[1m}[0m[2m:[0m[1mminimal executor[0m[2m:[0m[1msplicing[0m[1m{[0m[3midx[0m[2m=[0m0[1m}[0m[2m:[0m[1msplicing trace chunk[0m[2m:[0m [2msp1_prover::worker::controller::splicing[0m[2m:[0m starting new shard at clk: 97799713 at pc: 2016454016
[2m2026-09-15T21:04:31.114836Z[0m [34mDEBUG[0m [1mCoreExecute[0m[1m{[0m[3mproof_id[0m[2m=[0mproof_01m2kb91v9egga9yypcwvj99mg [3mtask_id[0m[2m=[0mlocal_worker_01m2kb9chkez19hnxxwd2t5t4q[1m}[0m[2m:[0m[1mminimal executor[0m[2m:[0m[1msplicing[0m[1m{[0m[3midx[0m[2m=[0m0[1m}[0m[2m:[0m[1mget splices to serialize[0m[2m:[0m[1msend splice[0m[2m:[0m [2msp1_prover::worker::client::local[0m[2m:[0m submitting task of kind ProveShard
[2m2026-09-15T21:04:31.136235Z[0m [34mDEBUG[0m [1mCoreExecute[0m[1m{[0m[3mproof_id[0m[2m=[0mproof_01m2kb91v9egga9yypcwvj99mg [3mtask_id[0m[2m=[0mlocal_worker_01m2kb9chkez19hnxxwd2t5t4q[1m}[0m[2m:[0m[1mminimal executor[0m[2m:[0m[1msplicing[0m[1m{[0m[3midx[0m[2m=[0m0[1m}[0m[2m:[0m[1msplicing trace chunk[0m[2m:[0m [2msp1_prover::worker::controller::splicing[0m[2m:[0m shard boundary [3mglobal_clk[0m[2m=[0m12404078 [3mpc[0m[2m=[0m2014736508 [3mnum_mem_reads_left[0m[2m=[0m4302098 [3mclk[0m[2m=[0m99970161
[2m2026-09-15T21:04:31.136266Z[0m [34mDEBUG[0m [1mCoreExecute[0m[1m{[0m[3mproof_id[0m[2m=[0mproof_01m2kb91v9egga9yypcwvj99mg [3mtask_id[0m[2m=[0mlocal_worker_01m2kb9chkez19hnxxwd2t5t4q[1m}[0m[2m:[0m[1mminimal executor[0m[2m:[0m[1msplicing[0m[1m{[0m[3midx[0m[2m=[0m0[1m}[0m[2m:[0m[1msplicing trace chunk[0m[2m:[0m [2msp1_prover::worker::controller::splicing[0m[2m:[0m sending spliced trace to splicing tx [3mglobal_clk[0m[2m=[0m12404078
[2m2026-09-15T21:04:31.155214Z[0m [34mDEBUG[0m [1mProveShard[0m[1m{[0m[3mproof_id[0m[2m=[0mproof_01m2kb91v9egga9yypcwvj99mg [3mtask_id[0m[2m=[0mlocal_worker_01m2kdgr6pew0rgbfh1vabfr8x[1m}[0m[2m:[0m[1minto_record[0m[2m:[0m [2msp1_prover::worker::prover::core[0m[2m:[0m tracing chunk at clk range: 65617817..68586809
[2m2026-09-15T21:06:36.744942Z[0m [34mDEBUG[0m [1mProveShard[0m[1m{[0m[3mproof_id[0m[2m=[0mproof_01m2kb91v9egga9yypcwvj99mg [3mtask_id[0m[2m=[0mlocal_worker_01m2kdgr6pew0rgbfh1vabfr8x[1m}[0m[2m:[0m [2msp1_prover::worker::node::full::init[0m[2m:[0m task succeeded
[2m2026-09-15T21:06:36.745829Z[0m [34mDEBUG[0m [1mCoreExecute[0m[1m{[0m[3mproof_id[0m[2m=[0mproof_01m2kb91v9egga9yypcwvj99mg [3mtask_id[0m[2m=[0mlocal_worker_01m2kb9chkez19hnxxwd2t5t4q[1m}[0m[2m:[0m[1memit precompile shards[0m[2m:[0m[1mdeferred sender[0m[2m:[0m [2msp1_prover::worker::controller::precompiles[0m[2m:[0m received deferred marker task status: Succeeded [3mtask_id[0m[2m=[0m"local_worker_01m2kdd01hf0898j9hcky1a7md"
[2m2026-09-15T21:06:36.746090Z[0m [34mDEBUG[0m [1mCoreExecute[0m[1m{[0m[3mproof_id[0m[2m=[0mproof_01m2kb91v9egga9yypcwvj99mg [3mtask_id[0m[2m=[0mlocal_worker_01m2kb9chkez19hnxxwd2t5t4q[1m}[0m[2m:[0m[1memit precompile shards[0m[2m:[0m[1mdeferred sender[0m[2m:[0m [2msp1_prover::worker::client::local[0m[2m:[0m submitting task of kind ProveShard
[2m2026-09-15T21:06:37.372397Z[0m [34mDEBUG[0m [1mProveShard[0m[1m{[0m[3mproof_id[0m[2m=[0mproof_01m2kb91v9egga9yypcwvj99mg [3mtask_id[0m[2m=[0mlocal_worker_01m2kdp8m0f71b4ccrqkzqjpxx[1m}[0m[2m:[0m[1minto_record[0m[2m:[0m [2msp1_prover::worker::prover::core[0m[2m:[0m tracing chunk at clk range: 68586809..71520105
[2m2026-09-15T21:08:43.050051Z[0m [34mDEBUG[0m [1mProveShard[0m[1m{[0m[3mproof_id[0m[2m=[0mproof_01m2kb91v9egga9yypcwvj99mg [3mtask_id[0m[2m=[0mlocal_worker_01m2kdp8m0f71b4ccrqkzqjpxx[1m}[0m[2m:[0m [2msp1_prover::worker::node::full::init[0m[2m:[0m task succeeded
[2m2026-09-15T21:08:43.050871Z[0m [34mDEBUG[0m [1mController[0m[1m{[0m[3mproof_id[0m[2m=[0mproof_01m2kb91v9egga9yypcwvj99mg [3mtask_id[0m[2m=[0mlocal_worker_01m2kb91vje0h9884c5b5mxpp4[1m}[0m[2m:[0m[1mreduce[0m[2m:[0m [2msp1_prover::worker::controller::compress[0m[2m:[0m Checking if complete: Pending tasks: 1, map is empty: false, full range is some: false, is_range_equal: false
[2m2026-09-15T21:08:43.050891Z[0m [34mDEBUG[0m [1mController[0m[1m{[0m[3mproof_id[0m[2m=[0mproof_01m2kb91v9egga9yypcwvj99mg [3mtask_id[0m[2m=[0mlocal_worker_01m2kb91vje0h9884c5b5mxpp4[1m}[0m[2m:[0m[1mreduce[0m[2m:[0m [2msp1_prover::worker::controller::compress[0m[2m:[0m Found sibling
[2m2026-09-15T21:08:43.050896Z[0m [34mDEBUG[0m [1mController[0m[1m{[0m[3mproof_id[0m[2m=[0mproof_01m2kb91v9egga9yypcwvj99mg [3mtask_id[0m[2m=[0mlocal_worker_01m2kb91vje0h9884c5b5mxpp4[1m}[0m[2m:[0m[1mreduce[0m[2m:[0m [2msp1_prover::worker::controller::compress[0m[2m:[0m Checking if complete: Pending tasks: 1, map is empty: true, full range is some: false, is_range_equal: false
[2m2026-09-15T21:08:43.050903Z[0m [34mDEBUG[0m [1mController[0m[1m{[0m[3mproof_id[0m[2m=[0mproof_01m2kb91v9egga9yypcwvj99mg [3mtask_id[0m[2m=[0mlocal_worker_01m2kb91vje0h9884c5b5mxpp4[1m}[0m[2m:[0m[1mreduce[0m[2m:[0m [2msp1_prover::worker::controller::compress[0m[2m:[0m Checking if complete: Pending tasks: 1, map is empty: false, full range is some: false, is_range_equal: false
[2m2026-09-15T21:08:43.050908Z[0m [34mDEBUG[0m [1mController[0m[1m{[0m[3mproof_id[0m[2m=[0mproof_01m2kb91v9egga9yypcwvj99mg [3mtask_id[0m[2m=[0mlocal_worker_01m2kb91vje0h9884c5b5mxpp4[1m}[0m[2m:[0m[1mreduce[0m[2m:[0m [2msp1_prover::worker::controller::compress[0m[2m:[0m Found sibling
[2m2026-09-15T21:08:43.050911Z[0m [34mDEBUG[0m [1mController[0m[1m{[0m[3mproof_id[0m[2m=[0mproof_01m2kb91v9egga9yypcwvj99mg [3mtask_id[0m[2m=[0mlocal_worker_01m2kb91vje0h9884c5b5mxpp4[1m}[0m[2m:[0m[1mreduce[0m[2m:[0m [2msp1_prover::worker::controller::compress[0m[2m:[0m Checking if complete: Pending tasks: 1, map is empty: true, full range is some: false, is_range_equal: false
[2m2026-09-15T21:08:43.050910Z[0m [34mDEBUG[0m [1mCoreExecute[0m[1m{[0m[3mproof_id[0m[2m=[0mproof_01m2kb91v9egga9yypcwvj99mg [3mtask_id[0m[2m=[0mlocal_worker_01m2kb9chkez19hnxxwd2t5t4q[1m}[0m[2m:[0m[1memit precompile shards[0m[2m:[0m[1mdeferred listener[0m[2m:[0m [2msp1_prover::worker::controller::precompiles[0m[2m:[0m received deferred message with task id TaskId("local_worker_01m2ke1mvwfq9trsqde4xwzfhv")
[2m2026-09-15T21:08:43.050933Z[0m [34mDEBUG[0m [1mController[0m[1m{[0m[3mproof_id[0m[2m=[0mproof_01m2kb91v9egga9yypcwvj99mg [3mtask_id[0m[2m=[0mlocal_worker_01m2kb91vje0h9884c5b5mxpp4[1m}[0m[2m:[0m[1mreduce[0m[2m:[0m [2msp1_prover::worker::client::local[0m[2m:[0m submitting task of kind RecursionReduce
[2m2026-09-15T21:08:43.050959Z[0m [34mDEBUG[0m [1mController[0m[1m{[0m[3mproof_id[0m[2m=[0mproof_01m2kb91v9egga9yypcwvj99mg [3mtask_id[0m[2m=[0mlocal_worker_01m2kb91vje0h9884c5b5mxpp4[1m}[0m[2m:[0m[1mreduce[0m[2m:[0m [2msp1_prover::worker::controller::compress[0m[2m:[0m Checking if complete: Pending tasks: 3, map is empty: true, full range is some: false, is_range_equal: false
[2m2026-09-15T21:08:43.050964Z[0m [34mDEBUG[0m [1mController[0m[1m{[0m[3mproof_id[0m[2m=[0mproof_01m2kb91v9egga9yypcwvj99mg [3mtask_id[0m[2m=[0mlocal_worker_01m2kb91vje0h9884c5b5mxpp4[1m}[0m[2m:[0m[1mreduce[0m[2m:[0m [2msp1_prover::worker::controller::compress[0m[2m:[0m No neighboring range found, adding proof to tree
[2m2026-09-15T21:08:43.050968Z[0m [34mDEBUG[0m [1mController[0m[1m{[0m[3mproof_id[0m[2m=[0mproof_01m2kb91v9egga9yypcwvj99mg [3mtask_id[0m[2m=[0mlocal_worker_01m2kb91vje0h9884c5b5mxpp4[1m}[0m[2m:[0m[1mreduce[0m[2m:[0m [2msp1_prover::worker::controller::compress[0m[2m:[0m Checking if complete: Pending tasks: 2, map is empty: false, full range is some: false, is_range_equal: false
[2m2026-09-15T21:08:43.050977Z[0m [34mDEBUG[0m [1mController[0m[1m{[0m[3mproof_id[0m[2m=[0mproof_01m2kb91v9egga9yypcwvj99mg [3mtask_id[0m[2m=[0mlocal_worker_01m2kb91vje0h9884c5b5mxpp4[1m}[0m[2m:[0m[1mreduce[0m[2m:[0m [2msp1_prover::worker::controller::compress[0m[2m:[0m Found sibling
[2m2026-09-15T21:08:43.050981Z[0m [34mDEBUG[0m [1mController[0m[1m{[0m[3mproof_id[0m[2m=[0mproof_01m2kb91v9egga9yypcwvj99mg [3mtask_id[0m[2m=[0mlocal_worker_01m2kb91vje0h9884c5b5mxpp4[1m}[0m[2m:[0m[1mreduce[0m[2m:[0m [2msp1_prover::worker::controller::compress[0m[2m:[0m Checking if complete: Pending tasks: 2, map is empty: true, full range is some: false, is_range_equal: false
[2m2026-09-15T21:08:43.052509Z[0m [34mDEBUG[0m [1mCoreExecute[0m[1m{[0m[3mproof_id[0m[2m=[0mproof_01m2kb91v9egga9yypcwvj99mg [3mtask_id[0m[2m=[0mlocal_worker_01m2kb9chkez19hnxxwd2t5t4q[1m}[0m[2m:[0m[1mminimal executor[0m[2m:[0m[1msplicing[0m[1m{[0m[3midx[0m[2m=[0m0[1m}[0m[2m:[0m[1mget splices to serialize[0m[2m:[0m[1msend splice[0m[2m:[0m [2msp1_prover::worker::client::local[0m[2m:[0m submitting task of kind MarkerDeferredRecord
[2m2026-09-15T21:08:43.052560Z[0m [34mDEBUG[0m [1mCoreExecute[0m[1m{[0m[3mproof_id[0m[2m=[0mproof_01m2kb91v9egga9yypcwvj99mg [3mtask_id[0m[2m=[0mlocal_worker_01m2kb9chkez19hnxxwd2t5t4q[1m}[0m[2m:[0m[1mminimal executor[0m[2m:[0m[1msplicing[0m[1m{[0m[3midx[0m[2m=[0m0[1m}[0m[2m:[0m[1msplicing trace chunk[0m[2m:[0m [2msp1_prover::worker::controller::splicing[0m[2m:[0m spliced trace sent to splicing tx [3mglobal_clk[0m[2m=[0m12404078
[2m2026-09-15T21:08:43.052571Z[0m [34mDEBUG[0m [1mCoreExecute[0m[1m{[0m[3mproof_id[0m[2m=[0mproof_01m2kb91v9egga9yypcwvj99mg [3mtask_id[0m[2m=[0mlocal_worker_01m2kb9chkez19hnxxwd2t5t4q[1m}[0m[2m:[0m[1mminimal executor[0m[2m:[0m[1msplicing[0m[1m{[0m[3midx[0m[2m=[0m0[1m}[0m[2m:[0m[1msplicing trace chunk[0m[2m:[0m [2msp1_prover::worker::controller::splicing[0m[2m:[0m starting new shard at clk: 99970161 at pc: 2014736508
[2m2026-09-15T21:08:43.080661Z[0m [34mDEBUG[0m [1mCoreExecute[0m[1m{[0m[3mproof_id[0m[2m=[0mproof_01m2kb91v9egga9yypcwvj99mg [3mtask_id[0m[2m=[0mlocal_worker_01m2kb9chkez19hnxxwd2t5t4q[1m}[0m[2m:[0m[1mminimal executor[0m[2m:[0m[1msplicing[0m[1m{[0m[3midx[0m[2m=[0m0[1m}[0m[2m:[0m[1mget splices to serialize[0m[2m:[0m[1msend splice[0m[2m:[0m [2msp1_prover::worker::client::local[0m[2m:[0m submitting task of kind ProveShard
[2m2026-09-15T21:08:43.100920Z[0m [34mDEBUG[0m [1mProveShard[0m[1m{[0m[3mproof_id[0m[2m=[0mproof_01m2kb91v9egga9yypcwvj99mg [3mtask_id[0m[2m=[0mlocal_worker_01m2kdt29ce3hbeqp2axkqag3r[1m}[0m[2m:[0m[1minto_record[0m[2m:[0m [2msp1_prover::worker::prover::core[0m[2m:[0m tracing chunk at clk range: 71520105..74463737
[2m2026-09-15T21:08:43.121696Z[0m [34mDEBUG[0m [1mCoreExecute[0m[1m{[0m[3mproof_id[0m[2m=[0mproof_01m2kb91v9egga9yypcwvj99mg [3mtask_id[0m[2m=[0mlocal_worker_01m2kb9chkez19hnxxwd2t5t4q[1m}[0m[2m:[0m[1mminimal executor[0m[2m:[0m[1msplicing[0m[1m{[0m[3midx[0m[2m=[0m0[1m}[0m[2m:[0m[1msplicing trace chunk[0m[2m:[0m [2msp1_prover::worker::controller::splicing[0m[2m:[0m shard boundary [3mglobal_clk[0m[2m=[0m12794262 [3mpc[0m[2m=[0m2016399636 [3mnum_mem_reads_left[0m[2m=[0m3998743 [3mclk[0m[2m=[0m105045425
[2m2026-09-15T21:08:43.121735Z[0m [34mDEBUG[0m [1mCoreExecute[0m[1m{[0m[3mproof_id[0m[2m=[0mproof_01m2kb91v9egga9yypcwvj99mg [3mtask_id[0m[2m=[0mlocal_worker_01m2kb9chkez19hnxxwd2t5t4q[1m}[0m[2m:[0m[1mminimal executor[0m[2m:[0m[1msplicing[0m[1m{[0m[3midx[0m[2m=[0m0[1m}[0m[2m:[0m[1msplicing trace chunk[0m[2m:[0m [2msp1_prover::worker::controller::splicing[0m[2m:[0m sending spliced trace to splicing tx [3mglobal_clk[0m[2m=[0m12794262
[2m2026-09-15T21:10:07.122859Z[0m [34mDEBUG[0m [1mRecursionReduce[0m[1m{[0m[3mproof_id[0m[2m=[0mproof_01m2kb91v9egga9yypcwvj99mg [3mtask_id[0m[2m=[0mlocal_worker_01m2ked3xaex194b4rbvm23vmj[1m}[0m[2m:[0m [2msp1_prover::worker::node::full::init[0m[2m:[0m task succeeded
[2m2026-09-15T21:10:07.122925Z[0m [34mDEBUG[0m [1mController[0m[1m{[0m[3mproof_id[0m[2m=[0mproof_01m2kb91v9egga9yypcwvj99mg [3mtask_id[0m[2m=[0mlocal_worker_01m2kb91vje0h9884c5b5mxpp4[1m}[0m[2m:[0m[1mreduce[0m[2m:[0m [2msp1_prover::worker::controller::compress[0m[2m:[0m Checking if complete: Pending tasks: 1, map is empty: false, full range is some: false, is_range_equal: false
[2m2026-09-15T21:10:07.122937Z[0m [34mDEBUG[0m [1mController[0m[1m{[0m[3mproof_id[0m[2m=[0mproof_01m2kb91v9egga9yypcwvj99mg [3mtask_id[0m[2m=[0mlocal_worker_01m2kb91vje0h9884c5b5mxpp4[1m}[0m[2m:[0m[1mreduce[0m[2m:[0m [2msp1_prover::worker::controller::compress[0m[2m:[0m Found sibling
[2m2026-09-15T21:10:07.122942Z[0m [34mDEBUG[0m [1mController[0m[1m{[0m[3mproof_id[0m[2m=[0mproof_01m2kb91v9egga9yypcwvj99mg [3mtask_id[0m[2m=[0mlocal_worker_01m2kb91vje0h9884c5b5mxpp4[1m}[0m[2m:[0m[1mreduce[0m[2m:[0m [2msp1_prover::worker::controller::compress[0m[2m:[0m Checking if complete: Pending tasks: 1, map is empty: true, full range is some: false, is_range_equal: false
[2m2026-09-15T21:11:40.943586Z[0m [34mDEBUG[0m [1mProveShard[0m[1m{[0m[3mproof_id[0m[2m=[0mproof_01m2kb91v9egga9yypcwvj99mg [3mtask_id[0m[2m=[0mlocal_worker_01m2kdt29ce3hbeqp2axkqag3r[1m}[0m[2m:[0m [2msp1_prover::worker::node::full::init[0m[2m:[0m task succeeded
[2m2026-09-15T21:11:40.944414Z[0m [34mDEBUG[0m [1mCoreExecute[0m[1m{[0m[3mproof_id[0m[2m=[0mproof_01m2kb91v9egga9yypcwvj99mg [3mtask_id[0m[2m=[0mlocal_worker_01m2kb9chkez19hnxxwd2t5t4q[1m}[0m[2m:[0m[1memit precompile shards[0m[2m:[0m[1mdeferred listener[0m[2m:[0m [2msp1_prover::worker::controller::precompiles[0m[2m:[0m received deferred message with task id TaskId("local_worker_01m2ke5dw6eg1srjnq8acejhbs")
[2m2026-09-15T21:11:40.944545Z[0m [34mDEBUG[0m [1mCoreExecute[0m[1m{[0m[3mproof_id[0m[2m=[0mproof_01m2kb91v9egga9yypcwvj99mg [3mtask_id[0m[2m=[0mlocal_worker_01m2kb9chkez19hnxxwd2t5t4q[1m}[0m[2m:[0m[1mminimal executor[0m[2m:[0m[1msplicing[0m[1m{[0m[3midx[0m[2m=[0m0[1m}[0m[2m:[0m[1msplicing trace chunk[0m[2m:[0m [2msp1_prover::worker::controller::splicing[0m[2m:[0m spliced trace sent to splicing tx [3mglobal_clk[0m[2m=[0m12794262
[2m2026-09-15T21:11:40.944560Z[0m [34mDEBUG[0m [1mCoreExecute[0m[1m{[0m[3mproof_id[0m[2m=[0mproof_01m2kb91v9egga9yypcwvj99mg [3mtask_id[0m[2m=[0mlocal_worker_01m2kb9chkez19hnxxwd2t5t4q[1m}[0m[2m:[0m[1mminimal executor[0m[2m:[0m[1msplicing[0m[1m{[0m[3midx[0m[2m=[0m0[1m}[0m[2m:[0m[1msplicing trace chunk[0m[2m:[0m [2msp1_prover::worker::controller::splicing[0m[2m:[0m starting new shard at clk: 105045425 at pc: 2016399636
[2m2026-09-15T21:11:40.946193Z[0m [34mDEBUG[0m [1mCoreExecute[0m[1m{[0m[3mproof_id[0m[2m=[0mproof_01m2kb91v9egga9yypcwvj99mg [3mtask_id[0m[2m=[0mlocal_worker_01m2kb9chkez19hnxxwd2t5t4q[1m}[0m[2m:[0m[1mminimal executor[0m[2m:[0m[1msplicing[0m[1m{[0m[3midx[0m[2m=[0m0[1m}[0m[2m:[0m[1mget splices to serialize[0m[2m:[0m[1msend splice[0m[2m:[0m [2msp1_prover::worker::client::local[0m[2m:[0m submitting task of kind MarkerDeferredRecord
[2m2026-09-15T21:11:40.951261Z[0m [34mDEBUG[0m [1mCoreExecute[0m[1m{[0m[3mproof_id[0m[2m=[0mproof_01m2kb91v9egga9yypcwvj99mg [3mtask_id[0m[2m=[0mlocal_worker_01m2kb9chkez19hnxxwd2t5t4q[1m}[0m[2m:[0m[1mminimal executor[0m[2m:[0m[1msplicing[0m[1m{[0m[3midx[0m[2m=[0m0[1m}[0m[2m:[0m[1mget splices to serialize[0m[2m:[0m[1msend splice[0m[2m:[0m [2msp1_prover::worker::client::local[0m[2m:[0m submitting task of kind ProveShard
[2m2026-09-15T21:11:40.992359Z[0m [34mDEBUG[0m [1mProveShard[0m[1m{[0m[3mproof_id[0m[2m=[0mproof_01m2kb91v9egga9yypcwvj99mg [3mtask_id[0m[2m=[0mlocal_worker_01m2kdxw8mewrstnkqdhcd5eq2[1m}[0m[2m:[0m[1minto_record[0m[2m:[0m [2msp1_prover::worker::prover::core[0m[2m:[0m tracing chunk at clk range: 74463737..77415369
[2m2026-09-15T21:11:40.996736Z[0m [34mDEBUG[0m [1mCoreExecute[0m[1m{[0m[3mproof_id[0m[2m=[0mproof_01m2kb91v9egga9yypcwvj99mg [3mtask_id[0m[2m=[0mlocal_worker_01m2kb9chkez19hnxxwd2t5t4q[1m}[0m[2m:[0m[1mminimal executor[0m[2m:[0m[1msplicing[0m[1m{[0m[3midx[0m[2m=[0m0[1m}[0m[2m:[0m[1msplicing trace chunk[0m[2m:[0m [2msp1_prover::worker::controller::splicing[0m[2m:[0m shard boundary [3mglobal_clk[0m[2m=[0m13183732 [3mpc[0m[2m=[0m2016406668 [3mnum_mem_reads_left[0m[2m=[0m3696535 [3mclk[0m[2m=[0m110112929
[2m2026-09-15T21:11:40.996783Z[0m [34mDEBUG[0m [1mCoreExecute[0m[1m{[0m[3mproof_id[0m[2m=[0mproof_01m2kb91v9egga9yypcwvj99mg [3mtask_id[0m[2m=[0mlocal_worker_01m2kb9chkez19hnxxwd2t5t4q[1m}[0m[2m:[0m[1mminimal executor[0m[2m:[0m[1msplicing[0m[1m{[0m[3midx[0m[2m=[0m0[1m}[0m[2m:[0m[1msplicing trace chunk[0m[2m:[0m [2msp1_prover::worker::controller::splicing[0m[2m:[0m sending spliced trace to splicing tx [3mglobal_clk[0m[2m=[0m13183732
[2m2026-09-15T21:13:44.415371Z[0m [34mDEBUG[0m [1mProveShard[0m[1m{[0m[3mproof_id[0m[2m=[0mproof_01m2kb91v9egga9yypcwvj99mg [3mtask_id[0m[2m=[0mlocal_worker_01m2kdxw8mewrstnkqdhcd5eq2[1m}[0m[2m:[0m [2msp1_prover::worker::node::full::init[0m[2m:[0m task succeeded
[2m2026-09-15T21:13:44.416020Z[0m [34mDEBUG[0m [1mCoreExecute[0m[1m{[0m[3mproof_id[0m[2m=[0mproof_01m2kb91v9egga9yypcwvj99mg [3mtask_id[0m[2m=[0mlocal_worker_01m2kb9chkez19hnxxwd2t5t4q[1m}[0m[2m:[0m[1memit precompile shards[0m[2m:[0m[1mdeferred sender[0m[2m:[0m [2msp1_prover::worker::controller::precompiles[0m[2m:[0m received deferred marker task status: Succeeded [3mtask_id[0m[2m=[0m"local_worker_01m2kdgr6gfj9rejb5yzh1x66e"
[2m2026-09-15T21:13:44.416043Z[0m [34mDEBUG[0m [1mController[0m[1m{[0m[3mproof_id[0m[2m=[0mproof_01m2kb91v9egga9yypcwvj99mg [3mtask_id[0m[2m=[0mlocal_worker_01m2kb91vje0h9884c5b5mxpp4[1m}[0m[2m:[0m[1mreduce[0m[2m:[0m [2msp1_prover::worker::controller::compress[0m[2m:[0m Checking if complete: Pending tasks: 1, map is empty: false, full range is some: false, is_range_equal: false
[2m2026-09-15T21:13:44.416057Z[0m [34mDEBUG[0m [1mController[0m[1m{[0m[3mproof_id[0m[2m=[0mproof_01m2kb91v9egga9yypcwvj99mg [3mtask_id[0m[2m=[0mlocal_worker_01m2kb91vje0h9884c5b5mxpp4[1m}[0m[2m:[0m[1mreduce[0m[2m:[0m [2msp1_prover::worker::controller::compress[0m[2m:[0m Found sibling
[2m2026-09-15T21:13:44.416062Z[0m [34mDEBUG[0m [1mController[0m[1m{[0m[3mproof_id[0m[2m=[0mproof_01m2kb91v9egga9yypcwvj99mg [3mtask_id[0m[2m=[0mlocal_worker_01m2kb91vje0h9884c5b5mxpp4[1m}[0m[2m:[0m[1mreduce[0m[2m:[0m [2msp1_prover::worker::controller::compress[0m[2m:[0m Checking if complete: Pending tasks: 1, map is empty: true, full range is some: false, is_range_equal: false
[2m2026-09-15T21:13:44.416087Z[0m [34mDEBUG[0m [1mController[0m[1m{[0m[3mproof_id[0m[2m=[0mproof_01m2kb91v9egga9yypcwvj99mg [3mtask_id[0m[2m=[0mlocal_worker_01m2kb91vje0h9884c5b5mxpp4[1m}[0m[2m:[0m[1mreduce[0m[2m:[0m [2msp1_prover::worker::client::local[0m[2m:[0m submitting task of kind RecursionReduce
[2m2026-09-15T21:13:44.416588Z[0m [34mDEBUG[0m [1mCoreExecute[0m[1m{[0m[3mproof_id[0m[2m=[0mproof_01m2kb91v9egga9yypcwvj99mg [3mtask_id[0m[2m=[0mlocal_worker_01m2kb9chkez19hnxxwd2t5t4q[1m}[0m[2m:[0m[1memit precompile shards[0m[2m:[0m[1mdeferred sender[0m[2m:[0m [2msp1_prover::worker::controller::precompiles[0m[2m:[0m received deferred marker task status: Succeeded [3mtask_id[0m[2m=[0m"local_worker_01m2kdp8kvfh9r7kjq5wngxq8a"
[2m2026-09-15T21:13:44.443049Z[0m [34mDEBUG[0m [1mCoreExecute[0m[1m{[0m[3mproof_id[0m[2m=[0mproof_01m2kb91v9egga9yypcwvj99mg [3mtask_id[0m[2m=[0mlocal_worker_01m2kb9chkez19hnxxwd2t5t4q[1m}[0m[2m:[0m[1memit precompile shards[0m[2m:[0m[1mdeferred sender[0m[2m:[0m [2msp1_prover::worker::client::local[0m[2m:[0m submitting task of kind ProveShard
[2m2026-09-15T21:13:44.463202Z[0m [34mDEBUG[0m [1mProveShard[0m[1m{[0m[3mproof_id[0m[2m=[0mproof_01m2kb91v9egga9yypcwvj99mg [3mtask_id[0m[2m=[0mlocal_worker_01m2kdxwajfmra5qvq6zmmfkv4[1m}[0m[2m:[0m[1minto_record[0m[2m:[0m [2msp1_prover::worker::prover::core[0m[2m:[0m precompile events: code KECCAK_PERMUTE
[2m2026-09-15T21:15:29.744411Z[0m [34mDEBUG[0m [1mRecursionReduce[0m[1m{[0m[3mproof_id[0m[2m=[0mproof_01m2kb91v9egga9yypcwvj99mg [3mtask_id[0m[2m=[0mlocal_worker_01m2kepa70e6gvtxhm7h6116p6[1m}[0m[2m:[0m [2msp1_prover::worker::node::full::init[0m[2m:[0m task succeeded
[2m2026-09-15T21:15:29.744465Z[0m [34mDEBUG[0m [1mController[0m[1m{[0m[3mproof_id[0m[2m=[0mproof_01m2kb91v9egga9yypcwvj99mg [3mtask_id[0m[2m=[0mlocal_worker_01m2kb91vje0h9884c5b5mxpp4[1m}[0m[2m:[0m[1mreduce[0m[2m:[0m [2msp1_prover::worker::controller::compress[0m[2m:[0m Checking if complete: Pending tasks: 1, map is empty: true, full range is some: false, is_range_equal: false
[2m2026-09-15T21:15:29.744480Z[0m [34mDEBUG[0m [1mController[0m[1m{[0m[3mproof_id[0m[2m=[0mproof_01m2kb91v9egga9yypcwvj99mg [3mtask_id[0m[2m=[0mlocal_worker_01m2kb91vje0h9884c5b5mxpp4[1m}[0m[2m:[0m[1mreduce[0m[2m:[0m [2msp1_prover::worker::controller::compress[0m[2m:[0m No neighboring range found, adding proof to tree
[2m2026-09-15T21:16:40.267716Z[0m [34mDEBUG[0m [1mProveShard[0m[1m{[0m[3mproof_id[0m[2m=[0mproof_01m2kb91v9egga9yypcwvj99mg [3mtask_id[0m[2m=[0mlocal_worker_01m2kdxwajfmra5qvq6zmmfkv4[1m}[0m[2m:[0m [2msp1_prover::worker::node::full::init[0m[2m:[0m task succeeded
[2m2026-09-15T21:16:40.294388Z[0m [34mDEBUG[0m [1mCoreExecute[0m[1m{[0m[3mproof_id[0m[2m=[0mproof_01m2kb91v9egga9yypcwvj99mg [3mtask_id[0m[2m=[0mlocal_worker_01m2kb9chkez19hnxxwd2t5t4q[1m}[0m[2m:[0m[1memit precompile shards[0m[2m:[0m[1mdeferred listener[0m[2m:[0m [2msp1_prover::worker::controller::precompiles[0m[2m:[0m received deferred message with task id TaskId("local_worker_01m2ked3xce11bjvg401jpr636")
[2m2026-09-15T21:16:40.295467Z[0m [34mDEBUG[0m [1mCoreExecute[0m[1m{[0m[3mproof_id[0m[2m=[0mproof_01m2kb91v9egga9yypcwvj99mg [3mtask_id[0m[2m=[0mlocal_worker_01m2kb9chkez19hnxxwd2t5t4q[1m}[0m[2m:[0m[1mminimal executor[0m[2m:[0m[1msplicing[0m[1m{[0m[3midx[0m[2m=[0m0[1m}[0m[2m:[0m[1mget splices to serialize[0m[2m:[0m[1msend splice[0m[2m:[0m [2msp1_prover::worker::client::local[0m[2m:[0m submitting task of kind MarkerDeferredRecord
[2m2026-09-15T21:16:40.296777Z[0m [34mDEBUG[0m [1mCoreExecute[0m[1m{[0m[3mproof_id[0m[2m=[0mproof_01m2kb91v9egga9yypcwvj99mg [3mtask_id[0m[2m=[0mlocal_worker_01m2kb9chkez19hnxxwd2t5t4q[1m}[0m[2m:[0m[1mminimal executor[0m[2m:[0m[1msplicing[0m[1m{[0m[3midx[0m[2m=[0m0[1m}[0m[2m:[0m[1msplicing trace chunk[0m[2m:[0m [2msp1_prover::worker::controller::splicing[0m[2m:[0m spliced trace sent to splicing tx [3mglobal_clk[0m[2m=[0m13183732
[2m2026-09-15T21:16:40.296793Z[0m [34mDEBUG[0m [1mCoreExecute[0m[1m{[0m[3mproof_id[0m[2m=[0mproof_01m2kb91v9egga9yypcwvj99mg [3mtask_id[0m[2m=[0mlocal_worker_01m2kb9chkez19hnxxwd2t5t4q[1m}[0m[2m:[0m[1mminimal executor[0m[2m:[0m[1msplicing[0m[1m{[0m[3midx[0m[2m=[0m0[1m}[0m[2m:[0m[1msplicing trace chunk[0m[2m:[0m [2msp1_prover::worker::controller::splicing[0m[2m:[0m starting new shard at clk: 110112929 at pc: 2016406668
[2m2026-09-15T21:16:40.299537Z[0m [34mDEBUG[0m [1mCoreExecute[0m[1m{[0m[3mproof_id[0m[2m=[0mproof_01m2kb91v9egga9yypcwvj99mg [3mtask_id[0m[2m=[0mlocal_worker_01m2kb9chkez19hnxxwd2t5t4q[1m}[0m[2m:[0m[1mminimal executor[0m[2m:[0m[1msplicing[0m[1m{[0m[3midx[0m[2m=[0m0[1m}[0m[2m:[0m[1mget splices to serialize[0m[2m:[0m[1msend splice[0m[2m:[0m [2msp1_prover::worker::client::local[0m[2m:[0m submitting task of kind ProveShard
[2m2026-09-15T21:16:40.340977Z[0m [34mDEBUG[0m [1mProveShard[0m[1m{[0m[3mproof_id[0m[2m=[0mproof_01m2kb91v9egga9yypcwvj99mg [3mtask_id[0m[2m=[0mlocal_worker_01m2ke1mw1f188q5a7r61t9v04[1m}[0m[2m:[0m[1minto_record[0m[2m:[0m [2msp1_prover::worker::prover::core[0m[2m:[0m tracing chunk at clk range: 77415369..80390137
[2m2026-09-15T21:16:40.358535Z[0m [34mDEBUG[0m [1mCoreExecute[0m[1m{[0m[3mproof_id[0m[2m=[0mproof_01m2kb91v9egga9yypcwvj99mg [3mtask_id[0m[2m=[0mlocal_worker_01m2kb9chkez19hnxxwd2t5t4q[1m}[0m[2m:[0m[1mminimal executor[0m[2m:[0m[1msplicing[0m[1m{[0m[3midx[0m[2m=[0m0[1m}[0m[2m:[0m[1msplicing trace chunk[0m[2m:[0m [2msp1_prover::worker::controller::splicing[0m[2m:[0m shard boundary [3mglobal_clk[0m[2m=[0m13573961 [3mpc[0m[2m=[0m2014733584 [3mnum_mem_reads_left[0m[2m=[0m3437888 [3mclk[0m[2m=[0m114669641
[2m2026-09-15T21:16:40.358561Z[0m [34mDEBUG[0m [1mCoreExecute[0m[1m{[0m[3mproof_id[0m[2m=[0mproof_01m2kb91v9egga9yypcwvj99mg [3mtask_id[0m[2m=[0mlocal_worker_01m2kb9chkez19hnxxwd2t5t4q[1m}[0m[2m:[0m[1mminimal executor[0m[2m:[0m[1msplicing[0m[1m{[0m[3midx[0m[2m=[0m0[1m}[0m[2m:[0m[1msplicing trace chunk[0m[2m:[0m [2msp1_prover::worker::controller::splicing[0m[2m:[0m sending spliced trace to splicing tx [3mglobal_clk[0m[2m=[0m13573961
[2m2026-09-15T21:18:44.726918Z[0m [34mDEBUG[0m [1mProveShard[0m[1m{[0m[3mproof_id[0m[2m=[0mproof_01m2kb91v9egga9yypcwvj99mg [3mtask_id[0m[2m=[0mlocal_worker_01m2ke1mw1f188q5a7r61t9v04[1m}[0m[2m:[0m [2msp1_prover::worker::node::full::init[0m[2m:[0m task succeeded
[2m2026-09-15T21:18:44.727696Z[0m [34mDEBUG[0m [1mController[0m[1m{[0m[3mproof_id[0m[2m=[0mproof_01m2kb91v9egga9yypcwvj99mg [3mtask_id[0m[2m=[0mlocal_worker_01m2kb91vje0h9884c5b5mxpp4[1m}[0m[2m:[0m[1mreduce[0m[2m:[0m [2msp1_prover::worker::controller::compress[0m[2m:[0m Checking if complete: Pending tasks: 1, map is empty: false, full range is some: false, is_range_equal: false
[2m2026-09-15T21:18:44.727710Z[0m [34mDEBUG[0m [1mController[0m[1m{[0m[3mproof_id[0m[2m=[0mproof_01m2kb91v9egga9yypcwvj99mg [3mtask_id[0m[2m=[0mlocal_worker_01m2kb91vje0h9884c5b5mxpp4[1m}[0m[2m:[0m[1mreduce[0m[2m:[0m [2msp1_prover::worker::controller::compress[0m[2m:[0m Found sibling
[2m2026-09-15T21:18:44.727714Z[0m [34mDEBUG[0m [1mController[0m[1m{[0m[3mproof_id[0m[2m=[0mproof_01m2kb91v9egga9yypcwvj99mg [3mtask_id[0m[2m=[0mlocal_worker_01m2kb91vje0h9884c5b5mxpp4[1m}[0m[2m:[0m[1mreduce[0m[2m:[0m [2msp1_prover::worker::controller::compress[0m[2m:[0m Checking if complete: Pending tasks: 1, map is empty: true, full range is some: false, is_range_equal: false
[2m2026-09-15T21:18:44.727721Z[0m [34mDEBUG[0m [1mCoreExecute[0m[1m{[0m[3mproof_id[0m[2m=[0mproof_01m2kb91v9egga9yypcwvj99mg [3mtask_id[0m[2m=[0mlocal_worker_01m2kb9chkez19hnxxwd2t5t4q[1m}[0m[2m:[0m[1memit precompile shards[0m[2m:[0m[1mdeferred listener[0m[2m:[0m [2msp1_prover::worker::controller::precompiles[0m[2m:[0m received deferred message with task id TaskId("local_worker_01m2kejhmjf58rnb18y1a4frp3")
[2m2026-09-15T21:18:44.727847Z[0m [34mDEBUG[0m [1mCoreExecute[0m[1m{[0m[3mproof_id[0m[2m=[0mproof_01m2kb91v9egga9yypcwvj99mg [3mtask_id[0m[2m=[0mlocal_worker_01m2kb9chkez19hnxxwd2t5t4q[1m}[0m[2m:[0m[1mminimal executor[0m[2m:[0m[1msplicing[0m[1m{[0m[3midx[0m[2m=[0m0[1m}[0m[2m:[0m[1msplicing trace chunk[0m[2m:[0m [2msp1_prover::worker::controller::splicing[0m[2m:[0m spliced trace sent to splicing tx [3mglobal_clk[0m[2m=[0m13573961
[2m2026-09-15T21:18:44.727862Z[0m [34mDEBUG[0m [1mCoreExecute[0m[1m{[0m[3mproof_id[0m[2m=[0mproof_01m2kb91v9egga9yypcwvj99mg [3mtask_id[0m[2m=[0mlocal_worker_01m2kb9chkez19hnxxwd2t5t4q[1m}[0m[2m:[0m[1mminimal executor[0m[2m:[0m[1msplicing[0m[1m{[0m[3midx[0m[2m=[0m0[1m}[0m[2m:[0m[1msplicing trace chunk[0m[2m:[0m [2msp1_prover::worker::controller::splicing[0m[2m:[0m starting new shard at clk: 114669641 at pc: 2014733584
[2m2026-09-15T21:18:44.740460Z[0m [34mDEBUG[0m [1mCoreExecute[0m[1m{[0m[3mproof_id[0m[2m=[0mproof_01m2kb91v9egga9yypcwvj99mg [3mtask_id[0m[2m=[0mlocal_worker_01m2kb9chkez19hnxxwd2t5t4q[1m}[0m[2m:[0m[1mminimal executor[0m[2m:[0m[1msplicing[0m[1m{[0m[3midx[0m[2m=[0m0[1m}[0m[2m:[0m[1mget splices to serialize[0m[2m:[0m[1msend splice[0m[2m:[0m [2msp1_prover::worker::client::local[0m[2m:[0m submitting task of kind MarkerDeferredRecord
[2m2026-09-15T21:18:44.744432Z[0m [34mDEBUG[0m [1mCoreExecute[0m[1m{[0m[3mproof_id[0m[2m=[0mproof_01m2kb91v9egga9yypcwvj99mg [3mtask_id[0m[2m=[0mlocal_worker_01m2kb9chkez19hnxxwd2t5t4q[1m}[0m[2m:[0m[1mminimal executor[0m[2m:[0m[1msplicing[0m[1m{[0m[3midx[0m[2m=[0m0[1m}[0m[2m:[0m[1mget splices to serialize[0m[2m:[0m[1msend splice[0m[2m:[0m [2msp1_prover::worker::client::local[0m[2m:[0m submitting task of kind ProveShard
[2m2026-09-15T21:18:44.770162Z[0m [34mDEBUG[0m [1mProveShard[0m[1m{[0m[3mproof_id[0m[2m=[0mproof_01m2kb91v9egga9yypcwvj99mg [3mtask_id[0m[2m=[0mlocal_worker_01m2ke5dwaer8rkvyfpcfpp2jw[1m}[0m[2m:[0m[1minto_record[0m[2m:[0m [2msp1_prover::worker::prover::core[0m[2m:[0m tracing chunk at clk range: 80390137..83499729
[2m2026-09-15T21:18:44.770972Z[0m [34mDEBUG[0m [1mCoreExecute[0m[1m{[0m[3mproof_id[0m[2m=[0mproof_01m2kb91v9egga9yypcwvj99mg [3mtask_id[0m[2m=[0mlocal_worker_01m2kb9chkez19hnxxwd2t5t4q[1m}[0m[2m:[0m[1mminimal executor[0m[2m:[0m[1msplicing[0m[1m{[0m[3midx[0m[2m=[0m0[1m}[0m[2m:[0m[1msplicing trace chunk[0m[2m:[0m [2msp1_prover::worker::controller::splicing[0m[2m:[0m shard boundary [3mglobal_clk[0m[2m=[0m13889595 [3mpc[0m[2m=[0m2014178116 [3mnum_mem_reads_left[0m[2m=[0m3329597 [3mclk[0m[2m=[0m117209305
[2m2026-09-15T21:18:44.770995Z[0m [34mDEBUG[0m [1mCoreExecute[0m[1m{[0m[3mproof_id[0m[2m=[0mproof_01m2kb91v9egga9yypcwvj99mg [3mtask_id[0m[2m=[0mlocal_worker_01m2kb9chkez19hnxxwd2t5t4q[1m}[0m[2m:[0m[1mminimal executor[0m[2m:[0m[1msplicing[0m[1m{[0m[3midx[0m[2m=[0m0[1m}[0m[2m:[0m[1msplicing trace chunk[0m[2m:[0m [2msp1_prover::worker::controller::splicing[0m[2m:[0m sending spliced trace to splicing tx [3mglobal_clk[0m[2m=[0m13889595
[2m2026-09-15T21:20:48.756553Z[0m [34mDEBUG[0m [1mProveShard[0m[1m{[0m[3mproof_id[0m[2m=[0mproof_01m2kb91v9egga9yypcwvj99mg [3mtask_id[0m[2m=[0mlocal_worker_01m2ke5dwaer8rkvyfpcfpp2jw[1m}[0m[2m:[0m [2msp1_prover::worker::node::full::init[0m[2m:[0m task succeeded
[2m2026-09-15T21:20:48.757169Z[0m [34mDEBUG[0m [1mCoreExecute[0m[1m{[0m[3mproof_id[0m[2m=[0mproof_01m2kb91v9egga9yypcwvj99mg [3mtask_id[0m[2m=[0mlocal_worker_01m2kb9chkez19hnxxwd2t5t4q[1m}[0m[2m:[0m[1memit precompile shards[0m[2m:[0m[1mdeferred sender[0m[2m:[0m [2msp1_prover::worker::controller::precompiles[0m[2m:[0m received deferred marker task status: Succeeded [3mtask_id[0m[2m=[0m"local_worker_01m2kdt298e5sb5re2bp049fhx"
[2m2026-09-15T21:20:48.757218Z[0m [34mDEBUG[0m [1mController[0m[1m{[0m[3mproof_id[0m[2m=[0mproof_01m2kb91v9egga9yypcwvj99mg [3mtask_id[0m[2m=[0mlocal_worker_01m2kb91vje0h9884c5b5mxpp4[1m}[0m[2m:[0m[1mreduce[0m[2m:[0m [2msp1_prover::worker::controller::compress[0m[2m:[0m Checking if complete: Pending tasks: 1, map is empty: false, full range is some: false, is_range_equal: false
[2m2026-09-15T21:20:48.757231Z[0m [34mDEBUG[0m [1mController[0m[1m{[0m[3mproof_id[0m[2m=[0mproof_01m2kb91v9egga9yypcwvj99mg [3mtask_id[0m[2m=[0mlocal_worker_01m2kb91vje0h9884c5b5mxpp4[1m}[0m[2m:[0m[1mreduce[0m[2m:[0m [2msp1_prover::worker::controller::compress[0m[2m:[0m Found sibling
[2m2026-09-15T21:20:48.757235Z[0m [34mDEBUG[0m [1mController[0m[1m{[0m[3mproof_id[0m[2m=[0mproof_01m2kb91v9egga9yypcwvj99mg [3mtask_id[0m[2m=[0mlocal_worker_01m2kb91vje0h9884c5b5mxpp4[1m}[0m[2m:[0m[1mreduce[0m[2m:[0m [2msp1_prover::worker::controller::compress[0m[2m:[0m Checking if complete: Pending tasks: 1, map is empty: true, full range is some: false, is_range_equal: false
[2m2026-09-15T21:20:48.757397Z[0m [34mDEBUG[0m [1mController[0m[1m{[0m[3mproof_id[0m[2m=[0mproof_01m2kb91v9egga9yypcwvj99mg [3mtask_id[0m[2m=[0mlocal_worker_01m2kb91vje0h9884c5b5mxpp4[1m}[0m[2m:[0m[1mreduce[0m[2m:[0m [2msp1_prover::worker::controller::compress[0m[2m:[0m Checking if complete: Pending tasks: 1, map is empty: false, full range is some: false, is_range_equal: false
[2m2026-09-15T21:20:48.757411Z[0m [34mDEBUG[0m [1mController[0m[1m{[0m[3mproof_id[0m[2m=[0mproof_01m2kb91v9egga9yypcwvj99mg [3mtask_id[0m[2m=[0mlocal_worker_01m2kb91vje0h9884c5b5mxpp4[1m}[0m[2m:[0m[1mreduce[0m[2m:[0m [2msp1_prover::worker::controller::compress[0m[2m:[0m Found sibling
[2m2026-09-15T21:20:48.757415Z[0m [34mDEBUG[0m [1mController[0m[1m{[0m[3mproof_id[0m[2m=[0mproof_01m2kb91v9egga9yypcwvj99mg [3mtask_id[0m[2m=[0mlocal_worker_01m2kb91vje0h9884c5b5mxpp4[1m}[0m[2m:[0m[1mreduce[0m[2m:[0m [2msp1_prover::worker::controller::compress[0m[2m:[0m Checking if complete: Pending tasks: 1, map is empty: true, full range is some: false, is_range_equal: false
[2m2026-09-15T21:20:48.757457Z[0m [34mDEBUG[0m [1mController[0m[1m{[0m[3mproof_id[0m[2m=[0mproof_01m2kb91v9egga9yypcwvj99mg [3mtask_id[0m[2m=[0mlocal_worker_01m2kb91vje0h9884c5b5mxpp4[1m}[0m[2m:[0m[1mreduce[0m[2m:[0m [2msp1_prover::worker::client::local[0m[2m:[0m submitting task of kind RecursionReduce
[2m2026-09-15T21:20:48.757487Z[0m [34mDEBUG[0m [1mController[0m[1m{[0m[3mproof_id[0m[2m=[0mproof_01m2kb91v9egga9yypcwvj99mg [3mtask_id[0m[2m=[0mlocal_worker_01m2kb91vje0h9884c5b5mxpp4[1m}[0m[2m:[0m[1mreduce[0m[2m:[0m [2msp1_prover::worker::controller::compress[0m[2m:[0m Checking if complete: Pending tasks: 2, map is empty: true, full range is some: false, is_range_equal: false
[2m2026-09-15T21:20:48.757494Z[0m [34mDEBUG[0m [1mController[0m[1m{[0m[3mproof_id[0m[2m=[0mproof_01m2kb91v9egga9yypcwvj99mg [3mtask_id[0m[2m=[0mlocal_worker_01m2kb91vje0h9884c5b5mxpp4[1m}[0m[2m:[0m[1mreduce[0m[2m:[0m [2msp1_prover::worker::controller::compress[0m[2m:[0m No neighboring range found, adding proof to tree
[2m2026-09-15T21:20:48.757615Z[0m [34mDEBUG[0m [1mCoreExecute[0m[1m{[0m[3mproof_id[0m[2m=[0mproof_01m2kb91v9egga9yypcwvj99mg [3mtask_id[0m[2m=[0mlocal_worker_01m2kb9chkez19hnxxwd2t5t4q[1m}[0m[2m:[0m[1memit precompile shards[0m[2m:[0m[1mdeferred sender[0m[2m:[0m [2msp1_prover::worker::controller::precompiles[0m[2m:[0m received deferred marker task status: Succeeded [3mtask_id[0m[2m=[0m"local_worker_01m2kdxw8ffs1s2fpc87q7vcpm"
[2m2026-09-15T21:20:48.757720Z[0m [34mDEBUG[0m [1mCoreExecute[0m[1m{[0m[3mproof_id[0m[2m=[0mproof_01m2kb91v9egga9yypcwvj99mg [3mtask_id[0m[2m=[0mlocal_worker_01m2kb9chkez19hnxxwd2t5t4q[1m}[0m[2m:[0m[1memit precompile shards[0m[2m:[0m[1mdeferred sender[0m[2m:[0m [2msp1_prover::worker::client::local[0m[2m:[0m submitting task of kind ProveShard
[2m2026-09-15T21:20:48.801639Z[0m [34mDEBUG[0m [1mProveShard[0m[1m{[0m[3mproof_id[0m[2m=[0mproof_01m2kb91v9egga9yypcwvj99mg [3mtask_id[0m[2m=[0mlocal_worker_01m2ke98jafystf5kn3bgycs15[1m}[0m[2m:[0m[1minto_record[0m[2m:[0m [2msp1_prover::worker::prover::core[0m[2m:[0m precompile events: code KECCAK_PERMUTE
[2m2026-09-15T21:22:35.337797Z[0m [34mDEBUG[0m [1mRecursionReduce[0m[1m{[0m[3mproof_id[0m[2m=[0mproof_01m2kb91v9egga9yypcwvj99mg [3mtask_id[0m[2m=[0mlocal_worker_01m2kf38kneq8abgkwsppxaa44[1m}[0m[2m:[0m [2msp1_prover::worker::node::full::init[0m[2m:[0m task succeeded
[2m2026-09-15T21:22:35.337888Z[0m [34mDEBUG[0m [1mController[0m[1m{[0m[3mproof_id[0m[2m=[0mproof_01m2kb91v9egga9yypcwvj99mg [3mtask_id[0m[2m=[0mlocal_worker_01m2kb91vje0h9884c5b5mxpp4[1m}[0m[2m:[0m[1mreduce[0m[2m:[0m [2msp1_prover::worker::controller::compress[0m[2m:[0m Checking if complete: Pending tasks: 1, map is empty: false, full range is some: false, is_range_equal: false
[2m2026-09-15T21:22:35.337902Z[0m [34mDEBUG[0m [1mController[0m[1m{[0m[3mproof_id[0m[2m=[0mproof_01m2kb91v9egga9yypcwvj99mg [3mtask_id[0m[2m=[0mlocal_worker_01m2kb91vje0h9884c5b5mxpp4[1m}[0m[2m:[0m[1mreduce[0m[2m:[0m [2msp1_prover::worker::controller::compress[0m[2m:[0m No neighboring range found, adding proof to tree
[2m2026-09-15T21:23:45.753240Z[0m [34mDEBUG[0m [1mProveShard[0m[1m{[0m[3mproof_id[0m[2m=[0mproof_01m2kb91v9egga9yypcwvj99mg [3mtask_id[0m[2m=[0mlocal_worker_01m2ke98jafystf5kn3bgycs15[1m}[0m[2m:[0m [2msp1_prover::worker::node::full::init[0m[2m:[0m task succeeded
[2m2026-09-15T21:23:45.754110Z[0m [34mDEBUG[0m [1mController[0m[1m{[0m[3mproof_id[0m[2m=[0mproof_01m2kb91v9egga9yypcwvj99mg [3mtask_id[0m[2m=[0mlocal_worker_01m2kb91vje0h9884c5b5mxpp4[1m}[0m[2m:[0m[1mreduce[0m[2m:[0m [2msp1_prover::worker::controller::compress[0m[2m:[0m Checking if complete: Pending tasks: 1, map is empty: false, full range is some: false, is_range_equal: false
[2m2026-09-15T21:23:45.754322Z[0m [34mDEBUG[0m [1mController[0m[1m{[0m[3mproof_id[0m[2m=[0mproof_01m2kb91v9egga9yypcwvj99mg [3mtask_id[0m[2m=[0mlocal_worker_01m2kb91vje0h9884c5b5mxpp4[1m}[0m[2m:[0m[1mreduce[0m[2m:[0m [2msp1_prover::worker::controller::compress[0m[2m:[0m Found sibling
[2m2026-09-15T21:23:45.754368Z[0m [34mDEBUG[0m [1mController[0m[1m{[0m[3mproof_id[0m[2m=[0mproof_01m2kb91v9egga9yypcwvj99mg [3mtask_id[0m[2m=[0mlocal_worker_01m2kb91vje0h9884c5b5mxpp4[1m}[0m[2m:[0m[1mreduce[0m[2m:[0m [2msp1_prover::worker::controller::compress[0m[2m:[0m Checking if complete: Pending tasks: 1, map is empty: true, full range is some: false, is_range_equal: false
[2m2026-09-15T21:23:45.755187Z[0m [34mDEBUG[0m [1mCoreExecute[0m[1m{[0m[3mproof_id[0m[2m=[0mproof_01m2kb91v9egga9yypcwvj99mg [3mtask_id[0m[2m=[0mlocal_worker_01m2kb9chkez19hnxxwd2t5t4q[1m}[0m[2m:[0m[1mminimal executor[0m[2m:[0m[1msplicing[0m[1m{[0m[3midx[0m[2m=[0m0[1m}[0m[2m:[0m[1msplicing trace chunk[0m[2m:[0m [2msp1_prover::worker::controller::splicing[0m[2m:[0m spliced trace sent to splicing tx [3mglobal_clk[0m[2m=[0m13889595
[2m2026-09-15T21:23:45.755205Z[0m [34mDEBUG[0m [1mCoreExecute[0m[1m{[0m[3mproof_id[0m[2m=[0mproof_01m2kb91v9egga9yypcwvj99mg [3mtask_id[0m[2m=[0mlocal_worker_01m2kb9chkez19hnxxwd2t5t4q[1m}[0m[2m:[0m[1mminimal executor[0m[2m:[0m[1msplicing[0m[1m{[0m[3midx[0m[2m=[0m0[1m}[0m[2m:[0m[1msplicing trace chunk[0m[2m:[0m [2msp1_prover::worker::controller::splicing[0m[2m:[0m starting new shard at clk: 117209305 at pc: 2014178116
[2m2026-09-15T21:23:45.754114Z[0m [34mDEBUG[0m [1mCoreExecute[0m[1m{[0m[3mproof_id[0m[2m=[0mproof_01m2kb91v9egga9yypcwvj99mg [3mtask_id[0m[2m=[0mlocal_worker_01m2kb9chkez19hnxxwd2t5t4q[1m}[0m[2m:[0m[1memit precompile shards[0m[2m:[0m[1mdeferred listener[0m[2m:[0m [2msp1_prover::worker::controller::precompiles[0m[2m:[0m received deferred message with task id TaskId("local_worker_01m2kevnz7ef8s2drfbbz079hx")
[2m2026-09-15T21:23:45.816910Z[0m [34mDEBUG[0m [1mCoreExecute[0m[1m{[0m[3mproof_id[0m[2m=[0mproof_01m2kb91v9egga9yypcwvj99mg [3mtask_id[0m[2m=[0mlocal_worker_01m2kb9chkez19hnxxwd2t5t4q[1m}[0m[2m:[0m[1mminimal executor[0m[2m:[0m[1msplicing[0m[1m{[0m[3midx[0m[2m=[0m0[1m}[0m[2m:[0m[1msplicing trace chunk[0m[2m:[0m [2msp1_prover::worker::controller::splicing[0m[2m:[0m shard boundary [3mglobal_clk[0m[2m=[0m14282272 [3mpc[0m[2m=[0m2014629868 [3mnum_mem_reads_left[0m[2m=[0m3176295 [3mclk[0m[2m=[0m120356609
[2m2026-09-15T21:23:45.816941Z[0m [34mDEBUG[0m [1mCoreExecute[0m[1m{[0m[3mproof_id[0m[2m=[0mproof_01m2kb91v9egga9yypcwvj99mg [3mtask_id[0m[2m=[0mlocal_worker_01m2kb9chkez19hnxxwd2t5t4q[1m}[0m[2m:[0m[1mminimal executor[0m[2m:[0m[1msplicing[0m[1m{[0m[3midx[0m[2m=[0m0[1m}[0m[2m:[0m[1msplicing trace chunk[0m[2m:[0m [2msp1_prover::worker::controller::splicing[0m[2m:[0m sending spliced trace to splicing tx [3mglobal_clk[0m[2m=[0m14282272
[2m2026-09-15T21:23:45.830144Z[0m [34mDEBUG[0m [1mCoreExecute[0m[1m{[0m[3mproof_id[0m[2m=[0mproof_01m2kb91v9egga9yypcwvj99mg [3mtask_id[0m[2m=[0mlocal_worker_01m2kb9chkez19hnxxwd2t5t4q[1m}[0m[2m:[0m[1mminimal executor[0m[2m:[0m[1msplicing[0m[1m{[0m[3midx[0m[2m=[0m0[1m}[0m[2m:[0m[1mget splices to serialize[0m[2m:[0m[1msend splice[0m[2m:[0m [2msp1_prover::worker::client::local[0m[2m:[0m submitting task of kind MarkerDeferredRecord
[2m2026-09-15T21:23:45.833209Z[0m [34mDEBUG[0m [1mCoreExecute[0m[1m{[0m[3mproof_id[0m[2m=[0mproof_01m2kb91v9egga9yypcwvj99mg [3mtask_id[0m[2m=[0mlocal_worker_01m2kb9chkez19hnxxwd2t5t4q[1m}[0m[2m:[0m[1mminimal executor[0m[2m:[0m[1msplicing[0m[1m{[0m[3midx[0m[2m=[0m0[1m}[0m[2m:[0m[1mget splices to serialize[0m[2m:[0m[1msend splice[0m[2m:[0m [2msp1_prover::worker::client::local[0m[2m:[0m submitting task of kind ProveShard
[2m2026-09-15T21:23:45.869530Z[0m [34mDEBUG[0m [1mProveShard[0m[1m{[0m[3mproof_id[0m[2m=[0mproof_01m2kb91v9egga9yypcwvj99mg [3mtask_id[0m[2m=[0mlocal_worker_01m2ked3y8e3195n20r25pwjc8[1m}[0m[2m:[0m[1minto_record[0m[2m:[0m [2msp1_prover::worker::prover::core[0m[2m:[0m tracing chunk at clk range: 83499729..86453609
[2m2026-09-15T21:25:50.769470Z[0m [34mDEBUG[0m [1mProveShard[0m[1m{[0m[3mproof_id[0m[2m=[0mproof_01m2kb91v9egga9yypcwvj99mg [3mtask_id[0m[2m=[0mlocal_worker_01m2ked3y8e3195n20r25pwjc8[1m}[0m[2m:[0m [2msp1_prover::worker::node::full::init[0m[2m:[0m task succeeded
[2m2026-09-15T21:25:50.770243Z[0m [34mDEBUG[0m [1mCoreExecute[0m[1m{[0m[3mproof_id[0m[2m=[0mproof_01m2kb91v9egga9yypcwvj99mg [3mtask_id[0m[2m=[0mlocal_worker_01m2kb9chkez19hnxxwd2t5t4q[1m}[0m[2m:[0m[1memit precompile shards[0m[2m:[0m[1mdeferred listener[0m[2m:[0m [2msp1_prover::worker::controller::precompiles[0m[2m:[0m received deferred message with task id TaskId("local_worker_01m2kezfg4f0hvrewbab0q7pb4")
[2m2026-09-15T21:25:50.770368Z[0m [34mDEBUG[0m [1mCoreExecute[0m[1m{[0m[3mproof_id[0m[2m=[0mproof_01m2kb91v9egga9yypcwvj99mg [3mtask_id[0m[2m=[0mlocal_worker_01m2kb9chkez19hnxxwd2t5t4q[1m}[0m[2m:[0m[1mminimal executor[0m[2m:[0m[1msplicing[0m[1m{[0m[3midx[0m[2m=[0m0[1m}[0m[2m:[0m[1msplicing trace chunk[0m[2m:[0m [2msp1_prover::worker::controller::splicing[0m[2m:[0m spliced trace sent to splicing tx [3mglobal_clk[0m[2m=[0m14282272
[2m2026-09-15T21:25:50.770383Z[0m [34mDEBUG[0m [1mCoreExecute[0m[1m{[0m[3mproof_id[0m[2m=[0mproof_01m2kb91v9egga9yypcwvj99mg [3mtask_id[0m[2m=[0mlocal_worker_01m2kb9chkez19hnxxwd2t5t4q[1m}[0m[2m:[0m[1mminimal executor[0m[2m:[0m[1msplicing[0m[1m{[0m[3midx[0m[2m=[0m0[1m}[0m[2m:[0m[1msplicing trace chunk[0m[2m:[0m [2msp1_prover::worker::controller::splicing[0m[2m:[0m starting new shard at clk: 120356609 at pc: 2014629868
[2m2026-09-15T21:25:50.790544Z[0m [34mDEBUG[0m [1mCoreExecute[0m[1m{[0m[3mproof_id[0m[2m=[0mproof_01m2kb91v9egga9yypcwvj99mg [3mtask_id[0m[2m=[0mlocal_worker_01m2kb9chkez19hnxxwd2t5t4q[1m}[0m[2m:[0m[1mminimal executor[0m[2m:[0m[1msplicing[0m[1m{[0m[3midx[0m[2m=[0m0[1m}[0m[2m:[0m[1mget splices to serialize[0m[2m:[0m[1msend splice[0m[2m:[0m [2msp1_prover::worker::client::local[0m[2m:[0m submitting task of kind MarkerDeferredRecord
[2m2026-09-15T21:25:50.793712Z[0m [34mDEBUG[0m [1mCoreExecute[0m[1m{[0m[3mproof_id[0m[2m=[0mproof_01m2kb91v9egga9yypcwvj99mg [3mtask_id[0m[2m=[0mlocal_worker_01m2kb9chkez19hnxxwd2t5t4q[1m}[0m[2m:[0m[1mminimal executor[0m[2m:[0m[1msplicing[0m[1m{[0m[3midx[0m[2m=[0m0[1m}[0m[2m:[0m[1mget splices to serialize[0m[2m:[0m[1msend splice[0m[2m:[0m [2msp1_prover::worker::client::local[0m[2m:[0m submitting task of kind ProveShard
[2m2026-09-15T21:25:50.813045Z[0m [34mDEBUG[0m [1mCoreExecute[0m[1m{[0m[3mproof_id[0m[2m=[0mproof_01m2kb91v9egga9yypcwvj99mg [3mtask_id[0m[2m=[0mlocal_worker_01m2kb9chkez19hnxxwd2t5t4q[1m}[0m[2m:[0m[1mminimal executor[0m[2m:[0m[1msplicing[0m[1m{[0m[3midx[0m[2m=[0m0[1m}[0m[2m:[0m[1msplicing trace chunk[0m[2m:[0m [2msp1_prover::worker::controller::splicing[0m[2m:[0m shard boundary [3mglobal_clk[0m[2m=[0m14706856 [3mpc[0m[2m=[0m2014690544 [3mnum_mem_reads_left[0m[2m=[0m2999856 [3mclk[0m[2m=[0m123761985
[2m2026-09-15T21:25:50.813079Z[0m [34mDEBUG[0m [1mCoreExecute[0m[1m{[0m[3mproof_id[0m[2m=[0mproof_01m2kb91v9egga9yypcwvj99mg [3mtask_id[0m[2m=[0mlocal_worker_01m2kb9chkez19hnxxwd2t5t4q[1m}[0m[2m:[0m[1mminimal executor[0m[2m:[0m[1msplicing[0m[1m{[0m[3midx[0m[2m=[0m0[1m}[0m[2m:[0m[1msplicing trace chunk[0m[2m:[0m [2msp1_prover::worker::controller::splicing[0m[2m:[0m sending spliced trace to splicing tx [3mglobal_clk[0m[2m=[0m14706856
[2m2026-09-15T21:25:50.813654Z[0m [34mDEBUG[0m [1mProveShard[0m[1m{[0m[3mproof_id[0m[2m=[0mproof_01m2kb91v9egga9yypcwvj99mg [3mtask_id[0m[2m=[0mlocal_worker_01m2kejhmqff1vj623bfdb3mev[1m}[0m[2m:[0m[1minto_record[0m[2m:[0m [2msp1_prover::worker::prover::core[0m[2m:[0m tracing chunk at clk range: 86453609..89404977
[2m2026-09-15T21:27:54.475498Z[0m [34mDEBUG[0m [1mProveShard[0m[1m{[0m[3mproof_id[0m[2m=[0mproof_01m2kb91v9egga9yypcwvj99mg [3mtask_id[0m[2m=[0mlocal_worker_01m2kejhmqff1vj623bfdb3mev[1m}[0m[2m:[0m [2msp1_prover::worker::node::full::init[0m[2m:[0m task succeeded
[2m2026-09-15T21:27:54.476138Z[0m [34mDEBUG[0m [1mCoreExecute[0m[1m{[0m[3mproof_id[0m[2m=[0mproof_01m2kb91v9egga9yypcwvj99mg [3mtask_id[0m[2m=[0mlocal_worker_01m2kb9chkez19hnxxwd2t5t4q[1m}[0m[2m:[0m[1memit precompile shards[0m[2m:[0m[1mdeferred sender[0m[2m:[0m [2msp1_prover::worker::controller::precompiles[0m[2m:[0m received deferred marker task status: Succeeded [3mtask_id[0m[2m=[0m"local_worker_01m2ke1mvwfq9trsqde4xwzfhv"
[2m2026-09-15T21:27:54.476568Z[0m [34mDEBUG[0m [1mCoreExecute[0m[1m{[0m[3mproof_id[0m[2m=[0mproof_01m2kb91v9egga9yypcwvj99mg [3mtask_id[0m[2m=[0mlocal_worker_01m2kb9chkez19hnxxwd2t5t4q[1m}[0m[2m:[0m[1memit precompile shards[0m[2m:[0m[1mdeferred sender[0m[2m:[0m [2msp1_prover::worker::client::local[0m[2m:[0m submitting task of kind ProveShard
[2m2026-09-15T21:27:54.528408Z[0m [34mDEBUG[0m [1mProveShard[0m[1m{[0m[3mproof_id[0m[2m=[0mproof_01m2kb91v9egga9yypcwvj99mg [3mtask_id[0m[2m=[0mlocal_worker_01m2kepa7vecrb647jmmv6fdhp[1m}[0m[2m:[0m[1minto_record[0m[2m:[0m [2msp1_prover::worker::prover::core[0m[2m:[0m precompile events: code KECCAK_PERMUTE
[2m2026-09-15T21:29:53.506196Z[0m [34mDEBUG[0m [1mProveShard[0m[1m{[0m[3mproof_id[0m[2m=[0mproof_01m2kb91v9egga9yypcwvj99mg [3mtask_id[0m[2m=[0mlocal_worker_01m2kepa7vecrb647jmmv6fdhp[1m}[0m[2m:[0m [2msp1_prover::worker::node::full::init[0m[2m:[0m task succeeded
[2m2026-09-15T21:29:53.513489Z[0m [34mDEBUG[0m [1mCoreExecute[0m[1m{[0m[3mproof_id[0m[2m=[0mproof_01m2kb91v9egga9yypcwvj99mg [3mtask_id[0m[2m=[0mlocal_worker_01m2kb9chkez19hnxxwd2t5t4q[1m}[0m[2m:[0m[1memit precompile shards[0m[2m:[0m[1mdeferred listener[0m[2m:[0m [2msp1_prover::worker::controller::precompiles[0m[2m:[0m received deferred message with task id TaskId("local_worker_01m2kf8nh6edrr6smjxwwb1g3n")
[2m2026-09-15T21:29:53.513494Z[0m [34mDEBUG[0m [1mController[0m[1m{[0m[3mproof_id[0m[2m=[0mproof_01m2kb91v9egga9yypcwvj99mg [3mtask_id[0m[2m=[0mlocal_worker_01m2kb91vje0h9884c5b5mxpp4[1m}[0m[2m:[0m[1mreduce[0m[2m:[0m [2msp1_prover::worker::controller::compress[0m[2m:[0m Checking if complete: Pending tasks: 1, map is empty: false, full range is some: false, is_range_equal: false
[2m2026-09-15T21:29:53.513731Z[0m [34mDEBUG[0m [1mController[0m[1m{[0m[3mproof_id[0m[2m=[0mproof_01m2kb91v9egga9yypcwvj99mg [3mtask_id[0m[2m=[0mlocal_worker_01m2kb91vje0h9884c5b5mxpp4[1m}[0m[2m:[0m[1mreduce[0m[2m:[0m [2msp1_prover::worker::controller::compress[0m[2m:[0m Found sibling
[2m2026-09-15T21:29:53.513738Z[0m [34mDEBUG[0m [1mController[0m[1m{[0m[3mproof_id[0m[2m=[0mproof_01m2kb91v9egga9yypcwvj99mg [3mtask_id[0m[2m=[0mlocal_worker_01m2kb91vje0h9884c5b5mxpp4[1m}[0m[2m:[0m[1mreduce[0m[2m:[0m [2msp1_prover::worker::controller::compress[0m[2m:[0m Checking if complete: Pending tasks: 1, map is empty: true, full range is some: false, is_range_equal: false
[2m2026-09-15T21:29:53.513795Z[0m [34mDEBUG[0m [1mController[0m[1m{[0m[3mproof_id[0m[2m=[0mproof_01m2kb91v9egga9yypcwvj99mg [3mtask_id[0m[2m=[0mlocal_worker_01m2kb91vje0h9884c5b5mxpp4[1m}[0m[2m:[0m[1mreduce[0m[2m:[0m [2msp1_prover::worker::client::local[0m[2m:[0m submitting task of kind RecursionReduce
[2m2026-09-15T21:29:53.513800Z[0m [34mDEBUG[0m [1mCoreExecute[0m[1m{[0m[3mproof_id[0m[2m=[0mproof_01m2kb91v9egga9yypcwvj99mg [3mtask_id[0m[2m=[0mlocal_worker_01m2kb9chkez19hnxxwd2t5t4q[1m}[0m[2m:[0m[1mminimal executor[0m[2m:[0m[1msplicing[0m[1m{[0m[3midx[0m[2m=[0m0[1m}[0m[2m:[0m[1msplicing trace chunk[0m[2m:[0m [2msp1_prover::worker::controller::splicing[0m[2m:[0m spliced trace sent to splicing tx [3mglobal_clk[0m[2m=[0m14706856
[2m2026-09-15T21:29:53.513814Z[0m [34mDEBUG[0m [1mCoreExecute[0m[1m{[0m[3mproof_id[0m[2m=[0mproof_01m2kb91v9egga9yypcwvj99mg [3mtask_id[0m[2m=[0mlocal_worker_01m2kb9chkez19hnxxwd2t5t4q[1m}[0m[2m:[0m[1mminimal executor[0m[2m:[0m[1msplicing[0m[1m{[0m[3midx[0m[2m=[0m0[1m}[0m[2m:[0m[1msplicing trace chunk[0m[2m:[0m [2msp1_prover::worker::controller::splicing[0m[2m:[0m starting new shard at clk: 123761985 at pc: 2014690544
[2m2026-09-15T21:29:53.569395Z[0m [34mDEBUG[0m [1mProveShard[0m[1m{[0m[3mproof_id[0m[2m=[0mproof_01m2kb91v9egga9yypcwvj99mg [3mtask_id[0m[2m=[0mlocal_worker_01m2kevnzbf1gt4d19t1ce4yxk[1m}[0m[2m:[0m[1minto_record[0m[2m:[0m [2msp1_prover::worker::prover::core[0m[2m:[0m tracing chunk at clk range: 89404977..92510873
[2m2026-09-15T21:29:53.570795Z[0m [34mDEBUG[0m [1mCoreExecute[0m[1m{[0m[3mproof_id[0m[2m=[0mproof_01m2kb91v9egga9yypcwvj99mg [3mtask_id[0m[2m=[0mlocal_worker_01m2kb9chkez19hnxxwd2t5t4q[1m}[0m[2m:[0m[1mminimal executor[0m[2m:[0m[1msplicing[0m[1m{[0m[3midx[0m[2m=[0m0[1m}[0m[2m:[0m[1msplicing trace chunk[0m[2m:[0m [2msp1_prover::worker::controller::splicing[0m[2m:[0m shard boundary [3mglobal_clk[0m[2m=[0m15115109 [3mpc[0m[2m=[0m2014187316 [3mnum_mem_reads_left[0m[2m=[0m2828318 [3mclk[0m[2m=[0m127037993
[2m2026-09-15T21:29:53.570824Z[0m [34mDEBUG[0m [1mCoreExecute[0m[1m{[0m[3mproof_id[0m[2m=[0mproof_01m2kb91v9egga9yypcwvj99mg [3mtask_id[0m[2m=[0mlocal_worker_01m2kb9chkez19hnxxwd2t5t4q[1m}[0m[2m:[0m[1mminimal executor[0m[2m:[0m[1msplicing[0m[1m{[0m[3midx[0m[2m=[0m0[1m}[0m[2m:[0m[1msplicing trace chunk[0m[2m:[0m [2msp1_prover::worker::controller::splicing[0m[2m:[0m sending spliced trace to splicing tx [3mglobal_clk[0m[2m=[0m15115109
[2m2026-09-15T21:29:53.593811Z[0m [34mDEBUG[0m [1mCoreExecute[0m[1m{[0m[3mproof_id[0m[2m=[0mproof_01m2kb91v9egga9yypcwvj99mg [3mtask_id[0m[2m=[0mlocal_worker_01m2kb9chkez19hnxxwd2t5t4q[1m}[0m[2m:[0m[1mminimal executor[0m[2m:[0m[1msplicing[0m[1m{[0m[3midx[0m[2m=[0m0[1m}[0m[2m:[0m[1mget splices to serialize[0m[2m:[0m[1msend splice[0m[2m:[0m [2msp1_prover::worker::client::local[0m[2m:[0m submitting task of kind MarkerDeferredRecord
[2m2026-09-15T21:29:53.616584Z[0m [34mDEBUG[0m [1mCoreExecute[0m[1m{[0m[3mproof_id[0m[2m=[0mproof_01m2kb91v9egga9yypcwvj99mg [3mtask_id[0m[2m=[0mlocal_worker_01m2kb9chkez19hnxxwd2t5t4q[1m}[0m[2m:[0m[1mminimal executor[0m[2m:[0m[1msplicing[0m[1m{[0m[3midx[0m[2m=[0m0[1m}[0m[2m:[0m[1mget splices to serialize[0m[2m:[0m[1msend splice[0m[2m:[0m [2msp1_prover::worker::client::local[0m[2m:[0m submitting task of kind ProveShard
[2m2026-09-15T21:31:17.540018Z[0m [34mDEBUG[0m [1mRecursionReduce[0m[1m{[0m[3mproof_id[0m[2m=[0mproof_01m2kb91v9egga9yypcwvj99mg [3mtask_id[0m[2m=[0mlocal_worker_01m2kfkwk9e21bn84xtbf0ds1d[1m}[0m[2m:[0m [2msp1_prover::worker::node::full::init[0m[2m:[0m task succeeded
[2m2026-09-15T21:31:17.540071Z[0m [34mDEBUG[0m [1mController[0m[1m{[0m[3mproof_id[0m[2m=[0mproof_01m2kb91v9egga9yypcwvj99mg [3mtask_id[0m[2m=[0mlocal_worker_01m2kb91vje0h9884c5b5mxpp4[1m}[0m[2m:[0m[1mreduce[0m[2m:[0m [2msp1_prover::worker::controller::compress[0m[2m:[0m Checking if complete: Pending tasks: 1, map is empty: true, full range is some: false, is_range_equal: false
[2m2026-09-15T21:31:17.540081Z[0m [34mDEBUG[0m [1mController[0m[1m{[0m[3mproof_id[0m[2m=[0mproof_01m2kb91v9egga9yypcwvj99mg [3mtask_id[0m[2m=[0mlocal_worker_01m2kb91vje0h9884c5b5mxpp4[1m}[0m[2m:[0m[1mreduce[0m[2m:[0m [2msp1_prover::worker::controller::compress[0m[2m:[0m No neighboring range found, adding proof to tree
[2m2026-09-15T21:32:53.724825Z[0m [34mDEBUG[0m [1mProveShard[0m[1m{[0m[3mproof_id[0m[2m=[0mproof_01m2kb91v9egga9yypcwvj99mg [3mtask_id[0m[2m=[0mlocal_worker_01m2kevnzbf1gt4d19t1ce4yxk[1m}[0m[2m:[0m [2msp1_prover::worker::node::full::init[0m[2m:[0m task succeeded
[2m2026-09-15T21:32:53.726426Z[0m [34mDEBUG[0m [1mCoreExecute[0m[1m{[0m[3mproof_id[0m[2m=[0mproof_01m2kb91v9egga9yypcwvj99mg [3mtask_id[0m[2m=[0mlocal_worker_01m2kb9chkez19hnxxwd2t5t4q[1m}[0m[2m:[0m[1memit precompile shards[0m[2m:[0m[1mdeferred listener[0m[2m:[0m [2msp1_prover::worker::controller::precompiles[0m[2m:[0m received deferred message with task id TaskId("local_worker_01m2kfcfj6fk988tfgmv6qyrd1")
[2m2026-09-15T21:32:53.726502Z[0m [34mDEBUG[0m [1mCoreExecute[0m[1m{[0m[3mproof_id[0m[2m=[0mproof_01m2kb91v9egga9yypcwvj99mg [3mtask_id[0m[2m=[0mlocal_worker_01m2kb9chkez19hnxxwd2t5t4q[1m}[0m[2m:[0m[1mminimal executor[0m[2m:[0m[1msplicing[0m[1m{[0m[3midx[0m[2m=[0m0[1m}[0m[2m:[0m[1msplicing trace chunk[0m[2m:[0m [2msp1_prover::worker::controller::splicing[0m[2m:[0m spliced trace sent to splicing tx [3mglobal_clk[0m[2m=[0m15115109
[2m2026-09-15T21:32:53.726519Z[0m [34mDEBUG[0m [1mCoreExecute[0m[1m{[0m[3mproof_id[0m[2m=[0mproof_01m2kb91v9egga9yypcwvj99mg [3mtask_id[0m[2m=[0mlocal_worker_01m2kb9chkez19hnxxwd2t5t4q[1m}[0m[2m:[0m[1mminimal executor[0m[2m:[0m[1msplicing[0m[1m{[0m[3midx[0m[2m=[0m0[1m}[0m[2m:[0m[1msplicing trace chunk[0m[2m:[0m [2msp1_prover::worker::controller::splicing[0m[2m:[0m starting new shard at clk: 127037993 at pc: 2014187316
[2m2026-09-15T21:32:53.736919Z[0m [34mDEBUG[0m [1mCoreExecute[0m[1m{[0m[3mproof_id[0m[2m=[0mproof_01m2kb91v9egga9yypcwvj99mg [3mtask_id[0m[2m=[0mlocal_worker_01m2kb9chkez19hnxxwd2t5t4q[1m}[0m[2m:[0m[1mminimal executor[0m[2m:[0m[1msplicing[0m[1m{[0m[3midx[0m[2m=[0m0[1m}[0m[2m:[0m[1mget splices to serialize[0m[2m:[0m[1msend splice[0m[2m:[0m [2msp1_prover::worker::client::local[0m[2m:[0m submitting task of kind MarkerDeferredRecord
[2m2026-09-15T21:32:53.745066Z[0m [34mDEBUG[0m [1mCoreExecute[0m[1m{[0m[3mproof_id[0m[2m=[0mproof_01m2kb91v9egga9yypcwvj99mg [3mtask_id[0m[2m=[0mlocal_worker_01m2kb9chkez19hnxxwd2t5t4q[1m}[0m[2m:[0m[1mminimal executor[0m[2m:[0m[1msplicing[0m[1m{[0m[3midx[0m[2m=[0m0[1m}[0m[2m:[0m[1mget splices to serialize[0m[2m:[0m[1msend splice[0m[2m:[0m [2msp1_prover::worker::client::local[0m[2m:[0m submitting task of kind ProveShard
[2m2026-09-15T21:32:53.766527Z[0m [34mDEBUG[0m [1mCoreExecute[0m[1m{[0m[3mproof_id[0m[2m=[0mproof_01m2kb91v9egga9yypcwvj99mg [3mtask_id[0m[2m=[0mlocal_worker_01m2kb9chkez19hnxxwd2t5t4q[1m}[0m[2m:[0m[1mminimal executor[0m[2m:[0m[1msplicing[0m[1m{[0m[3midx[0m[2m=[0m0[1m}[0m[2m:[0m[1msplicing trace chunk[0m[2m:[0m [2msp1_prover::worker::controller::splicing[0m[2m:[0m shard boundary [3mglobal_clk[0m[2m=[0m15549620 [3mpc[0m[2m=[0m2014733944 [3mnum_mem_reads_left[0m[2m=[0m2637743 [3mclk[0m[2m=[0m130525345
[2m2026-09-15T21:32:53.766561Z[0m [34mDEBUG[0m [1mCoreExecute[0m[1m{[0m[3mproof_id[0m[2m=[0mproof_01m2kb91v9egga9yypcwvj99mg [3mtask_id[0m[2m=[0mlocal_worker_01m2kb9chkez19hnxxwd2t5t4q[1m}[0m[2m:[0m[1mminimal executor[0m[2m:[0m[1msplicing[0m[1m{[0m[3midx[0m[2m=[0m0[1m}[0m[2m:[0m[1msplicing trace chunk[0m[2m:[0m [2msp1_prover::worker::controller::splicing[0m[2m:[0m sending spliced trace to splicing tx [3mglobal_clk[0m[2m=[0m15549620
[2m2026-09-15T21:32:53.775388Z[0m [34mDEBUG[0m [1mProveShard[0m[1m{[0m[3mproof_id[0m[2m=[0mproof_01m2kb91v9egga9yypcwvj99mg [3mtask_id[0m[2m=[0mlocal_worker_01m2kezfg8ep9rkqv7g07vjnaz[1m}[0m[2m:[0m[1minto_record[0m[2m:[0m [2msp1_prover::worker::prover::core[0m[2m:[0m tracing chunk at clk range: 92510873..95475553
[2m2026-09-15T21:34:57.140960Z[0m [34mDEBUG[0m [1mProveShard[0m[1m{[0m[3mproof_id[0m[2m=[0mproof_01m2kb91v9egga9yypcwvj99mg [3mtask_id[0m[2m=[0mlocal_worker_01m2kezfg8ep9rkqv7g07vjnaz[1m}[0m[2m:[0m [2msp1_prover::worker::node::full::init[0m[2m:[0m task succeeded
[2m2026-09-15T21:34:57.141491Z[0m [34mDEBUG[0m [1mCoreExecute[0m[1m{[0m[3mproof_id[0m[2m=[0mproof_01m2kb91v9egga9yypcwvj99mg [3mtask_id[0m[2m=[0mlocal_worker_01m2kb9chkez19hnxxwd2t5t4q[1m}[0m[2m:[0m[1memit precompile shards[0m[2m:[0m[1mdeferred sender[0m[2m:[0m [2msp1_prover::worker::controller::precompiles[0m[2m:[0m received deferred marker task status: Succeeded [3mtask_id[0m[2m=[0m"local_worker_01m2ke5dw6eg1srjnq8acejhbs"
[2m2026-09-15T21:34:57.141574Z[0m [34mDEBUG[0m [1mController[0m[1m{[0m[3mproof_id[0m[2m=[0mproof_01m2kb91v9egga9yypcwvj99mg [3mtask_id[0m[2m=[0mlocal_worker_01m2kb91vje0h9884c5b5mxpp4[1m}[0m[2m:[0m[1mreduce[0m[2m:[0m [2msp1_prover::worker::controller::compress[0m[2m:[0m Checking if complete: Pending tasks: 1, map is empty: false, full range is some: false, is_range_equal: false
[2m2026-09-15T21:34:57.141587Z[0m [34mDEBUG[0m [1mController[0m[1m{[0m[3mproof_id[0m[2m=[0mproof_01m2kb91v9egga9yypcwvj99mg [3mtask_id[0m[2m=[0mlocal_worker_01m2kb91vje0h9884c5b5mxpp4[1m}[0m[2m:[0m[1mreduce[0m[2m:[0m [2msp1_prover::worker::controller::compress[0m[2m:[0m Found sibling
[2m2026-09-15T21:34:57.141592Z[0m [34mDEBUG[0m [1mController[0m[1m{[0m[3mproof_id[0m[2m=[0mproof_01m2kb91v9egga9yypcwvj99mg [3mtask_id[0m[2m=[0mlocal_worker_01m2kb91vje0h9884c5b5mxpp4[1m}[0m[2m:[0m[1mreduce[0m[2m:[0m [2msp1_prover::worker::controller::compress[0m[2m:[0m Checking if complete: Pending tasks: 1, map is empty: true, full range is some: false, is_range_equal: false
[2m2026-09-15T21:34:57.141618Z[0m [34mDEBUG[0m [1mCoreExecute[0m[1m{[0m[3mproof_id[0m[2m=[0mproof_01m2kb91v9egga9yypcwvj99mg [3mtask_id[0m[2m=[0mlocal_worker_01m2kb9chkez19hnxxwd2t5t4q[1m}[0m[2m:[0m[1memit precompile shards[0m[2m:[0m[1mdeferred sender[0m[2m:[0m [2msp1_prover::worker::controller::precompiles[0m[2m:[0m received deferred marker task status: Succeeded [3mtask_id[0m[2m=[0m"local_worker_01m2ked3xce11bjvg401jpr636"
[2m2026-09-15T21:34:57.141670Z[0m [34mDEBUG[0m [1mController[0m[1m{[0m[3mproof_id[0m[2m=[0mproof_01m2kb91v9egga9yypcwvj99mg [3mtask_id[0m[2m=[0mlocal_worker_01m2kb91vje0h9884c5b5mxpp4[1m}[0m[2m:[0m[1mreduce[0m[2m:[0m [2msp1_prover::worker::controller::compress[0m[2m:[0m Checking if complete: Pending tasks: 1, map is empty: false, full range is some: false, is_range_equal: false
[2m2026-09-15T21:34:57.141676Z[0m [34mDEBUG[0m [1mController[0m[1m{[0m[3mproof_id[0m[2m=[0mproof_01m2kb91v9egga9yypcwvj99mg [3mtask_id[0m[2m=[0mlocal_worker_01m2kb91vje0h9884c5b5mxpp4[1m}[0m[2m:[0m[1mreduce[0m[2m:[0m [2msp1_prover::worker::controller::compress[0m[2m:[0m Found sibling
[2m2026-09-15T21:34:57.141680Z[0m [34mDEBUG[0m [1mController[0m[1m{[0m[3mproof_id[0m[2m=[0mproof_01m2kb91v9egga9yypcwvj99mg [3mtask_id[0m[2m=[0mlocal_worker_01m2kb91vje0h9884c5b5mxpp4[1m}[0m[2m:[0m[1mreduce[0m[2m:[0m [2msp1_prover::worker::controller::compress[0m[2m:[0m Checking if complete: Pending tasks: 1, map is empty: true, full range is some: false, is_range_equal: false
[2m2026-09-15T21:34:57.141687Z[0m [34mDEBUG[0m [1mController[0m[1m{[0m[3mproof_id[0m[2m=[0mproof_01m2kb91v9egga9yypcwvj99mg [3mtask_id[0m[2m=[0mlocal_worker_01m2kb91vje0h9884c5b5mxpp4[1m}[0m[2m:[0m[1mreduce[0m[2m:[0m [2msp1_prover::worker::controller::compress[0m[2m:[0m Checking if complete: Pending tasks: 1, map is empty: false, full range is some: false, is_range_equal: false
[2m2026-09-15T21:34:57.141693Z[0m [34mDEBUG[0m [1mController[0m[1m{[0m[3mproof_id[0m[2m=[0mproof_01m2kb91v9egga9yypcwvj99mg [3mtask_id[0m[2m=[0mlocal_worker_01m2kb91vje0h9884c5b5mxpp4[1m}[0m[2m:[0m[1mreduce[0m[2m:[0m [2msp1_prover::worker::controller::compress[0m[2m:[0m Found sibling
[2m2026-09-15T21:34:57.141697Z[0m [34mDEBUG[0m [1mController[0m[1m{[0m[3mproof_id[0m[2m=[0mproof_01m2kb91v9egga9yypcwvj99mg [3mtask_id[0m[2m=[0mlocal_worker_01m2kb91vje0h9884c5b5mxpp4[1m}[0m[2m:[0m[1mreduce[0m[2m:[0m [2msp1_prover::worker::controller::compress[0m[2m:[0m Checking if complete: Pending tasks: 1, map is empty: true, full range is some: false, is_range_equal: false
[2m2026-09-15T21:34:57.141713Z[0m [34mDEBUG[0m [1mController[0m[1m{[0m[3mproof_id[0m[2m=[0mproof_01m2kb91v9egga9yypcwvj99mg [3mtask_id[0m[2m=[0mlocal_worker_01m2kb91vje0h9884c5b5mxpp4[1m}[0m[2m:[0m[1mreduce[0m[2m:[0m [2msp1_prover::worker::client::local[0m[2m:[0m submitting task of kind RecursionReduce
[2m2026-09-15T21:34:57.141734Z[0m [34mDEBUG[0m [1mController[0m[1m{[0m[3mproof_id[0m[2m=[0mproof_01m2kb91v9egga9yypcwvj99mg [3mtask_id[0m[2m=[0mlocal_worker_01m2kb91vje0h9884c5b5mxpp4[1m}[0m[2m:[0m[1mreduce[0m[2m:[0m [2msp1_prover::worker::controller::compress[0m[2m:[0m Checking if complete: Pending tasks: 2, map is empty: true, full range is some: false, is_range_equal: false
[2m2026-09-15T21:34:57.141740Z[0m [34mDEBUG[0m [1mController[0m[1m{[0m[3mproof_id[0m[2m=[0mproof_01m2kb91v9egga9yypcwvj99mg [3mtask_id[0m[2m=[0mlocal_worker_01m2kb91vje0h9884c5b5mxpp4[1m}[0m[2m:[0m[1mreduce[0m[2m:[0m [2msp1_prover::worker::controller::compress[0m[2m:[0m No neighboring range found, adding proof to tree
[2m2026-09-15T21:34:57.141777Z[0m [34mDEBUG[0m [1mCoreExecute[0m[1m{[0m[3mproof_id[0m[2m=[0mproof_01m2kb91v9egga9yypcwvj99mg [3mtask_id[0m[2m=[0mlocal_worker_01m2kb9chkez19hnxxwd2t5t4q[1m}[0m[2m:[0m[1memit precompile shards[0m[2m:[0m[1mdeferred sender[0m[2m:[0m [2msp1_prover::worker::client::local[0m[2m:[0m submitting task of kind ProveShard
[2m2026-09-15T21:34:57.237983Z[0m [34mDEBUG[0m [1mProveShard[0m[1m{[0m[3mproof_id[0m[2m=[0mproof_01m2kb91v9egga9yypcwvj99mg [3mtask_id[0m[2m=[0mlocal_worker_01m2kf38kneq8abgkwzwy3rt3w[1m}[0m[2m:[0m[1minto_record[0m[2m:[0m [2msp1_prover::worker::prover::core[0m[2m:[0m precompile events: code KECCAK_PERMUTE
[2m2026-09-15T21:36:38.348048Z[0m [34mDEBUG[0m [1mRecursionReduce[0m[1m{[0m[3mproof_id[0m[2m=[0mproof_01m2kb91v9egga9yypcwvj99mg [3mtask_id[0m[2m=[0mlocal_worker_01m2kfx53nec1try7ck5jgb5d0[1m}[0m[2m:[0m [2msp1_prover::worker::node::full::init[0m[2m:[0m task succeeded
[2m2026-09-15T21:36:38.348107Z[0m [34mDEBUG[0m [1mController[0m[1m{[0m[3mproof_id[0m[2m=[0mproof_01m2kb91v9egga9yypcwvj99mg [3mtask_id[0m[2m=[0mlocal_worker_01m2kb91vje0h9884c5b5mxpp4[1m}[0m[2m:[0m[1mreduce[0m[2m:[0m [2msp1_prover::worker::controller::compress[0m[2m:[0m Checking if complete: Pending tasks: 1, map is empty: false, full range is some: false, is_range_equal: false
[2m2026-09-15T21:36:38.348120Z[0m [34mDEBUG[0m [1mController[0m[1m{[0m[3mproof_id[0m[2m=[0mproof_01m2kb91v9egga9yypcwvj99mg [3mtask_id[0m[2m=[0mlocal_worker_01m2kb91vje0h9884c5b5mxpp4[1m}[0m[2m:[0m[1mreduce[0m[2m:[0m [2msp1_prover::worker::controller::compress[0m[2m:[0m Found sibling
[2m2026-09-15T21:36:38.348124Z[0m [34mDEBUG[0m [1mController[0m[1m{[0m[3mproof_id[0m[2m=[0mproof_01m2kb91v9egga9yypcwvj99mg [3mtask_id[0m[2m=[0mlocal_worker_01m2kb91vje0h9884c5b5mxpp4[1m}[0m[2m:[0m[1mreduce[0m[2m:[0m [2msp1_prover::worker::controller::compress[0m[2m:[0m Checking if complete: Pending tasks: 1, map is empty: true, full range is some: false, is_range_equal: false
[2m2026-09-15T21:37:54.778614Z[0m [34mDEBUG[0m [1mProveShard[0m[1m{[0m[3mproof_id[0m[2m=[0mproof_01m2kb91v9egga9yypcwvj99mg [3mtask_id[0m[2m=[0mlocal_worker_01m2kf38kneq8abgkwzwy3rt3w[1m}[0m[2m:[0m [2msp1_prover::worker::node::full::init[0m[2m:[0m task succeeded
[2m2026-09-15T21:37:54.779535Z[0m [34mDEBUG[0m [1mController[0m[1m{[0m[3mproof_id[0m[2m=[0mproof_01m2kb91v9egga9yypcwvj99mg [3mtask_id[0m[2m=[0mlocal_worker_01m2kb91vje0h9884c5b5mxpp4[1m}[0m[2m:[0m[1mreduce[0m[2m:[0m [2msp1_prover::worker::controller::compress[0m[2m:[0m Checking if complete: Pending tasks: 1, map is empty: false, full range is some: false, is_range_equal: false
[2m2026-09-15T21:37:54.780106Z[0m [34mDEBUG[0m [1mController[0m[1m{[0m[3mproof_id[0m[2m=[0mproof_01m2kb91v9egga9yypcwvj99mg [3mtask_id[0m[2m=[0mlocal_worker_01m2kb91vje0h9884c5b5mxpp4[1m}[0m[2m:[0m[1mreduce[0m[2m:[0m [2msp1_prover::worker::controller::compress[0m[2m:[0m Found sibling
[2m2026-09-15T21:37:54.779589Z[0m [34mDEBUG[0m [1mCoreExecute[0m[1m{[0m[3mproof_id[0m[2m=[0mproof_01m2kb91v9egga9yypcwvj99mg [3mtask_id[0m[2m=[0mlocal_worker_01m2kb9chkez19hnxxwd2t5t4q[1m}[0m[2m:[0m[1memit precompile shards[0m[2m:[0m[1mdeferred listener[0m[2m:[0m [2msp1_prover::worker::controller::precompiles[0m[2m:[0m received deferred message with task id TaskId("local_worker_01m2kfkwnsfhsvcj1gcbfra4gr")
[2m2026-09-15T21:37:54.780119Z[0m [34mDEBUG[0m [1mController[0m[1m{[0m[3mproof_id[0m[2m=[0mproof_01m2kb91v9egga9yypcwvj99mg [3mtask_id[0m[2m=[0mlocal_worker_01m2kb91vje0h9884c5b5mxpp4[1m}[0m[2m:[0m[1mreduce[0m[2m:[0m [2msp1_prover::worker::controller::compress[0m[2m:[0m Checking if complete: Pending tasks: 1, map is empty: true, full range is some: false, is_range_equal: false
[2m2026-09-15T21:37:54.780129Z[0m [34mDEBUG[0m [1mController[0m[1m{[0m[3mproof_id[0m[2m=[0mproof_01m2kb91v9egga9yypcwvj99mg [3mtask_id[0m[2m=[0mlocal_worker_01m2kb91vje0h9884c5b5mxpp4[1m}[0m[2m:[0m[1mreduce[0m[2m:[0m [2msp1_prover::worker::controller::compress[0m[2m:[0m Checking if complete: Pending tasks: 1, map is empty: false, full range is some: false, is_range_equal: false
[2m2026-09-15T21:37:54.780135Z[0m [34mDEBUG[0m [1mController[0m[1m{[0m[3mproof_id[0m[2m=[0mproof_01m2kb91v9egga9yypcwvj99mg [3mtask_id[0m[2m=[0mlocal_worker_01m2kb91vje0h9884c5b5mxpp4[1m}[0m[2m:[0m[1mreduce[0m[2m:[0m [2msp1_prover::worker::controller::compress[0m[2m:[0m Found sibling
[2m2026-09-15T21:37:54.780139Z[0m [34mDEBUG[0m [1mController[0m[1m{[0m[3mproof_id[0m[2m=[0mproof_01m2kb91v9egga9yypcwvj99mg [3mtask_id[0m[2m=[0mlocal_worker_01m2kb91vje0h9884c5b5mxpp4[1m}[0m[2m:[0m[1mreduce[0m[2m:[0m [2msp1_prover::worker::controller::compress[0m[2m:[0m Checking if complete: Pending tasks: 1, map is empty: true, full range is some: false, is_range_equal: false
[2m2026-09-15T21:37:54.780163Z[0m [34mDEBUG[0m [1mController[0m[1m{[0m[3mproof_id[0m[2m=[0mproof_01m2kb91v9egga9yypcwvj99mg [3mtask_id[0m[2m=[0mlocal_worker_01m2kb91vje0h9884c5b5mxpp4[1m}[0m[2m:[0m[1mreduce[0m[2m:[0m [2msp1_prover::worker::client::local[0m[2m:[0m submitting task of kind RecursionReduce
[2m2026-09-15T21:37:54.780481Z[0m [34mDEBUG[0m [1mCoreExecute[0m[1m{[0m[3mproof_id[0m[2m=[0mproof_01m2kb91v9egga9yypcwvj99mg [3mtask_id[0m[2m=[0mlocal_worker_01m2kb9chkez19hnxxwd2t5t4q[1m}[0m[2m:[0m[1mminimal executor[0m[2m:[0m[1msplicing[0m[1m{[0m[3midx[0m[2m=[0m0[1m}[0m[2m:[0m[1msplicing trace chunk[0m[2m:[0m [2msp1_prover::worker::controller::splicing[0m[2m:[0m spliced trace sent to splicing tx [3mglobal_clk[0m[2m=[0m15549620
[2m2026-09-15T21:37:54.780499Z[0m [34mDEBUG[0m [1mCoreExecute[0m[1m{[0m[3mproof_id[0m[2m=[0mproof_01m2kb91v9egga9yypcwvj99mg [3mtask_id[0m[2m=[0mlocal_worker_01m2kb9chkez19hnxxwd2t5t4q[1m}[0m[2m:[0m[1mminimal executor[0m[2m:[0m[1msplicing[0m[1m{[0m[3midx[0m[2m=[0m0[1m}[0m[2m:[0m[1msplicing trace chunk[0m[2m:[0m [2msp1_prover::worker::controller::splicing[0m[2m:[0m starting new shard at clk: 130525345 at pc: 2014733944
[2m2026-09-15T21:37:54.837089Z[0m [34mDEBUG[0m [1mCoreExecute[0m[1m{[0m[3mproof_id[0m[2m=[0mproof_01m2kb91v9egga9yypcwvj99mg [3mtask_id[0m[2m=[0mlocal_worker_01m2kb9chkez19hnxxwd2t5t4q[1m}[0m[2m:[0m[1mminimal executor[0m[2m:[0m[1msplicing[0m[1m{[0m[3midx[0m[2m=[0m0[1m}[0m[2m:[0m[1mget splices to serialize[0m[2m:[0m[1msend splice[0m[2m:[0m [2msp1_prover::worker::client::local[0m[2m:[0m submitting task of kind MarkerDeferredRecord
[2m2026-09-15T21:37:54.852198Z[0m [34mDEBUG[0m [1mCoreExecute[0m[1m{[0m[3mproof_id[0m[2m=[0mproof_01m2kb91v9egga9yypcwvj99mg [3mtask_id[0m[2m=[0mlocal_worker_01m2kb9chkez19hnxxwd2t5t4q[1m}[0m[2m:[0m[1mminimal executor[0m[2m:[0m[1msplicing[0m[1m{[0m[3midx[0m[2m=[0m0[1m}[0m[2m:[0m[1msplicing trace chunk[0m[2m:[0m [2msp1_prover::worker::controller::splicing[0m[2m:[0m shard boundary [3mglobal_clk[0m[2m=[0m15964387 [3mpc[0m[2m=[0m2014618488 [3mnum_mem_reads_left[0m[2m=[0m2444786 [3mclk[0m[2m=[0m133851417
[2m2026-09-15T21:37:54.852243Z[0m [34mDEBUG[0m [1mCoreExecute[0m[1m{[0m[3mproof_id[0m[2m=[0mproof_01m2kb91v9egga9yypcwvj99mg [3mtask_id[0m[2m=[0mlocal_worker_01m2kb9chkez19hnxxwd2t5t4q[1m}[0m[2m:[0m[1mminimal executor[0m[2m:[0m[1msplicing[0m[1m{[0m[3midx[0m[2m=[0m0[1m}[0m[2m:[0m[1msplicing trace chunk[0m[2m:[0m [2msp1_prover::worker::controller::splicing[0m[2m:[0m sending spliced trace to splicing tx [3mglobal_clk[0m[2m=[0m15964387
[2m2026-09-15T21:37:54.865129Z[0m [34mDEBUG[0m [1mCoreExecute[0m[1m{[0m[3mproof_id[0m[2m=[0mproof_01m2kb91v9egga9yypcwvj99mg [3mtask_id[0m[2m=[0mlocal_worker_01m2kb9chkez19hnxxwd2t5t4q[1m}[0m[2m:[0m[1mminimal executor[0m[2m:[0m[1msplicing[0m[1m{[0m[3midx[0m[2m=[0m0[1m}[0m[2m:[0m[1mget splices to serialize[0m[2m:[0m[1msend splice[0m[2m:[0m [2msp1_prover::worker::client::local[0m[2m:[0m submitting task of kind ProveShard
[2m2026-09-15T21:37:55.506851Z[0m [34mDEBUG[0m [1mProveShard[0m[1m{[0m[3mproof_id[0m[2m=[0mproof_01m2kb91v9egga9yypcwvj99mg [3mtask_id[0m[2m=[0mlocal_worker_01m2kf8nh9essr20ht5j9rwszh[1m}[0m[2m:[0m[1minto_record[0m[2m:[0m [2msp1_prover::worker::prover::core[0m[2m:[0m tracing chunk at clk range: 95475553..97799713
[2m2026-09-15T21:39:18.185651Z[0m [34mDEBUG[0m [1mRecursionReduce[0m[1m{[0m[3mproof_id[0m[2m=[0mproof_01m2kb91v9egga9yypcwvj99mg [3mtask_id[0m[2m=[0mlocal_worker_01m2kg2jjwf11tya4vg5tv9cy7[1m}[0m[2m:[0m [2msp1_prover::worker::node::full::init[0m[2m:[0m task succeeded
[2m2026-09-15T21:39:18.185705Z[0m [34mDEBUG[0m [1mController[0m[1m{[0m[3mproof_id[0m[2m=[0mproof_01m2kb91v9egga9yypcwvj99mg [3mtask_id[0m[2m=[0mlocal_worker_01m2kb91vje0h9884c5b5mxpp4[1m}[0m[2m:[0m[1mreduce[0m[2m:[0m [2msp1_prover::worker::controller::compress[0m[2m:[0m Checking if complete: Pending tasks: 1, map is empty: true, full range is some: false, is_range_equal: false
[2m2026-09-15T21:39:18.185717Z[0m [34mDEBUG[0m [1mController[0m[1m{[0m[3mproof_id[0m[2m=[0mproof_01m2kb91v9egga9yypcwvj99mg [3mtask_id[0m[2m=[0mlocal_worker_01m2kb91vje0h9884c5b5mxpp4[1m}[0m[2m:[0m[1mreduce[0m[2m:[0m [2msp1_prover::worker::controller::compress[0m[2m:[0m No neighboring range found, adding proof to tree
[2m2026-09-15T21:40:51.589343Z[0m [34mDEBUG[0m [1mProveShard[0m[1m{[0m[3mproof_id[0m[2m=[0mproof_01m2kb91v9egga9yypcwvj99mg [3mtask_id[0m[2m=[0mlocal_worker_01m2kf8nh9essr20ht5j9rwszh[1m}[0m[2m:[0m [2msp1_prover::worker::node::full::init[0m[2m:[0m task succeeded
[2m2026-09-15T21:40:51.590091Z[0m [34mDEBUG[0m [1mCoreExecute[0m[1m{[0m[3mproof_id[0m[2m=[0mproof_01m2kb91v9egga9yypcwvj99mg [3mtask_id[0m[2m=[0mlocal_worker_01m2kb9chkez19hnxxwd2t5t4q[1m}[0m[2m:[0m[1memit precompile shards[0m[2m:[0m[1mdeferred listener[0m[2m:[0m [2msp1_prover::worker::controller::precompiles[0m[2m:[0m received deferred message with task id TaskId("local_worker_01m2kfsck8emr9w4yrnqrzp9qv")
[2m2026-09-15T21:40:51.591521Z[0m [34mDEBUG[0m [1mCoreExecute[0m[1m{[0m[3mproof_id[0m[2m=[0mproof_01m2kb91v9egga9yypcwvj99mg [3mtask_id[0m[2m=[0mlocal_worker_01m2kb9chkez19hnxxwd2t5t4q[1m}[0m[2m:[0m[1mminimal executor[0m[2m:[0m[1msplicing[0m[1m{[0m[3midx[0m[2m=[0m0[1m}[0m[2m:[0m[1msplicing trace chunk[0m[2m:[0m [2msp1_prover::worker::controller::splicing[0m[2m:[0m spliced trace sent to splicing tx [3mglobal_clk[0m[2m=[0m15964387
[2m2026-09-15T21:40:51.591542Z[0m [34mDEBUG[0m [1mCoreExecute[0m[1m{[0m[3mproof_id[0m[2m=[0mproof_01m2kb91v9egga9yypcwvj99mg [3mtask_id[0m[2m=[0mlocal_worker_01m2kb9chkez19hnxxwd2t5t4q[1m}[0m[2m:[0m[1mminimal executor[0m[2m:[0m[1msplicing[0m[1m{[0m[3midx[0m[2m=[0m0[1m}[0m[2m:[0m[1msplicing trace chunk[0m[2m:[0m [2msp1_prover::worker::controller::splicing[0m[2m:[0m starting new shard at clk: 133851417 at pc: 2014618488
[2m2026-09-15T21:40:51.613823Z[0m [34mDEBUG[0m [1mCoreExecute[0m[1m{[0m[3mproof_id[0m[2m=[0mproof_01m2kb91v9egga9yypcwvj99mg [3mtask_id[0m[2m=[0mlocal_worker_01m2kb9chkez19hnxxwd2t5t4q[1m}[0m[2m:[0m[1mminimal executor[0m[2m:[0m[1msplicing[0m[1m{[0m[3midx[0m[2m=[0m0[1m}[0m[2m:[0m[1mget splices to serialize[0m[2m:[0m[1msend splice[0m[2m:[0m [2msp1_prover::worker::client::local[0m[2m:[0m submitting task of kind MarkerDeferredRecord
[2m2026-09-15T21:40:51.617350Z[0m [34mDEBUG[0m [1mCoreExecute[0m[1m{[0m[3mproof_id[0m[2m=[0mproof_01m2kb91v9egga9yypcwvj99mg [3mtask_id[0m[2m=[0mlocal_worker_01m2kb9chkez19hnxxwd2t5t4q[1m}[0m[2m:[0m[1mminimal executor[0m[2m:[0m[1msplicing[0m[1m{[0m[3midx[0m[2m=[0m0[1m}[0m[2m:[0m[1mget splices to serialize[0m[2m:[0m[1msend splice[0m[2m:[0m [2msp1_prover::worker::client::local[0m[2m:[0m submitting task of kind ProveShard
[2m2026-09-15T21:40:51.643740Z[0m [34mDEBUG[0m [1mCoreExecute[0m[1m{[0m[3mproof_id[0m[2m=[0mproof_01m2kb91v9egga9yypcwvj99mg [3mtask_id[0m[2m=[0mlocal_worker_01m2kb9chkez19hnxxwd2t5t4q[1m}[0m[2m:[0m[1mminimal executor[0m[2m:[0m[1msplicing[0m[1m{[0m[3midx[0m[2m=[0m0[1m}[0m[2m:[0m[1msplicing trace chunk[0m[2m:[0m [2msp1_prover::worker::controller::splicing[0m[2m:[0m shard boundary [3mglobal_clk[0m[2m=[0m16384616 [3mpc[0m[2m=[0m2016520272 [3mnum_mem_reads_left[0m[2m=[0m2243888 [3mclk[0m[2m=[0m137216833
[2m2026-09-15T21:40:51.643795Z[0m [34mDEBUG[0m [1mCoreExecute[0m[1m{[0m[3mproof_id[0m[2m=[0mproof_01m2kb91v9egga9yypcwvj99mg [3mtask_id[0m[2m=[0mlocal_worker_01m2kb9chkez19hnxxwd2t5t4q[1m}[0m[2m:[0m[1mminimal executor[0m[2m:[0m[1msplicing[0m[1m{[0m[3midx[0m[2m=[0m0[1m}[0m[2m:[0m[1msplicing trace chunk[0m[2m:[0m [2msp1_prover::worker::controller::splicing[0m[2m:[0m sending spliced trace to splicing tx [3mglobal_clk[0m[2m=[0m16384616
[2m2026-09-15T21:40:51.647292Z[0m [34mDEBUG[0m [1mProveShard[0m[1m{[0m[3mproof_id[0m[2m=[0mproof_01m2kb91v9egga9yypcwvj99mg [3mtask_id[0m[2m=[0mlocal_worker_01m2kfcfj9ehg8h6cx7q0f92ab[1m}[0m[2m:[0m[1minto_record[0m[2m:[0m [2msp1_prover::worker::prover::core[0m[2m:[0m tracing chunk at clk range: 97799713..99970161
[2m2026-09-15T21:42:57.147616Z[0m [34mDEBUG[0m [1mProveShard[0m[1m{[0m[3mproof_id[0m[2m=[0mproof_01m2kb91v9egga9yypcwvj99mg [3mtask_id[0m[2m=[0mlocal_worker_01m2kfcfj9ehg8h6cx7q0f92ab[1m}[0m[2m:[0m [2msp1_prover::worker::node::full::init[0m[2m:[0m task succeeded
[2m2026-09-15T21:42:57.148259Z[0m [34mDEBUG[0m [1mCoreExecute[0m[1m{[0m[3mproof_id[0m[2m=[0mproof_01m2kb91v9egga9yypcwvj99mg [3mtask_id[0m[2m=[0mlocal_worker_01m2kb9chkez19hnxxwd2t5t4q[1m}[0m[2m:[0m[1memit precompile shards[0m[2m:[0m[1mdeferred sender[0m[2m:[0m [2msp1_prover::worker::controller::precompiles[0m[2m:[0m received deferred marker task status: Succeeded [3mtask_id[0m[2m=[0m"local_worker_01m2kejhmjf58rnb18y1a4frp3"
[2m2026-09-15T21:42:57.148643Z[0m [34mDEBUG[0m [1mCoreExecute[0m[1m{[0m[3mproof_id[0m[2m=[0mproof_01m2kb91v9egga9yypcwvj99mg [3mtask_id[0m[2m=[0mlocal_worker_01m2kb9chkez19hnxxwd2t5t4q[1m}[0m[2m:[0m[1memit precompile shards[0m[2m:[0m[1mdeferred sender[0m[2m:[0m [2msp1_prover::worker::controller::precompiles[0m[2m:[0m received deferred marker task status: Succeeded [3mtask_id[0m[2m=[0m"local_worker_01m2kevnz7ef8s2drfbbz079hx"
[2m2026-09-15T21:42:57.148730Z[0m [34mDEBUG[0m [1mCoreExecute[0m[1m{[0m[3mproof_id[0m[2m=[0mproof_01m2kb91v9egga9yypcwvj99mg [3mtask_id[0m[2m=[0mlocal_worker_01m2kb9chkez19hnxxwd2t5t4q[1m}[0m[2m:[0m[1memit precompile shards[0m[2m:[0m[1mdeferred sender[0m[2m:[0m [2msp1_prover::worker::client::local[0m[2m:[0m submitting task of kind ProveShard
[2m2026-09-15T21:42:57.190461Z[0m [34mDEBUG[0m [1mProveShard[0m[1m{[0m[3mproof_id[0m[2m=[0mproof_01m2kb91v9egga9yypcwvj99mg [3mtask_id[0m[2m=[0mlocal_worker_01m2kfg8bcfhh8ekyhf9ps0cnh[1m}[0m[2m:[0m[1minto_record[0m[2m:[0m [2msp1_prover::worker::prover::core[0m[2m:[0m precompile events: code KECCAK_PERMUTE
[2m2026-09-15T21:44:56.416338Z[0m [34mDEBUG[0m [1mProveShard[0m[1m{[0m[3mproof_id[0m[2m=[0mproof_01m2kb91v9egga9yypcwvj99mg [3mtask_id[0m[2m=[0mlocal_worker_01m2kfg8bcfhh8ekyhf9ps0cnh[1m}[0m[2m:[0m [2msp1_prover::worker::node::full::init[0m[2m:[0m task succeeded
[2m2026-09-15T21:44:56.417354Z[0m [34mDEBUG[0m [1mCoreExecute[0m[1m{[0m[3mproof_id[0m[2m=[0mproof_01m2kb91v9egga9yypcwvj99mg [3mtask_id[0m[2m=[0mlocal_worker_01m2kb9chkez19hnxxwd2t5t4q[1m}[0m[2m:[0m[1memit precompile shards[0m[2m:[0m[1mdeferred listener[0m[2m:[0m [2msp1_prover::worker::controller::precompiles[0m[2m:[0m received deferred message with task id TaskId("local_worker_01m2kg2jmnea197r1n3dky4fpc")
[2m2026-09-15T21:44:56.417618Z[0m [34mDEBUG[0m [1mCoreExecute[0m[1m{[0m[3mproof_id[0m[2m=[0mproof_01m2kb91v9egga9yypcwvj99mg [3mtask_id[0m[2m=[0mlocal_worker_01m2kb9chkez19hnxxwd2t5t4q[1m}[0m[2m:[0m[1mminimal executor[0m[2m:[0m[1msplicing[0m[1m{[0m[3midx[0m[2m=[0m0[1m}[0m[2m:[0m[1msplicing trace chunk[0m[2m:[0m [2msp1_prover::worker::controller::splicing[0m[2m:[0m spliced trace sent to splicing tx [3mglobal_clk[0m[2m=[0m16384616
[2m2026-09-15T21:44:56.417637Z[0m [34mDEBUG[0m [1mCoreExecute[0m[1m{[0m[3mproof_id[0m[2m=[0mproof_01m2kb91v9egga9yypcwvj99mg [3mtask_id[0m[2m=[0mlocal_worker_01m2kb9chkez19hnxxwd2t5t4q[1m}[0m[2m:[0m[1mminimal executor[0m[2m:[0m[1msplicing[0m[1m{[0m[3midx[0m[2m=[0m0[1m}[0m[2m:[0m[1msplicing trace chunk[0m[2m:[0m [2msp1_prover::worker::controller::splicing[0m[2m:[0m starting new shard at clk: 137216833 at pc: 2016520272
[2m2026-09-15T21:44:56.451631Z[0m [34mDEBUG[0m [1mCoreExecute[0m[1m{[0m[3mproof_id[0m[2m=[0mproof_01m2kb91v9egga9yypcwvj99mg [3mtask_id[0m[2m=[0mlocal_worker_01m2kb9chkez19hnxxwd2t5t4q[1m}[0m[2m:[0m[1mminimal executor[0m[2m:[0m[1msplicing[0m[1m{[0m[3midx[0m[2m=[0m0[1m}[0m[2m:[0m[1mget splices to serialize[0m[2m:[0m[1msend splice[0m[2m:[0m [2msp1_prover::worker::client::local[0m[2m:[0m submitting task of kind MarkerDeferredRecord
[2m2026-09-15T21:44:56.456567Z[0m [34mDEBUG[0m [1mCoreExecute[0m[1m{[0m[3mproof_id[0m[2m=[0mproof_01m2kb91v9egga9yypcwvj99mg [3mtask_id[0m[2m=[0mlocal_worker_01m2kb9chkez19hnxxwd2t5t4q[1m}[0m[2m:[0m[1mminimal executor[0m[2m:[0m[1msplicing[0m[1m{[0m[3midx[0m[2m=[0m0[1m}[0m[2m:[0m[1mget splices to serialize[0m[2m:[0m[1msend splice[0m[2m:[0m [2msp1_prover::worker::client::local[0m[2m:[0m submitting task of kind ProveShard
[2m2026-09-15T21:44:56.474080Z[0m [34mDEBUG[0m [1mProveShard[0m[1m{[0m[3mproof_id[0m[2m=[0mproof_01m2kb91v9egga9yypcwvj99mg [3mtask_id[0m[2m=[0mlocal_worker_01m2kfkwpge4s88rxcqt9668r6[1m}[0m[2m:[0m[1minto_record[0m[2m:[0m [2msp1_prover::worker::prover::core[0m[2m:[0m tracing chunk at clk range: 99970161..105045425
[2m2026-09-15T21:44:56.476033Z[0m [34mDEBUG[0m [1mCoreExecute[0m[1m{[0m[3mproof_id[0m[2m=[0mproof_01m2kb91v9egga9yypcwvj99mg [3mtask_id[0m[2m=[0mlocal_worker_01m2kb9chkez19hnxxwd2t5t4q[1m}[0m[2m:[0m[1mminimal executor[0m[2m:[0m[1msplicing[0m[1m{[0m[3midx[0m[2m=[0m0[1m}[0m[2m:[0m[1msplicing trace chunk[0m[2m:[0m [2msp1_prover::worker::controller::splicing[0m[2m:[0m shard boundary [3mglobal_clk[0m[2m=[0m16763385 [3mpc[0m[2m=[0m2014733932 [3mnum_mem_reads_left[0m[2m=[0m2061131 [3mclk[0m[2m=[0m140453065
[2m2026-09-15T21:44:56.476057Z[0m [34mDEBUG[0m [1mCoreExecute[0m[1m{[0m[3mproof_id[0m[2m=[0mproof_01m2kb91v9egga9yypcwvj99mg [3mtask_id[0m[2m=[0mlocal_worker_01m2kb9chkez19hnxxwd2t5t4q[1m}[0m[2m:[0m[1mminimal executor[0m[2m:[0m[1msplicing[0m[1m{[0m[3midx[0m[2m=[0m0[1m}[0m[2m:[0m[1msplicing trace chunk[0m[2m:[0m [2msp1_prover::worker::controller::splicing[0m[2m:[0m sending spliced trace to splicing tx [3mglobal_clk[0m[2m=[0m16763385
[2m2026-09-15T21:47:07.011249Z[0m [34mDEBUG[0m [1mProveShard[0m[1m{[0m[3mproof_id[0m[2m=[0mproof_01m2kb91v9egga9yypcwvj99mg [3mtask_id[0m[2m=[0mlocal_worker_01m2kfkwpge4s88rxcqt9668r6[1m}[0m[2m:[0m [2msp1_prover::worker::node::full::init[0m[2m:[0m task succeeded
[2m2026-09-15T21:47:07.012301Z[0m [34mDEBUG[0m [1mController[0m[1m{[0m[3mproof_id[0m[2m=[0mproof_01m2kb91v9egga9yypcwvj99mg [3mtask_id[0m[2m=[0mlocal_worker_01m2kb91vje0h9884c5b5mxpp4[1m}[0m[2m:[0m[1mreduce[0m[2m:[0m [2msp1_prover::worker::controller::compress[0m[2m:[0m Checking if complete: Pending tasks: 1, map is empty: false, full range is some: false, is_range_equal: false
[2m2026-09-15T21:47:07.012322Z[0m [34mDEBUG[0m [1mController[0m[1m{[0m[3mproof_id[0m[2m=[0mproof_01m2kb91v9egga9yypcwvj99mg [3mtask_id[0m[2m=[0mlocal_worker_01m2kb91vje0h9884c5b5mxpp4[1m}[0m[2m:[0m[1mreduce[0m[2m:[0m [2msp1_prover::worker::controller::compress[0m[2m:[0m Found sibling
[2m2026-09-15T21:47:07.012328Z[0m [34mDEBUG[0m [1mController[0m[1m{[0m[3mproof_id[0m[2m=[0mproof_01m2kb91v9egga9yypcwvj99mg [3mtask_id[0m[2m=[0mlocal_worker_01m2kb91vje0h9884c5b5mxpp4[1m}[0m[2m:[0m[1mreduce[0m[2m:[0m [2msp1_prover::worker::controller::compress[0m[2m:[0m Checking if complete: Pending tasks: 1, map is empty: true, full range is some: false, is_range_equal: false
[2m2026-09-15T21:47:07.012374Z[0m [34mDEBUG[0m [1mCoreExecute[0m[1m{[0m[3mproof_id[0m[2m=[0mproof_01m2kb91v9egga9yypcwvj99mg [3mtask_id[0m[2m=[0mlocal_worker_01m2kb9chkez19hnxxwd2t5t4q[1m}[0m[2m:[0m[1memit precompile shards[0m[2m:[0m[1mdeferred listener[0m[2m:[0m [2msp1_prover::worker::controller::precompiles[0m[2m:[0m received deferred message with task id TaskId("local_worker_01m2kg7z8xeq9rs76cqvvggybr")
[2m2026-09-15T21:47:07.012490Z[0m [34mDEBUG[0m [1mController[0m[1m{[0m[3mproof_id[0m[2m=[0mproof_01m2kb91v9egga9yypcwvj99mg [3mtask_id[0m[2m=[0mlocal_worker_01m2kb91vje0h9884c5b5mxpp4[1m}[0m[2m:[0m[1mreduce[0m[2m:[0m [2msp1_prover::worker::controller::compress[0m[2m:[0m Checking if complete: Pending tasks: 1, map is empty: false, full range is some: false, is_range_equal: false
[2m2026-09-15T21:47:07.012498Z[0m [34mDEBUG[0m [1mController[0m[1m{[0m[3mproof_id[0m[2m=[0mproof_01m2kb91v9egga9yypcwvj99mg [3mtask_id[0m[2m=[0mlocal_worker_01m2kb91vje0h9884c5b5mxpp4[1m}[0m[2m:[0m[1mreduce[0m[2m:[0m [2msp1_prover::worker::controller::compress[0m[2m:[0m Found sibling
[2m2026-09-15T21:47:07.012502Z[0m [34mDEBUG[0m [1mController[0m[1m{[0m[3mproof_id[0m[2m=[0mproof_01m2kb91v9egga9yypcwvj99mg [3mtask_id[0m[2m=[0mlocal_worker_01m2kb91vje0h9884c5b5mxpp4[1m}[0m[2m:[0m[1mreduce[0m[2m:[0m [2msp1_prover::worker::controller::compress[0m[2m:[0m Checking if complete: Pending tasks: 1, map is empty: true, full range is some: false, is_range_equal: false
[2m2026-09-15T21:47:07.016789Z[0m [34mDEBUG[0m [1mCoreExecute[0m[1m{[0m[3mproof_id[0m[2m=[0mproof_01m2kb91v9egga9yypcwvj99mg [3mtask_id[0m[2m=[0mlocal_worker_01m2kb9chkez19hnxxwd2t5t4q[1m}[0m[2m:[0m[1mminimal executor[0m[2m:[0m[1msplicing[0m[1m{[0m[3midx[0m[2m=[0m0[1m}[0m[2m:[0m[1msplicing trace chunk[0m[2m:[0m [2msp1_prover::worker::controller::splicing[0m[2m:[0m spliced trace sent to splicing tx [3mglobal_clk[0m[2m=[0m16763385
[2m2026-09-15T21:47:07.016806Z[0m [34mDEBUG[0m [1mCoreExecute[0m[1m{[0m[3mproof_id[0m[2m=[0mproof_01m2kb91v9egga9yypcwvj99mg [3mtask_id[0m[2m=[0mlocal_worker_01m2kb9chkez19hnxxwd2t5t4q[1m}[0m[2m:[0m[1mminimal executor[0m[2m:[0m[1msplicing[0m[1m{[0m[3midx[0m[2m=[0m0[1m}[0m[2m:[0m[1msplicing trace chunk[0m[2m:[0m [2msp1_prover::worker::controller::splicing[0m[2m:[0m starting new shard at clk: 140453065 at pc: 2014733932
[2m2026-09-15T21:47:07.045202Z[0m [34mDEBUG[0m [1mCoreExecute[0m[1m{[0m[3mproof_id[0m[2m=[0mproof_01m2kb91v9egga9yypcwvj99mg [3mtask_id[0m[2m=[0mlocal_worker_01m2kb9chkez19hnxxwd2t5t4q[1m}[0m[2m:[0m[1mminimal executor[0m[2m:[0m[1msplicing[0m[1m{[0m[3midx[0m[2m=[0m0[1m}[0m[2m:[0m[1mget splices to serialize[0m[2m:[0m[1msend splice[0m[2m:[0m [2msp1_prover::worker::client::local[0m[2m:[0m submitting task of kind MarkerDeferredRecord
[2m2026-09-15T21:47:07.049830Z[0m [34mDEBUG[0m [1mCoreExecute[0m[1m{[0m[3mproof_id[0m[2m=[0mproof_01m2kb91v9egga9yypcwvj99mg [3mtask_id[0m[2m=[0mlocal_worker_01m2kb9chkez19hnxxwd2t5t4q[1m}[0m[2m:[0m[1mminimal executor[0m[2m:[0m[1msplicing[0m[1m{[0m[3midx[0m[2m=[0m0[1m}[0m[2m:[0m[1mget splices to serialize[0m[2m:[0m[1msend splice[0m[2m:[0m [2msp1_prover::worker::client::local[0m[2m:[0m submitting task of kind ProveShard
[2m2026-09-15T21:47:07.057332Z[0m [34mDEBUG[0m [1mProveShard[0m[1m{[0m[3mproof_id[0m[2m=[0mproof_01m2kb91v9egga9yypcwvj99mg [3mtask_id[0m[2m=[0mlocal_worker_01m2kfsckhe8rsbw6sygdn342w[1m}[0m[2m:[0m[1minto_record[0m[2m:[0m [2msp1_prover::worker::prover::core[0m[2m:[0m tracing chunk at clk range: 105045425..110112929
[2m2026-09-15T21:47:07.066360Z[0m [34mDEBUG[0m [1mCoreExecute[0m[1m{[0m[3mproof_id[0m[2m=[0mproof_01m2kb91v9egga9yypcwvj99mg [3mtask_id[0m[2m=[0mlocal_worker_01m2kb9chkez19hnxxwd2t5t4q[1m}[0m[2m:[0m[1mminimal executor[0m[2m:[0m[1msplicing[0m[1m{[0m[3midx[0m[2m=[0m0[1m}[0m[2m:[0m[1msplicing trace chunk[0m[2m:[0m [2msp1_prover::worker::controller::splicing[0m[2m:[0m shard boundary [3mglobal_clk[0m[2m=[0m17123982 [3mpc[0m[2m=[0m2014735160 [3mnum_mem_reads_left[0m[2m=[0m1917565 [3mclk[0m[2m=[0m143362417
[2m2026-09-15T21:47:07.066393Z[0m [34mDEBUG[0m [1mCoreExecute[0m[1m{[0m[3mproof_id[0m[2m=[0mproof_01m2kb91v9egga9yypcwvj99mg [3mtask_id[0m[2m=[0mlocal_worker_01m2kb9chkez19hnxxwd2t5t4q[1m}[0m[2m:[0m[1mminimal executor[0m[2m:[0m[1msplicing[0m[1m{[0m[3midx[0m[2m=[0m0[1m}[0m[2m:[0m[1msplicing trace chunk[0m[2m:[0m [2msp1_prover::worker::controller::splicing[0m[2m:[0m sending spliced trace to splicing tx [3mglobal_clk[0m[2m=[0m17123982
[2m2026-09-15T21:49:10.681771Z[0m [34mDEBUG[0m [1mProveShard[0m[1m{[0m[3mproof_id[0m[2m=[0mproof_01m2kb91v9egga9yypcwvj99mg [3mtask_id[0m[2m=[0mlocal_worker_01m2kfsckhe8rsbw6sygdn342w[1m}[0m[2m:[0m [2msp1_prover::worker::node::full::init[0m[2m:[0m task succeeded
[2m2026-09-15T21:49:10.682328Z[0m [34mDEBUG[0m [1mCoreExecute[0m[1m{[0m[3mproof_id[0m[2m=[0mproof_01m2kb91v9egga9yypcwvj99mg [3mtask_id[0m[2m=[0mlocal_worker_01m2kb9chkez19hnxxwd2t5t4q[1m}[0m[2m:[0m[1memit precompile shards[0m[2m:[0m[1mdeferred sender[0m[2m:[0m [2msp1_prover::worker::controller::precompiles[0m[2m:[0m received deferred marker task status: Succeeded [3mtask_id[0m[2m=[0m"local_worker_01m2kezfg4f0hvrewbab0q7pb4"
[2m2026-09-15T21:49:10.682395Z[0m [34mDEBUG[0m [1mCoreExecute[0m[1m{[0m[3mproof_id[0m[2m=[0mproof_01m2kb91v9egga9yypcwvj99mg [3mtask_id[0m[2m=[0mlocal_worker_01m2kb9chkez19hnxxwd2t5t4q[1m}[0m[2m:[0m[1memit precompile shards[0m[2m:[0m[1mdeferred sender[0m[2m:[0m [2msp1_prover::worker::controller::precompiles[0m[2m:[0m received deferred marker task status: Succeeded [3mtask_id[0m[2m=[0m"local_worker_01m2kf8nh6edrr6smjxwwb1g3n"
[2m2026-09-15T21:49:10.683137Z[0m [34mDEBUG[0m [1mCoreExecute[0m[1m{[0m[3mproof_id[0m[2m=[0mproof_01m2kb91v9egga9yypcwvj99mg [3mtask_id[0m[2m=[0mlocal_worker_01m2kb9chkez19hnxxwd2t5t4q[1m}[0m[2m:[0m[1memit precompile shards[0m[2m:[0m[1mdeferred sender[0m[2m:[0m [2msp1_prover::worker::client::local[0m[2m:[0m submitting task of kind ProveShard
[2m2026-09-15T21:49:10.723241Z[0m [34mDEBUG[0m [1mProveShard[0m[1m{[0m[3mproof_id[0m[2m=[0mproof_01m2kb91v9egga9yypcwvj99mg [3mtask_id[0m[2m=[0mlocal_worker_01m2kfx53nec1try7cpk4ksf67[1m}[0m[2m:[0m[1minto_record[0m[2m:[0m [2msp1_prover::worker::prover::core[0m[2m:[0m precompile events: code KECCAK_PERMUTE
[2m2026-09-15T21:51:10.081193Z[0m [34mDEBUG[0m [1mProveShard[0m[1m{[0m[3mproof_id[0m[2m=[0mproof_01m2kb91v9egga9yypcwvj99mg [3mtask_id[0m[2m=[0mlocal_worker_01m2kfx53nec1try7cpk4ksf67[1m}[0m[2m:[0m [2msp1_prover::worker::node::full::init[0m[2m:[0m task succeeded
[2m2026-09-15T21:51:10.082071Z[0m [34mDEBUG[0m [1mController[0m[1m{[0m[3mproof_id[0m[2m=[0mproof_01m2kb91v9egga9yypcwvj99mg [3mtask_id[0m[2m=[0mlocal_worker_01m2kb91vje0h9884c5b5mxpp4[1m}[0m[2m:[0m[1mreduce[0m[2m:[0m [2msp1_prover::worker::controller::compress[0m[2m:[0m Checking if complete: Pending tasks: 1, map is empty: false, full range is some: false, is_range_equal: false
[2m2026-09-15T21:51:10.082093Z[0m [34mDEBUG[0m [1mController[0m[1m{[0m[3mproof_id[0m[2m=[0mproof_01m2kb91v9egga9yypcwvj99mg [3mtask_id[0m[2m=[0mlocal_worker_01m2kb91vje0h9884c5b5mxpp4[1m}[0m[2m:[0m[1mreduce[0m[2m:[0m [2msp1_prover::worker::controller::compress[0m[2m:[0m Found sibling
[2m2026-09-15T21:51:10.082098Z[0m [34mDEBUG[0m [1mController[0m[1m{[0m[3mproof_id[0m[2m=[0mproof_01m2kb91v9egga9yypcwvj99mg [3mtask_id[0m[2m=[0mlocal_worker_01m2kb91vje0h9884c5b5mxpp4[1m}[0m[2m:[0m[1mreduce[0m[2m:[0m [2msp1_prover::worker::controller::compress[0m[2m:[0m Checking if complete: Pending tasks: 1, map is empty: true, full range is some: false, is_range_equal: false
[2m2026-09-15T21:51:10.082124Z[0m [34mDEBUG[0m [1mController[0m[1m{[0m[3mproof_id[0m[2m=[0mproof_01m2kb91v9egga9yypcwvj99mg [3mtask_id[0m[2m=[0mlocal_worker_01m2kb91vje0h9884c5b5mxpp4[1m}[0m[2m:[0m[1mreduce[0m[2m:[0m [2msp1_prover::worker::client::local[0m[2m:[0m submitting task of kind RecursionReduce
[2m2026-09-15T21:51:10.082171Z[0m [34mDEBUG[0m [1mCoreExecute[0m[1m{[0m[3mproof_id[0m[2m=[0mproof_01m2kb91v9egga9yypcwvj99mg [3mtask_id[0m[2m=[0mlocal_worker_01m2kb9chkez19hnxxwd2t5t4q[1m}[0m[2m:[0m[1memit precompile shards[0m[2m:[0m[1mdeferred listener[0m[2m:[0m [2msp1_prover::worker::controller::precompiles[0m[2m:[0m received deferred message with task id TaskId("local_worker_01m2kgfec3fy1am68jr2a425fs")
[2m2026-09-15T21:51:10.082443Z[0m [34mDEBUG[0m [1mController[0m[1m{[0m[3mproof_id[0m[2m=[0mproof_01m2kb91v9egga9yypcwvj99mg [3mtask_id[0m[2m=[0mlocal_worker_01m2kb91vje0h9884c5b5mxpp4[1m}[0m[2m:[0m[1mreduce[0m[2m:[0m [2msp1_prover::worker::controller::compress[0m[2m:[0m Checking if complete: Pending tasks: 2, map is empty: true, full range is some: false, is_range_equal: false
[2m2026-09-15T21:51:10.082457Z[0m [34mDEBUG[0m [1mController[0m[1m{[0m[3mproof_id[0m[2m=[0mproof_01m2kb91v9egga9yypcwvj99mg [3mtask_id[0m[2m=[0mlocal_worker_01m2kb91vje0h9884c5b5mxpp4[1m}[0m[2m:[0m[1mreduce[0m[2m:[0m [2msp1_prover::worker::controller::compress[0m[2m:[0m No neighboring range found, adding proof to tree
[2m2026-09-15T21:51:10.084855Z[0m [34mDEBUG[0m [1mCoreExecute[0m[1m{[0m[3mproof_id[0m[2m=[0mproof_01m2kb91v9egga9yypcwvj99mg [3mtask_id[0m[2m=[0mlocal_worker_01m2kb9chkez19hnxxwd2t5t4q[1m}[0m[2m:[0m[1mminimal executor[0m[2m:[0m[1msplicing[0m[1m{[0m[3midx[0m[2m=[0m0[1m}[0m[2m:[0m[1msplicing trace chunk[0m[2m:[0m [2msp1_prover::worker::controller::splicing[0m[2m:[0m spliced trace sent to splicing tx [3mglobal_clk[0m[2m=[0m17123982
[2m2026-09-15T21:51:10.084872Z[0m [34mDEBUG[0m [1mCoreExecute[0m[1m{[0m[3mproof_id[0m[2m=[0mproof_01m2kb91v9egga9yypcwvj99mg [3mtask_id[0m[2m=[0mlocal_worker_01m2kb9chkez19hnxxwd2t5t4q[1m}[0m[2m:[0m[1mminimal executor[0m[2m:[0m[1msplicing[0m[1m{[0m[3midx[0m[2m=[0m0[1m}[0m[2m:[0m[1msplicing trace chunk[0m[2m:[0m [2msp1_prover::worker::controller::splicing[0m[2m:[0m starting new shard at clk: 143362417 at pc: 2014735160
[2m2026-09-15T21:51:10.101378Z[0m [34mDEBUG[0m [1mCoreExecute[0m[1m{[0m[3mproof_id[0m[2m=[0mproof_01m2kb91v9egga9yypcwvj99mg [3mtask_id[0m[2m=[0mlocal_worker_01m2kb9chkez19hnxxwd2t5t4q[1m}[0m[2m:[0m[1mminimal executor[0m[2m:[0m[1msplicing[0m[1m{[0m[3midx[0m[2m=[0m0[1m}[0m[2m:[0m[1mget splices to serialize[0m[2m:[0m[1msend splice[0m[2m:[0m [2msp1_prover::worker::client::local[0m[2m:[0m submitting task of kind MarkerDeferredRecord
[2m2026-09-15T21:51:10.107014Z[0m [34mDEBUG[0m [1mCoreExecute[0m[1m{[0m[3mproof_id[0m[2m=[0mproof_01m2kb91v9egga9yypcwvj99mg [3mtask_id[0m[2m=[0mlocal_worker_01m2kb9chkez19hnxxwd2t5t4q[1m}[0m[2m:[0m[1mminimal executor[0m[2m:[0m[1msplicing[0m[1m{[0m[3midx[0m[2m=[0m0[1m}[0m[2m:[0m[1mget splices to serialize[0m[2m:[0m[1msend splice[0m[2m:[0m [2msp1_prover::worker::client::local[0m[2m:[0m submitting task of kind ProveShard
[2m2026-09-15T21:51:10.130494Z[0m [34mDEBUG[0m [1mCoreExecute[0m[1m{[0m[3mproof_id[0m[2m=[0mproof_01m2kb91v9egga9yypcwvj99mg [3mtask_id[0m[2m=[0mlocal_worker_01m2kb9chkez19hnxxwd2t5t4q[1m}[0m[2m:[0m[1mminimal executor[0m[2m:[0m[1msplicing[0m[1m{[0m[3midx[0m[2m=[0m0[1m}[0m[2m:[0m[1msplicing trace chunk[0m[2m:[0m [2msp1_prover::worker::controller::splicing[0m[2m:[0m shard boundary [3mglobal_clk[0m[2m=[0m17508656 [3mpc[0m[2m=[0m2015358516 [3mnum_mem_reads_left[0m[2m=[0m1759915 [3mclk[0m[2m=[0m146476929
[2m2026-09-15T21:51:10.131775Z[0m [34mDEBUG[0m [1mCoreExecute[0m[1m{[0m[3mproof_id[0m[2m=[0mproof_01m2kb91v9egga9yypcwvj99mg [3mtask_id[0m[2m=[0mlocal_worker_01m2kb9chkez19hnxxwd2t5t4q[1m}[0m[2m:[0m[1mminimal executor[0m[2m:[0m[1msplicing[0m[1m{[0m[3midx[0m[2m=[0m0[1m}[0m[2m:[0m[1msplicing trace chunk[0m[2m:[0m [2msp1_prover::worker::controller::splicing[0m[2m:[0m sending spliced trace to splicing tx [3mglobal_clk[0m[2m=[0m17508656
[2m2026-09-15T21:51:10.223185Z[0m [34mDEBUG[0m [1mProveShard[0m[1m{[0m[3mproof_id[0m[2m=[0mproof_01m2kb91v9egga9yypcwvj99mg [3mtask_id[0m[2m=[0mlocal_worker_01m2kg2jnhfs0vz7czwzs2abg6[1m}[0m[2m:[0m[1minto_record[0m[2m:[0m [2msp1_prover::worker::prover::core[0m[2m:[0m tracing chunk at clk range: 110112929..114669641
[2m2026-09-15T21:52:35.395891Z[0m [34mDEBUG[0m [1mRecursionReduce[0m[1m{[0m[3mproof_id[0m[2m=[0mproof_01m2kb91v9egga9yypcwvj99mg [3mtask_id[0m[2m=[0mlocal_worker_01m2kgtv82edss3rpwxa0temvx[1m}[0m[2m:[0m [2msp1_prover::worker::node::full::init[0m[2m:[0m task succeeded
[2m2026-09-15T21:52:35.396150Z[0m [34mDEBUG[0m [1mController[0m[1m{[0m[3mproof_id[0m[2m=[0mproof_01m2kb91v9egga9yypcwvj99mg [3mtask_id[0m[2m=[0mlocal_worker_01m2kb91vje0h9884c5b5mxpp4[1m}[0m[2m:[0m[1mreduce[0m[2m:[0m [2msp1_prover::worker::controller::compress[0m[2m:[0m Checking if complete: Pending tasks: 1, map is empty: false, full range is some: false, is_range_equal: false
[2m2026-09-15T21:52:35.396165Z[0m [34mDEBUG[0m [1mController[0m[1m{[0m[3mproof_id[0m[2m=[0mproof_01m2kb91v9egga9yypcwvj99mg [3mtask_id[0m[2m=[0mlocal_worker_01m2kb91vje0h9884c5b5mxpp4[1m}[0m[2m:[0m[1mreduce[0m[2m:[0m [2msp1_prover::worker::controller::compress[0m[2m:[0m Found sibling
[2m2026-09-15T21:52:35.396168Z[0m [34mDEBUG[0m [1mController[0m[1m{[0m[3mproof_id[0m[2m=[0mproof_01m2kb91v9egga9yypcwvj99mg [3mtask_id[0m[2m=[0mlocal_worker_01m2kb91vje0h9884c5b5mxpp4[1m}[0m[2m:[0m[1mreduce[0m[2m:[0m [2msp1_prover::worker::controller::compress[0m[2m:[0m Checking if complete: Pending tasks: 1, map is empty: true, full range is some: false, is_range_equal: false
[2m2026-09-15T21:54:09.808251Z[0m [34mDEBUG[0m [1mProveShard[0m[1m{[0m[3mproof_id[0m[2m=[0mproof_01m2kb91v9egga9yypcwvj99mg [3mtask_id[0m[2m=[0mlocal_worker_01m2kg2jnhfs0vz7czwzs2abg6[1m}[0m[2m:[0m [2msp1_prover::worker::node::full::init[0m[2m:[0m task succeeded
[2m2026-09-15T21:54:09.808937Z[0m [34mDEBUG[0m [1mCoreExecute[0m[1m{[0m[3mproof_id[0m[2m=[0mproof_01m2kb91v9egga9yypcwvj99mg [3mtask_id[0m[2m=[0mlocal_worker_01m2kb9chkez19hnxxwd2t5t4q[1m}[0m[2m:[0m[1memit precompile shards[0m[2m:[0m[1mdeferred listener[0m[2m:[0m [2msp1_prover::worker::controller::precompiles[0m[2m:[0m received deferred message with task id TaskId("local_worker_01m2kgkdx5fb0amd8vshxwrw2r")
[2m2026-09-15T21:54:09.808988Z[0m [34mDEBUG[0m [1mCoreExecute[0m[1m{[0m[3mproof_id[0m[2m=[0mproof_01m2kb91v9egga9yypcwvj99mg [3mtask_id[0m[2m=[0mlocal_worker_01m2kb9chkez19hnxxwd2t5t4q[1m}[0m[2m:[0m[1mminimal executor[0m[2m:[0m[1msplicing[0m[1m{[0m[3midx[0m[2m=[0m0[1m}[0m[2m:[0m[1msplicing trace chunk[0m[2m:[0m [2msp1_prover::worker::controller::splicing[0m[2m:[0m spliced trace sent to splicing tx [3mglobal_clk[0m[2m=[0m17508656
[2m2026-09-15T21:54:09.809004Z[0m [34mDEBUG[0m [1mCoreExecute[0m[1m{[0m[3mproof_id[0m[2m=[0mproof_01m2kb91v9egga9yypcwvj99mg [3mtask_id[0m[2m=[0mlocal_worker_01m2kb9chkez19hnxxwd2t5t4q[1m}[0m[2m:[0m[1mminimal executor[0m[2m:[0m[1msplicing[0m[1m{[0m[3midx[0m[2m=[0m0[1m}[0m[2m:[0m[1msplicing trace chunk[0m[2m:[0m [2msp1_prover::worker::controller::splicing[0m[2m:[0m starting new shard at clk: 146476929 at pc: 2015358516
[2m2026-09-15T21:54:09.828672Z[0m [34mDEBUG[0m [1mCoreExecute[0m[1m{[0m[3mproof_id[0m[2m=[0mproof_01m2kb91v9egga9yypcwvj99mg [3mtask_id[0m[2m=[0mlocal_worker_01m2kb9chkez19hnxxwd2t5t4q[1m}[0m[2m:[0m[1mminimal executor[0m[2m:[0m[1msplicing[0m[1m{[0m[3midx[0m[2m=[0m0[1m}[0m[2m:[0m[1mget splices to serialize[0m[2m:[0m[1msend splice[0m[2m:[0m [2msp1_prover::worker::client::local[0m[2m:[0m submitting task of kind MarkerDeferredRecord
[2m2026-09-15T21:54:09.833292Z[0m [34mDEBUG[0m [1mCoreExecute[0m[1m{[0m[3mproof_id[0m[2m=[0mproof_01m2kb91v9egga9yypcwvj99mg [3mtask_id[0m[2m=[0mlocal_worker_01m2kb9chkez19hnxxwd2t5t4q[1m}[0m[2m:[0m[1mminimal executor[0m[2m:[0m[1msplicing[0m[1m{[0m[3midx[0m[2m=[0m0[1m}[0m[2m:[0m[1mget splices to serialize[0m[2m:[0m[1msend splice[0m[2m:[0m [2msp1_prover::worker::client::local[0m[2m:[0m submitting task of kind ProveShard
[2m2026-09-15T21:54:09.847333Z[0m [34mDEBUG[0m [1mCoreExecute[0m[1m{[0m[3mproof_id[0m[2m=[0mproof_01m2kb91v9egga9yypcwvj99mg [3mtask_id[0m[2m=[0mlocal_worker_01m2kb9chkez19hnxxwd2t5t4q[1m}[0m[2m:[0m[1mminimal executor[0m[2m:[0m[1msplicing[0m[1m{[0m[3midx[0m[2m=[0m0[1m}[0m[2m:[0m[1msplicing trace chunk[0m[2m:[0m [2msp1_prover::worker::controller::splicing[0m[2m:[0m shard boundary [3mglobal_clk[0m[2m=[0m17899839 [3mpc[0m[2m=[0m2015342784 [3mnum_mem_reads_left[0m[2m=[0m1597506 [3mclk[0m[2m=[0m149639673
[2m2026-09-15T21:54:09.847367Z[0m [34mDEBUG[0m [1mCoreExecute[0m[1m{[0m[3mproof_id[0m[2m=[0mproof_01m2kb91v9egga9yypcwvj99mg [3mtask_id[0m[2m=[0mlocal_worker_01m2kb9chkez19hnxxwd2t5t4q[1m}[0m[2m:[0m[1mminimal executor[0m[2m:[0m[1msplicing[0m[1m{[0m[3midx[0m[2m=[0m0[1m}[0m[2m:[0m[1msplicing trace chunk[0m[2m:[0m [2msp1_prover::worker::controller::splicing[0m[2m:[0m sending spliced trace to splicing tx [3mglobal_clk[0m[2m=[0m17899839
[2m2026-09-15T21:54:09.858677Z[0m [34mDEBUG[0m [1mProveShard[0m[1m{[0m[3mproof_id[0m[2m=[0mproof_01m2kb91v9egga9yypcwvj99mg [3mtask_id[0m[2m=[0mlocal_worker_01m2kg7z91fjrbmgz2svgnfpyz[1m}[0m[2m:[0m[1minto_record[0m[2m:[0m [2msp1_prover::worker::prover::core[0m[2m:[0m tracing chunk at clk range: 114669641..117209305
[2m2026-09-15T21:56:14.138902Z[0m [34mDEBUG[0m [1mProveShard[0m[1m{[0m[3mproof_id[0m[2m=[0mproof_01m2kb91v9egga9yypcwvj99mg [3mtask_id[0m[2m=[0mlocal_worker_01m2kg7z91fjrbmgz2svgnfpyz[1m}[0m[2m:[0m [2msp1_prover::worker::node::full::init[0m[2m:[0m task succeeded
[2m2026-09-15T21:56:14.139483Z[0m [34mDEBUG[0m [1mCoreExecute[0m[1m{[0m[3mproof_id[0m[2m=[0mproof_01m2kb91v9egga9yypcwvj99mg [3mtask_id[0m[2m=[0mlocal_worker_01m2kb9chkez19hnxxwd2t5t4q[1m}[0m[2m:[0m[1memit precompile shards[0m[2m:[0m[1mdeferred sender[0m[2m:[0m [2msp1_prover::worker::client::local[0m[2m:[0m submitting task of kind ProveShard
[2m2026-09-15T21:56:14.183721Z[0m [34mDEBUG[0m [1mProveShard[0m[1m{[0m[3mproof_id[0m[2m=[0mproof_01m2kb91v9egga9yypcwvj99mg [3mtask_id[0m[2m=[0mlocal_worker_01m2kgbsvwfbh9x7afj9e8618c[1m}[0m[2m:[0m[1minto_record[0m[2m:[0m [2msp1_prover::worker::prover::core[0m[2m:[0m precompile events: code KECCAK_PERMUTE
[2m2026-09-15T21:58:13.522545Z[0m [34mDEBUG[0m [1mProveShard[0m[1m{[0m[3mproof_id[0m[2m=[0mproof_01m2kb91v9egga9yypcwvj99mg [3mtask_id[0m[2m=[0mlocal_worker_01m2kgbsvwfbh9x7afj9e8618c[1m}[0m[2m:[0m [2msp1_prover::worker::node::full::init[0m[2m:[0m task succeeded
[2m2026-09-15T21:58:13.523247Z[0m [34mDEBUG[0m [1mController[0m[1m{[0m[3mproof_id[0m[2m=[0mproof_01m2kb91v9egga9yypcwvj99mg [3mtask_id[0m[2m=[0mlocal_worker_01m2kb91vje0h9884c5b5mxpp4[1m}[0m[2m:[0m[1mreduce[0m[2m:[0m [2msp1_prover::worker::controller::compress[0m[2m:[0m Checking if complete: Pending tasks: 1, map is empty: false, full range is some: false, is_range_equal: false
[2m2026-09-15T21:58:13.523268Z[0m [34mDEBUG[0m [1mController[0m[1m{[0m[3mproof_id[0m[2m=[0mproof_01m2kb91v9egga9yypcwvj99mg [3mtask_id[0m[2m=[0mlocal_worker_01m2kb91vje0h9884c5b5mxpp4[1m}[0m[2m:[0m[1mreduce[0m[2m:[0m [2msp1_prover::worker::controller::compress[0m[2m:[0m Found sibling
[2m2026-09-15T21:58:13.523273Z[0m [34mDEBUG[0m [1mController[0m[1m{[0m[3mproof_id[0m[2m=[0mproof_01m2kb91v9egga9yypcwvj99mg [3mtask_id[0m[2m=[0mlocal_worker_01m2kb91vje0h9884c5b5mxpp4[1m}[0m[2m:[0m[1mreduce[0m[2m:[0m [2msp1_prover::worker::controller::compress[0m[2m:[0m Checking if complete: Pending tasks: 1, map is empty: true, full range is some: false, is_range_equal: false
[2m2026-09-15T21:58:13.523278Z[0m [34mDEBUG[0m [1mCoreExecute[0m[1m{[0m[3mproof_id[0m[2m=[0mproof_01m2kb91v9egga9yypcwvj99mg [3mtask_id[0m[2m=[0mlocal_worker_01m2kb9chkez19hnxxwd2t5t4q[1m}[0m[2m:[0m[1memit precompile shards[0m[2m:[0m[1mdeferred listener[0m[2m:[0m [2msp1_prover::worker::controller::precompiles[0m[2m:[0m received deferred message with task id TaskId("local_worker_01m2kgtv8nf1htns99drm491h7")
[2m2026-09-15T21:58:13.524592Z[0m [34mDEBUG[0m [1mCoreExecute[0m[1m{[0m[3mproof_id[0m[2m=[0mproof_01m2kb91v9egga9yypcwvj99mg [3mtask_id[0m[2m=[0mlocal_worker_01m2kb9chkez19hnxxwd2t5t4q[1m}[0m[2m:[0m[1mminimal executor[0m[2m:[0m[1msplicing[0m[1m{[0m[3midx[0m[2m=[0m0[1m}[0m[2m:[0m[1mget splices to serialize[0m[2m:[0m[1msend splice[0m[2m:[0m [2msp1_prover::worker::client::local[0m[2m:[0m submitting task of kind MarkerDeferredRecord
[2m2026-09-15T21:58:13.524785Z[0m [34mDEBUG[0m [1mCoreExecute[0m[1m{[0m[3mproof_id[0m[2m=[0mproof_01m2kb91v9egga9yypcwvj99mg [3mtask_id[0m[2m=[0mlocal_worker_01m2kb9chkez19hnxxwd2t5t4q[1m}[0m[2m:[0m[1mminimal executor[0m[2m:[0m[1msplicing[0m[1m{[0m[3midx[0m[2m=[0m0[1m}[0m[2m:[0m[1msplicing trace chunk[0m[2m:[0m [2msp1_prover::worker::controller::splicing[0m[2m:[0m spliced trace sent to splicing tx [3mglobal_clk[0m[2m=[0m17899839
[2m2026-09-15T21:58:13.524800Z[0m [34mDEBUG[0m [1mCoreExecute[0m[1m{[0m[3mproof_id[0m[2m=[0mproof_01m2kb91v9egga9yypcwvj99mg [3mtask_id[0m[2m=[0mlocal_worker_01m2kb9chkez19hnxxwd2t5t4q[1m}[0m[2m:[0m[1mminimal executor[0m[2m:[0m[1msplicing[0m[1m{[0m[3midx[0m[2m=[0m0[1m}[0m[2m:[0m[1msplicing trace chunk[0m[2m:[0m [2msp1_prover::worker::controller::splicing[0m[2m:[0m starting new shard at clk: 149639673 at pc: 2015342784
[2m2026-09-15T21:58:13.530224Z[0m [34mDEBUG[0m [1mCoreExecute[0m[1m{[0m[3mproof_id[0m[2m=[0mproof_01m2kb91v9egga9yypcwvj99mg [3mtask_id[0m[2m=[0mlocal_worker_01m2kb9chkez19hnxxwd2t5t4q[1m}[0m[2m:[0m[1mminimal executor[0m[2m:[0m[1msplicing[0m[1m{[0m[3midx[0m[2m=[0m0[1m}[0m[2m:[0m[1mget splices to serialize[0m[2m:[0m[1msend splice[0m[2m:[0m [2msp1_prover::worker::client::local[0m[2m:[0m submitting task of kind ProveShard
[2m2026-09-15T21:58:13.558176Z[0m [34mDEBUG[0m [1mCoreExecute[0m[1m{[0m[3mproof_id[0m[2m=[0mproof_01m2kb91v9egga9yypcwvj99mg [3mtask_id[0m[2m=[0mlocal_worker_01m2kb9chkez19hnxxwd2t5t4q[1m}[0m[2m:[0m[1mminimal executor[0m[2m:[0m[1msplicing[0m[1m{[0m[3midx[0m[2m=[0m0[1m}[0m[2m:[0m[1msplicing trace chunk[0m[2m:[0m [2msp1_prover::worker::controller::splicing[0m[2m:[0m shard boundary [3mglobal_clk[0m[2m=[0m18290278 [3mpc[0m[2m=[0m2016454020 [3mnum_mem_reads_left[0m[2m=[0m1440751 [3mclk[0m[2m=[0m152788529
[2m2026-09-15T21:58:13.558211Z[0m [34mDEBUG[0m [1mCoreExecute[0m[1m{[0m[3mproof_id[0m[2m=[0mproof_01m2kb91v9egga9yypcwvj99mg [3mtask_id[0m[2m=[0mlocal_worker_01m2kb9chkez19hnxxwd2t5t4q[1m}[0m[2m:[0m[1mminimal executor[0m[2m:[0m[1msplicing[0m[1m{[0m[3midx[0m[2m=[0m0[1m}[0m[2m:[0m[1msplicing trace chunk[0m[2m:[0m [2msp1_prover::worker::controller::splicing[0m[2m:[0m sending spliced trace to splicing tx [3mglobal_clk[0m[2m=[0m18290278
[2m2026-09-15T21:58:13.570782Z[0m [34mDEBUG[0m [1mProveShard[0m[1m{[0m[3mproof_id[0m[2m=[0mproof_01m2kb91v9egga9yypcwvj99mg [3mtask_id[0m[2m=[0mlocal_worker_01m2kgfec8f7ht2zceexnver2q[1m}[0m[2m:[0m[1minto_record[0m[2m:[0m [2msp1_prover::worker::prover::core[0m[2m:[0m tracing chunk at clk range: 117209305..120356609
[2m2026-09-15T22:00:17.967534Z[0m [34mDEBUG[0m [1mProveShard[0m[1m{[0m[3mproof_id[0m[2m=[0mproof_01m2kb91v9egga9yypcwvj99mg [3mtask_id[0m[2m=[0mlocal_worker_01m2kgfec8f7ht2zceexnver2q[1m}[0m[2m:[0m [2msp1_prover::worker::node::full::init[0m[2m:[0m task succeeded
[2m2026-09-15T22:00:17.968289Z[0m [34mDEBUG[0m [1mController[0m[1m{[0m[3mproof_id[0m[2m=[0mproof_01m2kb91v9egga9yypcwvj99mg [3mtask_id[0m[2m=[0mlocal_worker_01m2kb91vje0h9884c5b5mxpp4[1m}[0m[2m:[0m[1mreduce[0m[2m:[0m [2msp1_prover::worker::controller::compress[0m[2m:[0m Checking if complete: Pending tasks: 1, map is empty: false, full range is some: false, is_range_equal: false
[2m2026-09-15T22:00:17.968311Z[0m [34mDEBUG[0m [1mController[0m[1m{[0m[3mproof_id[0m[2m=[0mproof_01m2kb91v9egga9yypcwvj99mg [3mtask_id[0m[2m=[0mlocal_worker_01m2kb91vje0h9884c5b5mxpp4[1m}[0m[2m:[0m[1mreduce[0m[2m:[0m [2msp1_prover::worker::controller::compress[0m[2m:[0m Found sibling
[2m2026-09-15T22:00:17.968317Z[0m [34mDEBUG[0m [1mController[0m[1m{[0m[3mproof_id[0m[2m=[0mproof_01m2kb91v9egga9yypcwvj99mg [3mtask_id[0m[2m=[0mlocal_worker_01m2kb91vje0h9884c5b5mxpp4[1m}[0m[2m:[0m[1mreduce[0m[2m:[0m [2msp1_prover::worker::controller::compress[0m[2m:[0m Checking if complete: Pending tasks: 1, map is empty: true, full range is some: false, is_range_equal: false
[2m2026-09-15T22:00:17.968312Z[0m [34mDEBUG[0m [1mCoreExecute[0m[1m{[0m[3mproof_id[0m[2m=[0mproof_01m2kb91v9egga9yypcwvj99mg [3mtask_id[0m[2m=[0mlocal_worker_01m2kb9chkez19hnxxwd2t5t4q[1m}[0m[2m:[0m[1memit precompile shards[0m[2m:[0m[1mdeferred listener[0m[2m:[0m [2msp1_prover::worker::controller::precompiles[0m[2m:[0m received deferred message with task id TaskId("local_worker_01m2kh0as4e5sbbvdxxr63m311")
[2m2026-09-15T22:00:17.968344Z[0m [34mDEBUG[0m [1mController[0m[1m{[0m[3mproof_id[0m[2m=[0mproof_01m2kb91v9egga9yypcwvj99mg [3mtask_id[0m[2m=[0mlocal_worker_01m2kb91vje0h9884c5b5mxpp4[1m}[0m[2m:[0m[1mreduce[0m[2m:[0m [2msp1_prover::worker::client::local[0m[2m:[0m submitting task of kind RecursionReduce
[2m2026-09-15T22:00:17.968798Z[0m [34mDEBUG[0m [1mCoreExecute[0m[1m{[0m[3mproof_id[0m[2m=[0mproof_01m2kb91v9egga9yypcwvj99mg [3mtask_id[0m[2m=[0mlocal_worker_01m2kb9chkez19hnxxwd2t5t4q[1m}[0m[2m:[0m[1mminimal executor[0m[2m:[0m[1msplicing[0m[1m{[0m[3midx[0m[2m=[0m0[1m}[0m[2m:[0m[1msplicing trace chunk[0m[2m:[0m [2msp1_prover::worker::controller::splicing[0m[2m:[0m spliced trace sent to splicing tx [3mglobal_clk[0m[2m=[0m18290278
[2m2026-09-15T22:00:17.968815Z[0m [34mDEBUG[0m [1mCoreExecute[0m[1m{[0m[3mproof_id[0m[2m=[0mproof_01m2kb91v9egga9yypcwvj99mg [3mtask_id[0m[2m=[0mlocal_worker_01m2kb9chkez19hnxxwd2t5t4q[1m}[0m[2m:[0m[1mminimal executor[0m[2m:[0m[1msplicing[0m[1m{[0m[3midx[0m[2m=[0m0[1m}[0m[2m:[0m[1msplicing trace chunk[0m[2m:[0m [2msp1_prover::worker::controller::splicing[0m[2m:[0m starting new shard at clk: 152788529 at pc: 2016454020
[2m2026-09-15T22:00:17.972819Z[0m [34mDEBUG[0m [1mCoreExecute[0m[1m{[0m[3mproof_id[0m[2m=[0mproof_01m2kb91v9egga9yypcwvj99mg [3mtask_id[0m[2m=[0mlocal_worker_01m2kb9chkez19hnxxwd2t5t4q[1m}[0m[2m:[0m[1mminimal executor[0m[2m:[0m[1msplicing[0m[1m{[0m[3midx[0m[2m=[0m0[1m}[0m[2m:[0m[1mget splices to serialize[0m[2m:[0m[1msend splice[0m[2m:[0m [2msp1_prover::worker::client::local[0m[2m:[0m submitting task of kind MarkerDeferredRecord
[2m2026-09-15T22:00:17.978973Z[0m [34mDEBUG[0m [1mCoreExecute[0m[1m{[0m[3mproof_id[0m[2m=[0mproof_01m2kb91v9egga9yypcwvj99mg [3mtask_id[0m[2m=[0mlocal_worker_01m2kb9chkez19hnxxwd2t5t4q[1m}[0m[2m:[0m[1mminimal executor[0m[2m:[0m[1msplicing[0m[1m{[0m[3midx[0m[2m=[0m0[1m}[0m[2m:[0m[1mget splices to serialize[0m[2m:[0m[1msend splice[0m[2m:[0m [2msp1_prover::worker::client::local[0m[2m:[0m submitting task of kind ProveShard
[2m2026-09-15T22:00:18.010995Z[0m [34mDEBUG[0m [1mCoreExecute[0m[1m{[0m[3mproof_id[0m[2m=[0mproof_01m2kb91v9egga9yypcwvj99mg [3mtask_id[0m[2m=[0mlocal_worker_01m2kb9chkez19hnxxwd2t5t4q[1m}[0m[2m:[0m[1mminimal executor[0m[2m:[0m[1msplicing[0m[1m{[0m[3midx[0m[2m=[0m0[1m}[0m[2m:[0m[1msplicing trace chunk[0m[2m:[0m [2msp1_prover::worker::controller::splicing[0m[2m:[0m shard boundary [3mglobal_clk[0m[2m=[0m18672233 [3mpc[0m[2m=[0m2014735512 [3mnum_mem_reads_left[0m[2m=[0m1272893 [3mclk[0m[2m=[0m155888457
[2m2026-09-15T22:00:18.011093Z[0m [34mDEBUG[0m [1mCoreExecute[0m[1m{[0m[3mproof_id[0m[2m=[0mproof_01m2kb91v9egga9yypcwvj99mg [3mtask_id[0m[2m=[0mlocal_worker_01m2kb9chkez19hnxxwd2t5t4q[1m}[0m[2m:[0m[1mminimal executor[0m[2m:[0m[1msplicing[0m[1m{[0m[3midx[0m[2m=[0m0[1m}[0m[2m:[0m[1msplicing trace chunk[0m[2m:[0m [2msp1_prover::worker::controller::splicing[0m[2m:[0m sending spliced trace to splicing tx [3mglobal_clk[0m[2m=[0m18672233
[2m2026-09-15T22:00:18.037268Z[0m [34mDEBUG[0m [1mProveShard[0m[1m{[0m[3mproof_id[0m[2m=[0mproof_01m2kb91v9egga9yypcwvj99mg [3mtask_id[0m[2m=[0mlocal_worker_01m2kgkdx9f2hvd1pah7kj642s[1m}[0m[2m:[0m[1minto_record[0m[2m:[0m [2msp1_prover::worker::prover::core[0m[2m:[0m tracing chunk at clk range: 120356609..123761985
[2m2026-09-15T22:01:41.548203Z[0m [34mDEBUG[0m [1mRecursionReduce[0m[1m{[0m[3mproof_id[0m[2m=[0mproof_01m2kb91v9egga9yypcwvj99mg [3mtask_id[0m[2m=[0mlocal_worker_01m2khbj9gfh8v2ta07ae56hv7[1m}[0m[2m:[0m [2msp1_prover::worker::node::full::init[0m[2m:[0m task succeeded
[2m2026-09-15T22:01:41.548268Z[0m [34mDEBUG[0m [1mController[0m[1m{[0m[3mproof_id[0m[2m=[0mproof_01m2kb91v9egga9yypcwvj99mg [3mtask_id[0m[2m=[0mlocal_worker_01m2kb91vje0h9884c5b5mxpp4[1m}[0m[2m:[0m[1mreduce[0m[2m:[0m [2msp1_prover::worker::controller::compress[0m[2m:[0m Checking if complete: Pending tasks: 1, map is empty: true, full range is some: false, is_range_equal: false
[2m2026-09-15T22:01:41.548278Z[0m [34mDEBUG[0m [1mController[0m[1m{[0m[3mproof_id[0m[2m=[0mproof_01m2kb91v9egga9yypcwvj99mg [3mtask_id[0m[2m=[0mlocal_worker_01m2kb91vje0h9884c5b5mxpp4[1m}[0m[2m:[0m[1mreduce[0m[2m:[0m [2msp1_prover::worker::controller::compress[0m[2m:[0m No neighboring range found, adding proof to tree
[2m2026-09-15T22:03:18.029106Z[0m [34mDEBUG[0m [1mProveShard[0m[1m{[0m[3mproof_id[0m[2m=[0mproof_01m2kb91v9egga9yypcwvj99mg [3mtask_id[0m[2m=[0mlocal_worker_01m2kgkdx9f2hvd1pah7kj642s[1m}[0m[2m:[0m [2msp1_prover::worker::node::full::init[0m[2m:[0m task succeeded
[2m2026-09-15T22:03:18.029741Z[0m [34mDEBUG[0m [1mController[0m[1m{[0m[3mproof_id[0m[2m=[0mproof_01m2kb91v9egga9yypcwvj99mg [3mtask_id[0m[2m=[0mlocal_worker_01m2kb91vje0h9884c5b5mxpp4[1m}[0m[2m:[0m[1mreduce[0m[2m:[0m [2msp1_prover::worker::controller::compress[0m[2m:[0m Checking if complete: Pending tasks: 1, map is empty: false, full range is some: false, is_range_equal: false
[2m2026-09-15T22:03:18.029764Z[0m [34mDEBUG[0m [1mController[0m[1m{[0m[3mproof_id[0m[2m=[0mproof_01m2kb91v9egga9yypcwvj99mg [3mtask_id[0m[2m=[0mlocal_worker_01m2kb91vje0h9884c5b5mxpp4[1m}[0m[2m:[0m[1mreduce[0m[2m:[0m [2msp1_prover::worker::controller::compress[0m[2m:[0m Found sibling
[2m2026-09-15T22:03:18.029771Z[0m [34mDEBUG[0m [1mController[0m[1m{[0m[3mproof_id[0m[2m=[0mproof_01m2kb91v9egga9yypcwvj99mg [3mtask_id[0m[2m=[0mlocal_worker_01m2kb91vje0h9884c5b5mxpp4[1m}[0m[2m:[0m[1mreduce[0m[2m:[0m [2msp1_prover::worker::controller::compress[0m[2m:[0m Checking if complete: Pending tasks: 1, map is empty: true, full range is some: false, is_range_equal: false
[2m2026-09-15T22:03:18.029922Z[0m [34mDEBUG[0m [1mCoreExecute[0m[1m{[0m[3mproof_id[0m[2m=[0mproof_01m2kb91v9egga9yypcwvj99mg [3mtask_id[0m[2m=[0mlocal_worker_01m2kb9chkez19hnxxwd2t5t4q[1m}[0m[2m:[0m[1memit precompile shards[0m[2m:[0m[1mdeferred sender[0m[2m:[0m [2msp1_prover::worker::controller::precompiles[0m[2m:[0m received deferred marker task status: Succeeded [3mtask_id[0m[2m=[0m"local_worker_01m2kfcfj6fk988tfgmv6qyrd1"
[2m2026-09-15T22:03:18.030251Z[0m [34mDEBUG[0m [1mController[0m[1m{[0m[3mproof_id[0m[2m=[0mproof_01m2kb91v9egga9yypcwvj99mg [3mtask_id[0m[2m=[0mlocal_worker_01m2kb91vje0h9884c5b5mxpp4[1m}[0m[2m:[0m[1mreduce[0m[2m:[0m [2msp1_prover::worker::controller::compress[0m[2m:[0m Checking if complete: Pending tasks: 1, map is empty: false, full range is some: false, is_range_equal: false
[2m2026-09-15T22:03:18.030265Z[0m [34mDEBUG[0m [1mController[0m[1m{[0m[3mproof_id[0m[2m=[0mproof_01m2kb91v9egga9yypcwvj99mg [3mtask_id[0m[2m=[0mlocal_worker_01m2kb91vje0h9884c5b5mxpp4[1m}[0m[2m:[0m[1mreduce[0m[2m:[0m [2msp1_prover::worker::controller::compress[0m[2m:[0m Found sibling
[2m2026-09-15T22:03:18.030269Z[0m [34mDEBUG[0m [1mController[0m[1m{[0m[3mproof_id[0m[2m=[0mproof_01m2kb91v9egga9yypcwvj99mg [3mtask_id[0m[2m=[0mlocal_worker_01m2kb91vje0h9884c5b5mxpp4[1m}[0m[2m:[0m[1mreduce[0m[2m:[0m [2msp1_prover::worker::controller::compress[0m[2m:[0m Checking if complete: Pending tasks: 1, map is empty: true, full range is some: false, is_range_equal: false
[2m2026-09-15T22:03:18.030275Z[0m [34mDEBUG[0m [1mController[0m[1m{[0m[3mproof_id[0m[2m=[0mproof_01m2kb91v9egga9yypcwvj99mg [3mtask_id[0m[2m=[0mlocal_worker_01m2kb91vje0h9884c5b5mxpp4[1m}[0m[2m:[0m[1mreduce[0m[2m:[0m [2msp1_prover::worker::controller::compress[0m[2m:[0m Checking if complete: Pending tasks: 1, map is empty: false, full range is some: false, is_range_equal: false
[2m2026-09-15T22:03:18.030280Z[0m [34mDEBUG[0m [1mController[0m[1m{[0m[3mproof_id[0m[2m=[0mproof_01m2kb91v9egga9yypcwvj99mg [3mtask_id[0m[2m=[0mlocal_worker_01m2kb91vje0h9884c5b5mxpp4[1m}[0m[2m:[0m[1mreduce[0m[2m:[0m [2msp1_prover::worker::controller::compress[0m[2m:[0m No neighboring range found, adding proof to tree
[2m2026-09-15T22:03:18.030286Z[0m [34mDEBUG[0m [1mController[0m[1m{[0m[3mproof_id[0m[2m=[0mproof_01m2kb91v9egga9yypcwvj99mg [3mtask_id[0m[2m=[0mlocal_worker_01m2kb91vje0h9884c5b5mxpp4[1m}[0m[2m:[0m[1mreduce[0m[2m:[0m [2msp1_prover::worker::controller::compress[0m[2m:[0m Checking if complete: Pending tasks: 1, map is empty: false, full range is some: false, is_range_equal: false
[2m2026-09-15T22:03:18.030291Z[0m [34mDEBUG[0m [1mController[0m[1m{[0m[3mproof_id[0m[2m=[0mproof_01m2kb91v9egga9yypcwvj99mg [3mtask_id[0m[2m=[0mlocal_worker_01m2kb91vje0h9884c5b5mxpp4[1m}[0m[2m:[0m[1mreduce[0m[2m:[0m [2msp1_prover::worker::controller::compress[0m[2m:[0m Found sibling
[2m2026-09-15T22:03:18.030316Z[0m [34mDEBUG[0m [1mCoreExecute[0m[1m{[0m[3mproof_id[0m[2m=[0mproof_01m2kb91v9egga9yypcwvj99mg [3mtask_id[0m[2m=[0mlocal_worker_01m2kb9chkez19hnxxwd2t5t4q[1m}[0m[2m:[0m[1memit precompile shards[0m[2m:[0m[1mdeferred sender[0m[2m:[0m [2msp1_prover::worker::client::local[0m[2m:[0m submitting task of kind ProveShard
[2m2026-09-15T22:03:18.030478Z[0m [34mDEBUG[0m [1mController[0m[1m{[0m[3mproof_id[0m[2m=[0mproof_01m2kb91v9egga9yypcwvj99mg [3mtask_id[0m[2m=[0mlocal_worker_01m2kb91vje0h9884c5b5mxpp4[1m}[0m[2m:[0m[1mreduce[0m[2m:[0m [2msp1_prover::worker::controller::compress[0m[2m:[0m Checking if complete: Pending tasks: 1, map is empty: false, full range is some: false, is_range_equal: false
[2m2026-09-15T22:03:18.030533Z[0m [34mDEBUG[0m [1mController[0m[1m{[0m[3mproof_id[0m[2m=[0mproof_01m2kb91v9egga9yypcwvj99mg [3mtask_id[0m[2m=[0mlocal_worker_01m2kb91vje0h9884c5b5mxpp4[1m}[0m[2m:[0m[1mreduce[0m[2m:[0m [2msp1_prover::worker::client::local[0m[2m:[0m submitting task of kind RecursionReduce
[2m2026-09-15T22:03:18.078744Z[0m [34mDEBUG[0m [1mProveShard[0m[1m{[0m[3mproof_id[0m[2m=[0mproof_01m2kb91v9egga9yypcwvj99mg [3mtask_id[0m[2m=[0mlocal_worker_01m2kgq6mvey183rt1rgazpkab[1m}[0m[2m:[0m[1minto_record[0m[2m:[0m [2msp1_prover::worker::prover::core[0m[2m:[0m precompile events: code KECCAK_PERMUTE
[2m2026-09-15T22:05:02.617063Z[0m [34mDEBUG[0m [1mRecursionReduce[0m[1m{[0m[3mproof_id[0m[2m=[0mproof_01m2kb91v9egga9yypcwvj99mg [3mtask_id[0m[2m=[0mlocal_worker_01m2khh24ee2hvcdrea625n9qy[1m}[0m[2m:[0m [2msp1_prover::worker::node::full::init[0m[2m:[0m task succeeded
[2m2026-09-15T22:05:02.618071Z[0m [34mDEBUG[0m [1mController[0m[1m{[0m[3mproof_id[0m[2m=[0mproof_01m2kb91v9egga9yypcwvj99mg [3mtask_id[0m[2m=[0mlocal_worker_01m2kb91vje0h9884c5b5mxpp4[1m}[0m[2m:[0m[1mreduce[0m[2m:[0m [2msp1_prover::worker::controller::compress[0m[2m:[0m Checking if complete: Pending tasks: 1, map is empty: false, full range is some: false, is_range_equal: false
[2m2026-09-15T22:05:02.618138Z[0m [34mDEBUG[0m [1mController[0m[1m{[0m[3mproof_id[0m[2m=[0mproof_01m2kb91v9egga9yypcwvj99mg [3mtask_id[0m[2m=[0mlocal_worker_01m2kb91vje0h9884c5b5mxpp4[1m}[0m[2m:[0m[1mreduce[0m[2m:[0m [2msp1_prover::worker::controller::compress[0m[2m:[0m Found sibling
[2m2026-09-15T22:05:02.618152Z[0m [34mDEBUG[0m [1mController[0m[1m{[0m[3mproof_id[0m[2m=[0mproof_01m2kb91v9egga9yypcwvj99mg [3mtask_id[0m[2m=[0mlocal_worker_01m2kb91vje0h9884c5b5mxpp4[1m}[0m[2m:[0m[1mreduce[0m[2m:[0m [2msp1_prover::worker::controller::compress[0m[2m:[0m Checking if complete: Pending tasks: 1, map is empty: true, full range is some: false, is_range_equal: false
[2m2026-09-15T22:06:12.986937Z[0m [34mDEBUG[0m [1mProveShard[0m[1m{[0m[3mproof_id[0m[2m=[0mproof_01m2kb91v9egga9yypcwvj99mg [3mtask_id[0m[2m=[0mlocal_worker_01m2kgq6mvey183rt1rgazpkab[1m}[0m[2m:[0m [2msp1_prover::worker::node::full::init[0m[2m:[0m task succeeded
[2m2026-09-15T22:06:12.987713Z[0m [34mDEBUG[0m [1mController[0m[1m{[0m[3mproof_id[0m[2m=[0mproof_01m2kb91v9egga9yypcwvj99mg [3mtask_id[0m[2m=[0mlocal_worker_01m2kb91vje0h9884c5b5mxpp4[1m}[0m[2m:[0m[1mreduce[0m[2m:[0m [2msp1_prover::worker::controller::compress[0m[2m:[0m Checking if complete: Pending tasks: 1, map is empty: false, full range is some: false, is_range_equal: false
[2m2026-09-15T22:06:12.987737Z[0m [34mDEBUG[0m [1mController[0m[1m{[0m[3mproof_id[0m[2m=[0mproof_01m2kb91v9egga9yypcwvj99mg [3mtask_id[0m[2m=[0mlocal_worker_01m2kb91vje0h9884c5b5mxpp4[1m}[0m[2m:[0m[1mreduce[0m[2m:[0m [2msp1_prover::worker::controller::compress[0m[2m:[0m Found sibling
[2m2026-09-15T22:06:12.987743Z[0m [34mDEBUG[0m [1mController[0m[1m{[0m[3mproof_id[0m[2m=[0mproof_01m2kb91v9egga9yypcwvj99mg [3mtask_id[0m[2m=[0mlocal_worker_01m2kb91vje0h9884c5b5mxpp4[1m}[0m[2m:[0m[1mreduce[0m[2m:[0m [2msp1_prover::worker::controller::compress[0m[2m:[0m Checking if complete: Pending tasks: 1, map is empty: true, full range is some: false, is_range_equal: false
[2m2026-09-15T22:06:12.987809Z[0m [34mDEBUG[0m [1mCoreExecute[0m[1m{[0m[3mproof_id[0m[2m=[0mproof_01m2kb91v9egga9yypcwvj99mg [3mtask_id[0m[2m=[0mlocal_worker_01m2kb9chkez19hnxxwd2t5t4q[1m}[0m[2m:[0m[1memit precompile shards[0m[2m:[0m[1mdeferred listener[0m[2m:[0m [2msp1_prover::worker::controller::precompiles[0m[2m:[0m received deferred message with task id TaskId("local_worker_01m2kh7rrmfpsb8gxcqwyftcfr")
[2m2026-09-15T22:06:12.987895Z[0m [34mDEBUG[0m [1mController[0m[1m{[0m[3mproof_id[0m[2m=[0mproof_01m2kb91v9egga9yypcwvj99mg [3mtask_id[0m[2m=[0mlocal_worker_01m2kb91vje0h9884c5b5mxpp4[1m}[0m[2m:[0m[1mreduce[0m[2m:[0m [2msp1_prover::worker::controller::compress[0m[2m:[0m Checking if complete: Pending tasks: 1, map is empty: false, full range is some: false, is_range_equal: false
[2m2026-09-15T22:06:12.987904Z[0m [34mDEBUG[0m [1mController[0m[1m{[0m[3mproof_id[0m[2m=[0mproof_01m2kb91v9egga9yypcwvj99mg [3mtask_id[0m[2m=[0mlocal_worker_01m2kb91vje0h9884c5b5mxpp4[1m}[0m[2m:[0m[1mreduce[0m[2m:[0m [2msp1_prover::worker::controller::compress[0m[2m:[0m Found sibling
[2m2026-09-15T22:06:12.987908Z[0m [34mDEBUG[0m [1mController[0m[1m{[0m[3mproof_id[0m[2m=[0mproof_01m2kb91v9egga9yypcwvj99mg [3mtask_id[0m[2m=[0mlocal_worker_01m2kb91vje0h9884c5b5mxpp4[1m}[0m[2m:[0m[1mreduce[0m[2m:[0m [2msp1_prover::worker::controller::compress[0m[2m:[0m Checking if complete: Pending tasks: 1, map is empty: true, full range is some: false, is_range_equal: false
[2m2026-09-15T22:06:12.987907Z[0m [34mDEBUG[0m [1mCoreExecute[0m[1m{[0m[3mproof_id[0m[2m=[0mproof_01m2kb91v9egga9yypcwvj99mg [3mtask_id[0m[2m=[0mlocal_worker_01m2kb9chkez19hnxxwd2t5t4q[1m}[0m[2m:[0m[1mminimal executor[0m[2m:[0m[1msplicing[0m[1m{[0m[3midx[0m[2m=[0m0[1m}[0m[2m:[0m[1msplicing trace chunk[0m[2m:[0m [2msp1_prover::worker::controller::splicing[0m[2m:[0m spliced trace sent to splicing tx [3mglobal_clk[0m[2m=[0m18672233
[2m2026-09-15T22:06:12.987922Z[0m [34mDEBUG[0m [1mCoreExecute[0m[1m{[0m[3mproof_id[0m[2m=[0mproof_01m2kb91v9egga9yypcwvj99mg [3mtask_id[0m[2m=[0mlocal_worker_01m2kb9chkez19hnxxwd2t5t4q[1m}[0m[2m:[0m[1mminimal executor[0m[2m:[0m[1msplicing[0m[1m{[0m[3midx[0m[2m=[0m0[1m}[0m[2m:[0m[1msplicing trace chunk[0m[2m:[0m [2msp1_prover::worker::controller::splicing[0m[2m:[0m starting new shard at clk: 155888457 at pc: 2014735512
[2m2026-09-15T22:06:12.987931Z[0m [34mDEBUG[0m [1mController[0m[1m{[0m[3mproof_id[0m[2m=[0mproof_01m2kb91v9egga9yypcwvj99mg [3mtask_id[0m[2m=[0mlocal_worker_01m2kb91vje0h9884c5b5mxpp4[1m}[0m[2m:[0m[1mreduce[0m[2m:[0m [2msp1_prover::worker::client::local[0m[2m:[0m submitting task of kind RecursionReduce
[2m2026-09-15T22:06:12.987955Z[0m [34mDEBUG[0m [1mController[0m[1m{[0m[3mproof_id[0m[2m=[0mproof_01m2kb91v9egga9yypcwvj99mg [3mtask_id[0m[2m=[0mlocal_worker_01m2kb91vje0h9884c5b5mxpp4[1m}[0m[2m:[0m[1mreduce[0m[2m:[0m [2msp1_prover::worker::controller::compress[0m[2m:[0m Checking if complete: Pending tasks: 2, map is empty: true, full range is some: false, is_range_equal: false
[2m2026-09-15T22:06:12.987962Z[0m [34mDEBUG[0m [1mController[0m[1m{[0m[3mproof_id[0m[2m=[0mproof_01m2kb91v9egga9yypcwvj99mg [3mtask_id[0m[2m=[0mlocal_worker_01m2kb91vje0h9884c5b5mxpp4[1m}[0m[2m:[0m[1mreduce[0m[2m:[0m [2msp1_prover::worker::controller::compress[0m[2m:[0m No neighboring range found, adding proof to tree
[2m2026-09-15T22:06:13.001944Z[0m [34mDEBUG[0m [1mCoreExecute[0m[1m{[0m[3mproof_id[0m[2m=[0mproof_01m2kb91v9egga9yypcwvj99mg [3mtask_id[0m[2m=[0mlocal_worker_01m2kb9chkez19hnxxwd2t5t4q[1m}[0m[2m:[0m[1mminimal executor[0m[2m:[0m[1msplicing[0m[1m{[0m[3midx[0m[2m=[0m0[1m}[0m[2m:[0m[1mget splices to serialize[0m[2m:[0m[1msend splice[0m[2m:[0m [2msp1_prover::worker::client::local[0m[2m:[0m submitting task of kind MarkerDeferredRecord
[2m2026-09-15T22:06:13.006634Z[0m [34mDEBUG[0m [1mCoreExecute[0m[1m{[0m[3mproof_id[0m[2m=[0mproof_01m2kb91v9egga9yypcwvj99mg [3mtask_id[0m[2m=[0mlocal_worker_01m2kb9chkez19hnxxwd2t5t4q[1m}[0m[2m:[0m[1mminimal executor[0m[2m:[0m[1msplicing[0m[1m{[0m[3midx[0m[2m=[0m0[1m}[0m[2m:[0m[1mget splices to serialize[0m[2m:[0m[1msend splice[0m[2m:[0m [2msp1_prover::worker::client::local[0m[2m:[0m submitting task of kind ProveShard
[2m2026-09-15T22:06:13.035551Z[0m [34mDEBUG[0m [1mCoreExecute[0m[1m{[0m[3mproof_id[0m[2m=[0mproof_01m2kb91v9egga9yypcwvj99mg [3mtask_id[0m[2m=[0mlocal_worker_01m2kb9chkez19hnxxwd2t5t4q[1m}[0m[2m:[0m[1mminimal executor[0m[2m:[0m[1msplicing[0m[1m{[0m[3midx[0m[2m=[0m0[1m}[0m[2m:[0m[1msplicing trace chunk[0m[2m:[0m [2msp1_prover::worker::controller::splicing[0m[2m:[0m shard boundary [3mglobal_clk[0m[2m=[0m19056677 [3mpc[0m[2m=[0m2016454052 [3mnum_mem_reads_left[0m[2m=[0m1103792 [3mclk[0m[2m=[0m159008553
[2m2026-09-15T22:06:13.035592Z[0m [34mDEBUG[0m [1mCoreExecute[0m[1m{[0m[3mproof_id[0m[2m=[0mproof_01m2kb91v9egga9yypcwvj99mg [3mtask_id[0m[2m=[0mlocal_worker_01m2kb9chkez19hnxxwd2t5t4q[1m}[0m[2m:[0m[1mminimal executor[0m[2m:[0m[1msplicing[0m[1m{[0m[3midx[0m[2m=[0m0[1m}[0m[2m:[0m[1msplicing trace chunk[0m[2m:[0m [2msp1_prover::worker::controller::splicing[0m[2m:[0m sending spliced trace to splicing tx [3mglobal_clk[0m[2m=[0m19056677
[2m2026-09-15T22:06:13.036633Z[0m [34mDEBUG[0m [1mProveShard[0m[1m{[0m[3mproof_id[0m[2m=[0mproof_01m2kb91v9egga9yypcwvj99mg [3mtask_id[0m[2m=[0mlocal_worker_01m2kgtv8vej0vq37n20714nsb[1m}[0m[2m:[0m[1minto_record[0m[2m:[0m [2msp1_prover::worker::prover::core[0m[2m:[0m tracing chunk at clk range: 123761985..127037993
[2m2026-09-15T22:07:39.030900Z[0m [34mDEBUG[0m [1mRecursionReduce[0m[1m{[0m[3mproof_id[0m[2m=[0mproof_01m2kb91v9egga9yypcwvj99mg [3mtask_id[0m[2m=[0mlocal_worker_01m2khpczvenratzen8c3bsxcf[1m}[0m[2m:[0m [2msp1_prover::worker::node::full::init[0m[2m:[0m task succeeded
[2m2026-09-15T22:07:39.030963Z[0m [34mDEBUG[0m [1mController[0m[1m{[0m[3mproof_id[0m[2m=[0mproof_01m2kb91v9egga9yypcwvj99mg [3mtask_id[0m[2m=[0mlocal_worker_01m2kb91vje0h9884c5b5mxpp4[1m}[0m[2m:[0m[1mreduce[0m[2m:[0m [2msp1_prover::worker::controller::compress[0m[2m:[0m Checking if complete: Pending tasks: 1, map is empty: false, full range is some: false, is_range_equal: false
[2m2026-09-15T22:07:39.030976Z[0m [34mDEBUG[0m [1mController[0m[1m{[0m[3mproof_id[0m[2m=[0mproof_01m2kb91v9egga9yypcwvj99mg [3mtask_id[0m[2m=[0mlocal_worker_01m2kb91vje0h9884c5b5mxpp4[1m}[0m[2m:[0m[1mreduce[0m[2m:[0m [2msp1_prover::worker::controller::compress[0m[2m:[0m Found sibling
[2m2026-09-15T22:07:39.030981Z[0m [34mDEBUG[0m [1mController[0m[1m{[0m[3mproof_id[0m[2m=[0mproof_01m2kb91v9egga9yypcwvj99mg [3mtask_id[0m[2m=[0mlocal_worker_01m2kb91vje0h9884c5b5mxpp4[1m}[0m[2m:[0m[1mreduce[0m[2m:[0m [2msp1_prover::worker::controller::compress[0m[2m:[0m Checking if complete: Pending tasks: 1, map is empty: true, full range is some: false, is_range_equal: false
[2m2026-09-15T22:09:14.544390Z[0m [34mDEBUG[0m [1mProveShard[0m[1m{[0m[3mproof_id[0m[2m=[0mproof_01m2kb91v9egga9yypcwvj99mg [3mtask_id[0m[2m=[0mlocal_worker_01m2kgtv8vej0vq37n20714nsb[1m}[0m[2m:[0m [2msp1_prover::worker::node::full::init[0m[2m:[0m task succeeded
[2m2026-09-15T22:09:14.545375Z[0m [34mDEBUG[0m [1mCoreExecute[0m[1m{[0m[3mproof_id[0m[2m=[0mproof_01m2kb91v9egga9yypcwvj99mg [3mtask_id[0m[2m=[0mlocal_worker_01m2kb9chkez19hnxxwd2t5t4q[1m}[0m[2m:[0m[1memit precompile shards[0m[2m:[0m[1mdeferred listener[0m[2m:[0m [2msp1_prover::worker::controller::precompiles[0m[2m:[0m received deferred message with task id TaskId("local_worker_01m2khbj9mf78r1j90w6yc7v9q")
[2m2026-09-15T22:09:14.545593Z[0m [34mDEBUG[0m [1mCoreExecute[0m[1m{[0m[3mproof_id[0m[2m=[0mproof_01m2kb91v9egga9yypcwvj99mg [3mtask_id[0m[2m=[0mlocal_worker_01m2kb9chkez19hnxxwd2t5t4q[1m}[0m[2m:[0m[1mminimal executor[0m[2m:[0m[1msplicing[0m[1m{[0m[3midx[0m[2m=[0m0[1m}[0m[2m:[0m[1msplicing trace chunk[0m[2m:[0m [2msp1_prover::worker::controller::splicing[0m[2m:[0m spliced trace sent to splicing tx [3mglobal_clk[0m[2m=[0m19056677
[2m2026-09-15T22:09:14.545609Z[0m [34mDEBUG[0m [1mCoreExecute[0m[1m{[0m[3mproof_id[0m[2m=[0mproof_01m2kb91v9egga9yypcwvj99mg [3mtask_id[0m[2m=[0mlocal_worker_01m2kb9chkez19hnxxwd2t5t4q[1m}[0m[2m:[0m[1mminimal executor[0m[2m:[0m[1msplicing[0m[1m{[0m[3midx[0m[2m=[0m0[1m}[0m[2m:[0m[1msplicing trace chunk[0m[2m:[0m [2msp1_prover::worker::controller::splicing[0m[2m:[0m starting new shard at clk: 159008553 at pc: 2016454052
[2m2026-09-15T22:09:14.581082Z[0m [34mDEBUG[0m [1mCoreExecute[0m[1m{[0m[3mproof_id[0m[2m=[0mproof_01m2kb91v9egga9yypcwvj99mg [3mtask_id[0m[2m=[0mlocal_worker_01m2kb9chkez19hnxxwd2t5t4q[1m}[0m[2m:[0m[1mminimal executor[0m[2m:[0m[1msplicing[0m[1m{[0m[3midx[0m[2m=[0m0[1m}[0m[2m:[0m[1mget splices to serialize[0m[2m:[0m[1msend splice[0m[2m:[0m [2msp1_prover::worker::client::local[0m[2m:[0m submitting task of kind MarkerDeferredRecord
[2m2026-09-15T22:09:14.585985Z[0m [34mDEBUG[0m [1mCoreExecute[0m[1m{[0m[3mproof_id[0m[2m=[0mproof_01m2kb91v9egga9yypcwvj99mg [3mtask_id[0m[2m=[0mlocal_worker_01m2kb9chkez19hnxxwd2t5t4q[1m}[0m[2m:[0m[1mminimal executor[0m[2m:[0m[1msplicing[0m[1m{[0m[3midx[0m[2m=[0m0[1m}[0m[2m:[0m[1mget splices to serialize[0m[2m:[0m[1msend splice[0m[2m:[0m [2msp1_prover::worker::client::local[0m[2m:[0m submitting task of kind ProveShard
[2m2026-09-15T22:09:14.594818Z[0m [34mDEBUG[0m [1mCoreExecute[0m[1m{[0m[3mproof_id[0m[2m=[0mproof_01m2kb91v9egga9yypcwvj99mg [3mtask_id[0m[2m=[0mlocal_worker_01m2kb9chkez19hnxxwd2t5t4q[1m}[0m[2m:[0m[1mminimal executor[0m[2m:[0m[1msplicing[0m[1m{[0m[3midx[0m[2m=[0m0[1m}[0m[2m:[0m[1msplicing trace chunk[0m[2m:[0m [2msp1_prover::worker::controller::splicing[0m[2m:[0m shard boundary [3mglobal_clk[0m[2m=[0m19439606 [3mpc[0m[2m=[0m2015343512 [3mnum_mem_reads_left[0m[2m=[0m936282 [3mclk[0m[2m=[0m162116529
[2m2026-09-15T22:09:14.594856Z[0m [34mDEBUG[0m [1mCoreExecute[0m[1m{[0m[3mproof_id[0m[2m=[0mproof_01m2kb91v9egga9yypcwvj99mg [3mtask_id[0m[2m=[0mlocal_worker_01m2kb9chkez19hnxxwd2t5t4q[1m}[0m[2m:[0m[1mminimal executor[0m[2m:[0m[1msplicing[0m[1m{[0m[3midx[0m[2m=[0m0[1m}[0m[2m:[0m[1msplicing trace chunk[0m[2m:[0m [2msp1_prover::worker::controller::splicing[0m[2m:[0m sending spliced trace to splicing tx [3mglobal_clk[0m[2m=[0m19439606
[2m2026-09-15T22:09:14.610089Z[0m [34mDEBUG[0m [1mProveShard[0m[1m{[0m[3mproof_id[0m[2m=[0mproof_01m2kb91v9egga9yypcwvj99mg [3mtask_id[0m[2m=[0mlocal_worker_01m2kh0as9fnrtffh9tq6734xy[1m}[0m[2m:[0m[1minto_record[0m[2m:[0m [2msp1_prover::worker::prover::core[0m[2m:[0m tracing chunk at clk range: 127037993..130525345
[2m2026-09-15T22:11:20.207748Z[0m [34mDEBUG[0m [1mProveShard[0m[1m{[0m[3mproof_id[0m[2m=[0mproof_01m2kb91v9egga9yypcwvj99mg [3mtask_id[0m[2m=[0mlocal_worker_01m2kh0as9fnrtffh9tq6734xy[1m}[0m[2m:[0m [2msp1_prover::worker::node::full::init[0m[2m:[0m task succeeded
[2m2026-09-15T22:11:20.208415Z[0m [34mDEBUG[0m [1mCoreExecute[0m[1m{[0m[3mproof_id[0m[2m=[0mproof_01m2kb91v9egga9yypcwvj99mg [3mtask_id[0m[2m=[0mlocal_worker_01m2kb9chkez19hnxxwd2t5t4q[1m}[0m[2m:[0m[1memit precompile shards[0m[2m:[0m[1mdeferred sender[0m[2m:[0m [2msp1_prover::worker::controller::precompiles[0m[2m:[0m received deferred marker task status: Succeeded [3mtask_id[0m[2m=[0m"local_worker_01m2kfkwnsfhsvcj1gcbfra4gr"
[2m2026-09-15T22:11:20.208928Z[0m [34mDEBUG[0m [1mCoreExecute[0m[1m{[0m[3mproof_id[0m[2m=[0mproof_01m2kb91v9egga9yypcwvj99mg [3mtask_id[0m[2m=[0mlocal_worker_01m2kb9chkez19hnxxwd2t5t4q[1m}[0m[2m:[0m[1memit precompile shards[0m[2m:[0m[1mdeferred sender[0m[2m:[0m [2msp1_prover::worker::client::local[0m[2m:[0m submitting task of kind ProveShard
[2m2026-09-15T22:11:20.381729Z[0m [34mDEBUG[0m [1mProveShard[0m[1m{[0m[3mproof_id[0m[2m=[0mproof_01m2kb91v9egga9yypcwvj99mg [3mtask_id[0m[2m=[0mlocal_worker_01m2kh445vf21rzsx1qd29k61r[1m}[0m[2m:[0m[1minto_record[0m[2m:[0m [2msp1_prover::worker::prover::core[0m[2m:[0m precompile events: code KECCAK_PERMUTE
[2m2026-09-15T22:13:20.339739Z[0m [34mDEBUG[0m [1mProveShard[0m[1m{[0m[3mproof_id[0m[2m=[0mproof_01m2kb91v9egga9yypcwvj99mg [3mtask_id[0m[2m=[0mlocal_worker_01m2kh445vf21rzsx1qd29k61r[1m}[0m[2m:[0m [2msp1_prover::worker::node::full::init[0m[2m:[0m task succeeded
[2m2026-09-15T22:13:20.340523Z[0m [34mDEBUG[0m [1mController[0m[1m{[0m[3mproof_id[0m[2m=[0mproof_01m2kb91v9egga9yypcwvj99mg [3mtask_id[0m[2m=[0mlocal_worker_01m2kb91vje0h9884c5b5mxpp4[1m}[0m[2m:[0m[1mreduce[0m[2m:[0m [2msp1_prover::worker::controller::compress[0m[2m:[0m Checking if complete: Pending tasks: 1, map is empty: false, full range is some: false, is_range_equal: false
[2m2026-09-15T22:13:20.340543Z[0m [34mDEBUG[0m [1mController[0m[1m{[0m[3mproof_id[0m[2m=[0mproof_01m2kb91v9egga9yypcwvj99mg [3mtask_id[0m[2m=[0mlocal_worker_01m2kb91vje0h9884c5b5mxpp4[1m}[0m[2m:[0m[1mreduce[0m[2m:[0m [2msp1_prover::worker::controller::compress[0m[2m:[0m Found sibling
[2m2026-09-15T22:13:20.340549Z[0m [34mDEBUG[0m [1mController[0m[1m{[0m[3mproof_id[0m[2m=[0mproof_01m2kb91v9egga9yypcwvj99mg [3mtask_id[0m[2m=[0mlocal_worker_01m2kb91vje0h9884c5b5mxpp4[1m}[0m[2m:[0m[1mreduce[0m[2m:[0m [2msp1_prover::worker::controller::compress[0m[2m:[0m Checking if complete: Pending tasks: 1, map is empty: true, full range is some: false, is_range_equal: false
[2m2026-09-15T22:13:20.340545Z[0m [34mDEBUG[0m [1mCoreExecute[0m[1m{[0m[3mproof_id[0m[2m=[0mproof_01m2kb91v9egga9yypcwvj99mg [3mtask_id[0m[2m=[0mlocal_worker_01m2kb9chkez19hnxxwd2t5t4q[1m}[0m[2m:[0m[1memit precompile shards[0m[2m:[0m[1mdeferred listener[0m[2m:[0m [2msp1_prover::worker::controller::precompiles[0m[2m:[0m received deferred message with task id TaskId("local_worker_01m2khpd09fzg905ebvw3hq405")
[2m2026-09-15T22:13:20.340555Z[0m [34mDEBUG[0m [1mController[0m[1m{[0m[3mproof_id[0m[2m=[0mproof_01m2kb91v9egga9yypcwvj99mg [3mtask_id[0m[2m=[0mlocal_worker_01m2kb91vje0h9884c5b5mxpp4[1m}[0m[2m:[0m[1mreduce[0m[2m:[0m [2msp1_prover::worker::controller::compress[0m[2m:[0m Checking if complete: Pending tasks: 1, map is empty: false, full range is some: false, is_range_equal: false
[2m2026-09-15T22:13:20.340561Z[0m [34mDEBUG[0m [1mController[0m[1m{[0m[3mproof_id[0m[2m=[0mproof_01m2kb91v9egga9yypcwvj99mg [3mtask_id[0m[2m=[0mlocal_worker_01m2kb91vje0h9884c5b5mxpp4[1m}[0m[2m:[0m[1mreduce[0m[2m:[0m [2msp1_prover::worker::controller::compress[0m[2m:[0m Found sibling
[2m2026-09-15T22:13:20.340565Z[0m [34mDEBUG[0m [1mController[0m[1m{[0m[3mproof_id[0m[2m=[0mproof_01m2kb91v9egga9yypcwvj99mg [3mtask_id[0m[2m=[0mlocal_worker_01m2kb91vje0h9884c5b5mxpp4[1m}[0m[2m:[0m[1mreduce[0m[2m:[0m [2msp1_prover::worker::controller::compress[0m[2m:[0m Checking if complete: Pending tasks: 1, map is empty: true, full range is some: false, is_range_equal: false
[2m2026-09-15T22:13:20.340590Z[0m [34mDEBUG[0m [1mController[0m[1m{[0m[3mproof_id[0m[2m=[0mproof_01m2kb91v9egga9yypcwvj99mg [3mtask_id[0m[2m=[0mlocal_worker_01m2kb91vje0h9884c5b5mxpp4[1m}[0m[2m:[0m[1mreduce[0m[2m:[0m [2msp1_prover::worker::client::local[0m[2m:[0m submitting task of kind RecursionReduce
[2m2026-09-15T22:13:20.340747Z[0m [34mDEBUG[0m [1mCoreExecute[0m[1m{[0m[3mproof_id[0m[2m=[0mproof_01m2kb91v9egga9yypcwvj99mg [3mtask_id[0m[2m=[0mlocal_worker_01m2kb9chkez19hnxxwd2t5t4q[1m}[0m[2m:[0m[1mminimal executor[0m[2m:[0m[1msplicing[0m[1m{[0m[3midx[0m[2m=[0m0[1m}[0m[2m:[0m[1msplicing trace chunk[0m[2m:[0m [2msp1_prover::worker::controller::splicing[0m[2m:[0m spliced trace sent to splicing tx [3mglobal_clk[0m[2m=[0m19439606
[2m2026-09-15T22:13:20.340791Z[0m [34mDEBUG[0m [1mCoreExecute[0m[1m{[0m[3mproof_id[0m[2m=[0mproof_01m2kb91v9egga9yypcwvj99mg [3mtask_id[0m[2m=[0mlocal_worker_01m2kb9chkez19hnxxwd2t5t4q[1m}[0m[2m:[0m[1mminimal executor[0m[2m:[0m[1msplicing[0m[1m{[0m[3midx[0m[2m=[0m0[1m}[0m[2m:[0m[1msplicing trace chunk[0m[2m:[0m [2msp1_prover::worker::controller::splicing[0m[2m:[0m starting new shard at clk: 162116529 at pc: 2015343512
[2m2026-09-15T22:13:20.373969Z[0m [34mDEBUG[0m [1mCoreExecute[0m[1m{[0m[3mproof_id[0m[2m=[0mproof_01m2kb91v9egga9yypcwvj99mg [3mtask_id[0m[2m=[0mlocal_worker_01m2kb9chkez19hnxxwd2t5t4q[1m}[0m[2m:[0m[1mminimal executor[0m[2m:[0m[1msplicing[0m[1m{[0m[3midx[0m[2m=[0m0[1m}[0m[2m:[0m[1mget splices to serialize[0m[2m:[0m[1msend splice[0m[2m:[0m [2msp1_prover::worker::client::local[0m[2m:[0m submitting task of kind MarkerDeferredRecord
[2m2026-09-15T22:13:20.380250Z[0m [34mDEBUG[0m [1mCoreExecute[0m[1m{[0m[3mproof_id[0m[2m=[0mproof_01m2kb91v9egga9yypcwvj99mg [3mtask_id[0m[2m=[0mlocal_worker_01m2kb9chkez19hnxxwd2t5t4q[1m}[0m[2m:[0m[1mminimal executor[0m[2m:[0m[1msplicing[0m[1m{[0m[3midx[0m[2m=[0m0[1m}[0m[2m:[0m[1mget splices to serialize[0m[2m:[0m[1msend splice[0m[2m:[0m [2msp1_prover::worker::client::local[0m[2m:[0m submitting task of kind ProveShard
[2m2026-09-15T22:13:20.382469Z[0m [34mDEBUG[0m [1mCoreExecute[0m[1m{[0m[3mproof_id[0m[2m=[0mproof_01m2kb91v9egga9yypcwvj99mg [3mtask_id[0m[2m=[0mlocal_worker_01m2kb9chkez19hnxxwd2t5t4q[1m}[0m[2m:[0m[1mminimal executor[0m[2m:[0m[1msplicing[0m[1m{[0m[3midx[0m[2m=[0m0[1m}[0m[2m:[0m[1msplicing trace chunk[0m[2m:[0m [2msp1_prover::worker::controller::splicing[0m[2m:[0m shard boundary [3mglobal_clk[0m[2m=[0m19822441 [3mpc[0m[2m=[0m2016453988 [3mnum_mem_reads_left[0m[2m=[0m769160 [3mclk[0m[2m=[0m165222985
[2m2026-09-15T22:13:20.382535Z[0m [34mDEBUG[0m [1mCoreExecute[0m[1m{[0m[3mproof_id[0m[2m=[0mproof_01m2kb91v9egga9yypcwvj99mg [3mtask_id[0m[2m=[0mlocal_worker_01m2kb9chkez19hnxxwd2t5t4q[1m}[0m[2m:[0m[1mminimal executor[0m[2m:[0m[1msplicing[0m[1m{[0m[3midx[0m[2m=[0m0[1m}[0m[2m:[0m[1msplicing trace chunk[0m[2m:[0m [2msp1_prover::worker::controller::splicing[0m[2m:[0m sending spliced trace to splicing tx [3mglobal_clk[0m[2m=[0m19822441
[2m2026-09-15T22:13:20.770192Z[0m [34mDEBUG[0m [1mProveShard[0m[1m{[0m[3mproof_id[0m[2m=[0mproof_01m2kb91v9egga9yypcwvj99mg [3mtask_id[0m[2m=[0mlocal_worker_01m2kh7rrteyg83m2h78vtgw4j[1m}[0m[2m:[0m[1minto_record[0m[2m:[0m [2msp1_prover::worker::prover::core[0m[2m:[0m tracing chunk at clk range: 130525345..133851417
[2m2026-09-15T22:14:43.237887Z[0m [34mDEBUG[0m [1mRecursionReduce[0m[1m{[0m[3mproof_id[0m[2m=[0mproof_01m2kb91v9egga9yypcwvj99mg [3mtask_id[0m[2m=[0mlocal_worker_01m2kj3eamft19r0k4f1j0dayx[1m}[0m[2m:[0m [2msp1_prover::worker::node::full::init[0m[2m:[0m task succeeded
[2m2026-09-15T22:14:43.237962Z[0m [34mDEBUG[0m [1mController[0m[1m{[0m[3mproof_id[0m[2m=[0mproof_01m2kb91v9egga9yypcwvj99mg [3mtask_id[0m[2m=[0mlocal_worker_01m2kb91vje0h9884c5b5mxpp4[1m}[0m[2m:[0m[1mreduce[0m[2m:[0m [2msp1_prover::worker::controller::compress[0m[2m:[0m Checking if complete: Pending tasks: 1, map is empty: true, full range is some: false, is_range_equal: false
[2m2026-09-15T22:14:43.237976Z[0m [34mDEBUG[0m [1mController[0m[1m{[0m[3mproof_id[0m[2m=[0mproof_01m2kb91v9egga9yypcwvj99mg [3mtask_id[0m[2m=[0mlocal_worker_01m2kb91vje0h9884c5b5mxpp4[1m}[0m[2m:[0m[1mreduce[0m[2m:[0m [2msp1_prover::worker::controller::compress[0m[2m:[0m No neighboring range found, adding proof to tree
[2m2026-09-15T22:16:19.992629Z[0m [34mDEBUG[0m [1mProveShard[0m[1m{[0m[3mproof_id[0m[2m=[0mproof_01m2kb91v9egga9yypcwvj99mg [3mtask_id[0m[2m=[0mlocal_worker_01m2kh7rrteyg83m2h78vtgw4j[1m}[0m[2m:[0m [2msp1_prover::worker::node::full::init[0m[2m:[0m task succeeded
[2m2026-09-15T22:16:19.994441Z[0m [34mDEBUG[0m [1mCoreExecute[0m[1m{[0m[3mproof_id[0m[2m=[0mproof_01m2kb91v9egga9yypcwvj99mg [3mtask_id[0m[2m=[0mlocal_worker_01m2kb9chkez19hnxxwd2t5t4q[1m}[0m[2m:[0m[1memit precompile shards[0m[2m:[0m[1mdeferred listener[0m[2m:[0m [2msp1_prover::worker::controller::precompiles[0m[2m:[0m received deferred message with task id TaskId("local_worker_01m2khvyanezga1qvkbvgbxdjt")
[2m2026-09-15T22:16:19.994730Z[0m [34mDEBUG[0m [1mCoreExecute[0m[1m{[0m[3mproof_id[0m[2m=[0mproof_01m2kb91v9egga9yypcwvj99mg [3mtask_id[0m[2m=[0mlocal_worker_01m2kb9chkez19hnxxwd2t5t4q[1m}[0m[2m:[0m[1mminimal executor[0m[2m:[0m[1msplicing[0m[1m{[0m[3midx[0m[2m=[0m0[1m}[0m[2m:[0m[1msplicing trace chunk[0m[2m:[0m [2msp1_prover::worker::controller::splicing[0m[2m:[0m spliced trace sent to splicing tx [3mglobal_clk[0m[2m=[0m19822441
[2m2026-09-15T22:16:19.994771Z[0m [34mDEBUG[0m [1mCoreExecute[0m[1m{[0m[3mproof_id[0m[2m=[0mproof_01m2kb91v9egga9yypcwvj99mg [3mtask_id[0m[2m=[0mlocal_worker_01m2kb9chkez19hnxxwd2t5t4q[1m}[0m[2m:[0m[1mminimal executor[0m[2m:[0m[1msplicing[0m[1m{[0m[3midx[0m[2m=[0m0[1m}[0m[2m:[0m[1msplicing trace chunk[0m[2m:[0m [2msp1_prover::worker::controller::splicing[0m[2m:[0m starting new shard at clk: 165222985 at pc: 2016453988
[2m2026-09-15T22:16:20.019485Z[0m [34mDEBUG[0m [1mCoreExecute[0m[1m{[0m[3mproof_id[0m[2m=[0mproof_01m2kb91v9egga9yypcwvj99mg [3mtask_id[0m[2m=[0mlocal_worker_01m2kb9chkez19hnxxwd2t5t4q[1m}[0m[2m:[0m[1mminimal executor[0m[2m:[0m[1msplicing[0m[1m{[0m[3midx[0m[2m=[0m0[1m}[0m[2m:[0m[1mget splices to serialize[0m[2m:[0m[1msend splice[0m[2m:[0m [2msp1_prover::worker::client::local[0m[2m:[0m submitting task of kind MarkerDeferredRecord
[2m2026-09-15T22:16:20.023513Z[0m [34mDEBUG[0m [1mCoreExecute[0m[1m{[0m[3mproof_id[0m[2m=[0mproof_01m2kb91v9egga9yypcwvj99mg [3mtask_id[0m[2m=[0mlocal_worker_01m2kb9chkez19hnxxwd2t5t4q[1m}[0m[2m:[0m[1mminimal executor[0m[2m:[0m[1msplicing[0m[1m{[0m[3midx[0m[2m=[0m0[1m}[0m[2m:[0m[1mget splices to serialize[0m[2m:[0m[1msend splice[0m[2m:[0m [2msp1_prover::worker::client::local[0m[2m:[0m submitting task of kind ProveShard
[2m2026-09-15T22:16:20.041720Z[0m [34mDEBUG[0m [1mCoreExecute[0m[1m{[0m[3mproof_id[0m[2m=[0mproof_01m2kb91v9egga9yypcwvj99mg [3mtask_id[0m[2m=[0mlocal_worker_01m2kb9chkez19hnxxwd2t5t4q[1m}[0m[2m:[0m[1mminimal executor[0m[2m:[0m[1msplicing[0m[1m{[0m[3midx[0m[2m=[0m0[1m}[0m[2m:[0m[1msplicing trace chunk[0m[2m:[0m [2msp1_prover::worker::controller::splicing[0m[2m:[0m shard boundary [3mglobal_clk[0m[2m=[0m20205878 [3mpc[0m[2m=[0m2014733908 [3mnum_mem_reads_left[0m[2m=[0m601338 [3mclk[0m[2m=[0m168334769
[2m2026-09-15T22:16:20.041789Z[0m [34mDEBUG[0m [1mCoreExecute[0m[1m{[0m[3mproof_id[0m[2m=[0mproof_01m2kb91v9egga9yypcwvj99mg [3mtask_id[0m[2m=[0mlocal_worker_01m2kb9chkez19hnxxwd2t5t4q[1m}[0m[2m:[0m[1mminimal executor[0m[2m:[0m[1msplicing[0m[1m{[0m[3midx[0m[2m=[0m0[1m}[0m[2m:[0m[1msplicing trace chunk[0m[2m:[0m [2msp1_prover::worker::controller::splicing[0m[2m:[0m sending spliced trace to splicing tx [3mglobal_clk[0m[2m=[0m20205878
[2m2026-09-15T22:16:20.050595Z[0m [34mDEBUG[0m [1mProveShard[0m[1m{[0m[3mproof_id[0m[2m=[0mproof_01m2kb91v9egga9yypcwvj99mg [3mtask_id[0m[2m=[0mlocal_worker_01m2khbj9ve6rsmm7btm2596fm[1m}[0m[2m:[0m[1minto_record[0m[2m:[0m [2msp1_prover::worker::prover::core[0m[2m:[0m tracing chunk at clk range: 133851417..137216833
[2m2026-09-15T22:18:24.770482Z[0m [34mDEBUG[0m [1mProveShard[0m[1m{[0m[3mproof_id[0m[2m=[0mproof_01m2kb91v9egga9yypcwvj99mg [3mtask_id[0m[2m=[0mlocal_worker_01m2khbj9ve6rsmm7btm2596fm[1m}[0m[2m:[0m [2msp1_prover::worker::node::full::init[0m[2m:[0m task succeeded
[2m2026-09-15T22:18:24.771151Z[0m [34mDEBUG[0m [1mCoreExecute[0m[1m{[0m[3mproof_id[0m[2m=[0mproof_01m2kb91v9egga9yypcwvj99mg [3mtask_id[0m[2m=[0mlocal_worker_01m2kb9chkez19hnxxwd2t5t4q[1m}[0m[2m:[0m[1memit precompile shards[0m[2m:[0m[1mdeferred sender[0m[2m:[0m [2msp1_prover::worker::client::local[0m[2m:[0m submitting task of kind ProveShard
[2m2026-09-15T22:18:24.852192Z[0m [34mDEBUG[0m [1mProveShard[0m[1m{[0m[3mproof_id[0m[2m=[0mproof_01m2kb91v9egga9yypcwvj99mg [3mtask_id[0m[2m=[0mlocal_worker_01m2khh24ee2hvcdre6hx9te3f[1m}[0m[2m:[0m[1minto_record[0m[2m:[0m [2msp1_prover::worker::prover::core[0m[2m:[0m precompile events: code KECCAK_PERMUTE
[2m2026-09-15T22:20:23.588475Z[0m [34mDEBUG[0m [1mProveShard[0m[1m{[0m[3mproof_id[0m[2m=[0mproof_01m2kb91v9egga9yypcwvj99mg [3mtask_id[0m[2m=[0mlocal_worker_01m2khh24ee2hvcdre6hx9te3f[1m}[0m[2m:[0m [2msp1_prover::worker::node::full::init[0m[2m:[0m task succeeded
[2m2026-09-15T22:20:23.589263Z[0m [34mDEBUG[0m [1mCoreExecute[0m[1m{[0m[3mproof_id[0m[2m=[0mproof_01m2kb91v9egga9yypcwvj99mg [3mtask_id[0m[2m=[0mlocal_worker_01m2kb9chkez19hnxxwd2t5t4q[1m}[0m[2m:[0m[1memit precompile shards[0m[2m:[0m[1mdeferred listener[0m[2m:[0m [2msp1_prover::worker::controller::precompiles[0m[2m:[0m received deferred message with task id TaskId("local_worker_01m2kj3ebpfr9se3dqfd0ac8m6")
[2m2026-09-15T22:20:23.589405Z[0m [34mDEBUG[0m [1mCoreExecute[0m[1m{[0m[3mproof_id[0m[2m=[0mproof_01m2kb91v9egga9yypcwvj99mg [3mtask_id[0m[2m=[0mlocal_worker_01m2kb9chkez19hnxxwd2t5t4q[1m}[0m[2m:[0m[1mminimal executor[0m[2m:[0m[1msplicing[0m[1m{[0m[3midx[0m[2m=[0m0[1m}[0m[2m:[0m[1msplicing trace chunk[0m[2m:[0m [2msp1_prover::worker::controller::splicing[0m[2m:[0m spliced trace sent to splicing tx [3mglobal_clk[0m[2m=[0m20205878
[2m2026-09-15T22:20:23.589421Z[0m [34mDEBUG[0m [1mCoreExecute[0m[1m{[0m[3mproof_id[0m[2m=[0mproof_01m2kb91v9egga9yypcwvj99mg [3mtask_id[0m[2m=[0mlocal_worker_01m2kb9chkez19hnxxwd2t5t4q[1m}[0m[2m:[0m[1mminimal executor[0m[2m:[0m[1msplicing[0m[1m{[0m[3midx[0m[2m=[0m0[1m}[0m[2m:[0m[1msplicing trace chunk[0m[2m:[0m [2msp1_prover::worker::controller::splicing[0m[2m:[0m starting new shard at clk: 168334769 at pc: 2014733908
[2m2026-09-15T22:20:23.602736Z[0m [34mDEBUG[0m [1mCoreExecute[0m[1m{[0m[3mproof_id[0m[2m=[0mproof_01m2kb91v9egga9yypcwvj99mg [3mtask_id[0m[2m=[0mlocal_worker_01m2kb9chkez19hnxxwd2t5t4q[1m}[0m[2m:[0m[1mminimal executor[0m[2m:[0m[1msplicing[0m[1m{[0m[3midx[0m[2m=[0m0[1m}[0m[2m:[0m[1mget splices to serialize[0m[2m:[0m[1msend splice[0m[2m:[0m [2msp1_prover::worker::client::local[0m[2m:[0m submitting task of kind MarkerDeferredRecord
[2m2026-09-15T22:20:23.607401Z[0m [34mDEBUG[0m [1mCoreExecute[0m[1m{[0m[3mproof_id[0m[2m=[0mproof_01m2kb91v9egga9yypcwvj99mg [3mtask_id[0m[2m=[0mlocal_worker_01m2kb9chkez19hnxxwd2t5t4q[1m}[0m[2m:[0m[1mminimal executor[0m[2m:[0m[1msplicing[0m[1m{[0m[3midx[0m[2m=[0m0[1m}[0m[2m:[0m[1mget splices to serialize[0m[2m:[0m[1msend splice[0m[2m:[0m [2msp1_prover::worker::client::local[0m[2m:[0m submitting task of kind ProveShard
[2m2026-09-15T22:20:23.631463Z[0m [34mDEBUG[0m [1mCoreExecute[0m[1m{[0m[3mproof_id[0m[2m=[0mproof_01m2kb91v9egga9yypcwvj99mg [3mtask_id[0m[2m=[0mlocal_worker_01m2kb9chkez19hnxxwd2t5t4q[1m}[0m[2m:[0m[1mminimal executor[0m[2m:[0m[1msplicing[0m[1m{[0m[3midx[0m[2m=[0m0[1m}[0m[2m:[0m[1msplicing trace chunk[0m[2m:[0m [2msp1_prover::worker::controller::splicing[0m[2m:[0m shard boundary [3mglobal_clk[0m[2m=[0m20588959 [3mpc[0m[2m=[0m2014733576 [3mnum_mem_reads_left[0m[2m=[0m434495 [3mclk[0m[2m=[0m171442937
[2m2026-09-15T22:20:23.631518Z[0m [34mDEBUG[0m [1mCoreExecute[0m[1m{[0m[3mproof_id[0m[2m=[0mproof_01m2kb91v9egga9yypcwvj99mg [3mtask_id[0m[2m=[0mlocal_worker_01m2kb9chkez19hnxxwd2t5t4q[1m}[0m[2m:[0m[1mminimal executor[0m[2m:[0m[1msplicing[0m[1m{[0m[3midx[0m[2m=[0m0[1m}[0m[2m:[0m[1msplicing trace chunk[0m[2m:[0m [2msp1_prover::worker::controller::splicing[0m[2m:[0m sending spliced trace to splicing tx [3mglobal_clk[0m[2m=[0m20588959
[2m2026-09-15T22:20:23.641701Z[0m [34mDEBUG[0m [1mProveShard[0m[1m{[0m[3mproof_id[0m[2m=[0mproof_01m2kb91v9egga9yypcwvj99mg [3mtask_id[0m[2m=[0mlocal_worker_01m2khpd0efpsvqmnmx542dgwa[1m}[0m[2m:[0m[1minto_record[0m[2m:[0m [2msp1_prover::worker::prover::core[0m[2m:[0m tracing chunk at clk range: 137216833..140453065
[2m2026-09-15T22:22:28.165819Z[0m [34mDEBUG[0m [1mProveShard[0m[1m{[0m[3mproof_id[0m[2m=[0mproof_01m2kb91v9egga9yypcwvj99mg [3mtask_id[0m[2m=[0mlocal_worker_01m2khpd0efpsvqmnmx542dgwa[1m}[0m[2m:[0m [2msp1_prover::worker::node::full::init[0m[2m:[0m task succeeded
[2m2026-09-15T22:22:28.166676Z[0m [34mDEBUG[0m [1mController[0m[1m{[0m[3mproof_id[0m[2m=[0mproof_01m2kb91v9egga9yypcwvj99mg [3mtask_id[0m[2m=[0mlocal_worker_01m2kb91vje0h9884c5b5mxpp4[1m}[0m[2m:[0m[1mreduce[0m[2m:[0m [2msp1_prover::worker::controller::compress[0m[2m:[0m Checking if complete: Pending tasks: 1, map is empty: false, full range is some: false, is_range_equal: false
[2m2026-09-15T22:22:28.166699Z[0m [34mDEBUG[0m [1mController[0m[1m{[0m[3mproof_id[0m[2m=[0mproof_01m2kb91v9egga9yypcwvj99mg [3mtask_id[0m[2m=[0mlocal_worker_01m2kb91vje0h9884c5b5mxpp4[1m}[0m[2m:[0m[1mreduce[0m[2m:[0m [2msp1_prover::worker::controller::compress[0m[2m:[0m Found sibling
[2m2026-09-15T22:22:28.166704Z[0m [34mDEBUG[0m [1mController[0m[1m{[0m[3mproof_id[0m[2m=[0mproof_01m2kb91v9egga9yypcwvj99mg [3mtask_id[0m[2m=[0mlocal_worker_01m2kb91vje0h9884c5b5mxpp4[1m}[0m[2m:[0m[1mreduce[0m[2m:[0m [2msp1_prover::worker::controller::compress[0m[2m:[0m Checking if complete: Pending tasks: 1, map is empty: true, full range is some: false, is_range_equal: false
[2m2026-09-15T22:22:28.166746Z[0m [34mDEBUG[0m [1mCoreExecute[0m[1m{[0m[3mproof_id[0m[2m=[0mproof_01m2kb91v9egga9yypcwvj99mg [3mtask_id[0m[2m=[0mlocal_worker_01m2kb9chkez19hnxxwd2t5t4q[1m}[0m[2m:[0m[1memit precompile shards[0m[2m:[0m[1mdeferred listener[0m[2m:[0m [2msp1_prover::worker::controller::precompiles[0m[2m:[0m received deferred message with task id TaskId("local_worker_01m2kj8xskey1vktzjx18bxpsf")
[2m2026-09-15T22:22:28.166814Z[0m [34mDEBUG[0m [1mController[0m[1m{[0m[3mproof_id[0m[2m=[0mproof_01m2kb91v9egga9yypcwvj99mg [3mtask_id[0m[2m=[0mlocal_worker_01m2kb91vje0h9884c5b5mxpp4[1m}[0m[2m:[0m[1mreduce[0m[2m:[0m [2msp1_prover::worker::controller::compress[0m[2m:[0m Checking if complete: Pending tasks: 1, map is empty: false, full range is some: false, is_range_equal: false
[2m2026-09-15T22:22:28.166826Z[0m [34mDEBUG[0m [1mController[0m[1m{[0m[3mproof_id[0m[2m=[0mproof_01m2kb91v9egga9yypcwvj99mg [3mtask_id[0m[2m=[0mlocal_worker_01m2kb91vje0h9884c5b5mxpp4[1m}[0m[2m:[0m[1mreduce[0m[2m:[0m [2msp1_prover::worker::controller::compress[0m[2m:[0m Found sibling
[2m2026-09-15T22:22:28.166831Z[0m [34mDEBUG[0m [1mController[0m[1m{[0m[3mproof_id[0m[2m=[0mproof_01m2kb91v9egga9yypcwvj99mg [3mtask_id[0m[2m=[0mlocal_worker_01m2kb91vje0h9884c5b5mxpp4[1m}[0m[2m:[0m[1mreduce[0m[2m:[0m [2msp1_prover::worker::controller::compress[0m[2m:[0m Checking if complete: Pending tasks: 1, map is empty: true, full range is some: false, is_range_equal: false
[2m2026-09-15T22:22:28.166838Z[0m [34mDEBUG[0m [1mController[0m[1m{[0m[3mproof_id[0m[2m=[0mproof_01m2kb91v9egga9yypcwvj99mg [3mtask_id[0m[2m=[0mlocal_worker_01m2kb91vje0h9884c5b5mxpp4[1m}[0m[2m:[0m[1mreduce[0m[2m:[0m [2msp1_prover::worker::controller::compress[0m[2m:[0m Checking if complete: Pending tasks: 1, map is empty: false, full range is some: false, is_range_equal: false
[2m2026-09-15T22:22:28.166869Z[0m [34mDEBUG[0m [1mCoreExecute[0m[1m{[0m[3mproof_id[0m[2m=[0mproof_01m2kb91v9egga9yypcwvj99mg [3mtask_id[0m[2m=[0mlocal_worker_01m2kb9chkez19hnxxwd2t5t4q[1m}[0m[2m:[0m[1mminimal executor[0m[2m:[0m[1msplicing[0m[1m{[0m[3midx[0m[2m=[0m0[1m}[0m[2m:[0m[1msplicing trace chunk[0m[2m:[0m [2msp1_prover::worker::controller::splicing[0m[2m:[0m spliced trace sent to splicing tx [3mglobal_clk[0m[2m=[0m20588959
[2m2026-09-15T22:22:28.166883Z[0m [34mDEBUG[0m [1mCoreExecute[0m[1m{[0m[3mproof_id[0m[2m=[0mproof_01m2kb91v9egga9yypcwvj99mg [3mtask_id[0m[2m=[0mlocal_worker_01m2kb9chkez19hnxxwd2t5t4q[1m}[0m[2m:[0m[1mminimal executor[0m[2m:[0m[1msplicing[0m[1m{[0m[3midx[0m[2m=[0m0[1m}[0m[2m:[0m[1msplicing trace chunk[0m[2m:[0m [2msp1_prover::worker::controller::splicing[0m[2m:[0m starting new shard at clk: 171442937 at pc: 2014733576
[2m2026-09-15T22:22:28.168698Z[0m [34mDEBUG[0m [1mController[0m[1m{[0m[3mproof_id[0m[2m=[0mproof_01m2kb91v9egga9yypcwvj99mg [3mtask_id[0m[2m=[0mlocal_worker_01m2kb91vje0h9884c5b5mxpp4[1m}[0m[2m:[0m[1mreduce[0m[2m:[0m [2msp1_prover::worker::controller::compress[0m[2m:[0m Found sibling
[2m2026-09-15T22:22:28.168803Z[0m [34mDEBUG[0m [1mController[0m[1m{[0m[3mproof_id[0m[2m=[0mproof_01m2kb91v9egga9yypcwvj99mg [3mtask_id[0m[2m=[0mlocal_worker_01m2kb91vje0h9884c5b5mxpp4[1m}[0m[2m:[0m[1mreduce[0m[2m:[0m [2msp1_prover::worker::controller::compress[0m[2m:[0m Checking if complete: Pending tasks: 1, map is empty: true, full range is some: false, is_range_equal: false
[2m2026-09-15T22:22:28.168845Z[0m [34mDEBUG[0m [1mController[0m[1m{[0m[3mproof_id[0m[2m=[0mproof_01m2kb91v9egga9yypcwvj99mg [3mtask_id[0m[2m=[0mlocal_worker_01m2kb91vje0h9884c5b5mxpp4[1m}[0m[2m:[0m[1mreduce[0m[2m:[0m [2msp1_prover::worker::client::local[0m[2m:[0m submitting task of kind RecursionReduce
[2m2026-09-15T22:22:28.168884Z[0m [34mDEBUG[0m [1mController[0m[1m{[0m[3mproof_id[0m[2m=[0mproof_01m2kb91v9egga9yypcwvj99mg [3mtask_id[0m[2m=[0mlocal_worker_01m2kb91vje0h9884c5b5mxpp4[1m}[0m[2m:[0m[1mreduce[0m[2m:[0m [2msp1_prover::worker::controller::compress[0m[2m:[0m Checking if complete: Pending tasks: 3, map is empty: true, full range is some: false, is_range_equal: false
[2m2026-09-15T22:22:28.168893Z[0m [34mDEBUG[0m [1mController[0m[1m{[0m[3mproof_id[0m[2m=[0mproof_01m2kb91v9egga9yypcwvj99mg [3mtask_id[0m[2m=[0mlocal_worker_01m2kb91vje0h9884c5b5mxpp4[1m}[0m[2m:[0m[1mreduce[0m[2m:[0m [2msp1_prover::worker::controller::compress[0m[2m:[0m No neighboring range found, adding proof to tree
[2m2026-09-15T22:22:28.168898Z[0m [34mDEBUG[0m [1mController[0m[1m{[0m[3mproof_id[0m[2m=[0mproof_01m2kb91v9egga9yypcwvj99mg [3mtask_id[0m[2m=[0mlocal_worker_01m2kb91vje0h9884c5b5mxpp4[1m}[0m[2m:[0m[1mreduce[0m[2m:[0m [2msp1_prover::worker::controller::compress[0m[2m:[0m Checking if complete: Pending tasks: 2, map is empty: false, full range is some: false, is_range_equal: false
[2m2026-09-15T22:22:28.168904Z[0m [34mDEBUG[0m [1mController[0m[1m{[0m[3mproof_id[0m[2m=[0mproof_01m2kb91v9egga9yypcwvj99mg [3mtask_id[0m[2m=[0mlocal_worker_01m2kb91vje0h9884c5b5mxpp4[1m}[0m[2m:[0m[1mreduce[0m[2m:[0m [2msp1_prover::worker::controller::compress[0m[2m:[0m Found sibling
[2m2026-09-15T22:22:28.168907Z[0m [34mDEBUG[0m [1mController[0m[1m{[0m[3mproof_id[0m[2m=[0mproof_01m2kb91v9egga9yypcwvj99mg [3mtask_id[0m[2m=[0mlocal_worker_01m2kb91vje0h9884c5b5mxpp4[1m}[0m[2m:[0m[1mreduce[0m[2m:[0m [2msp1_prover::worker::controller::compress[0m[2m:[0m Checking if complete: Pending tasks: 2, map is empty: true, full range is some: false, is_range_equal: false
[2m2026-09-15T22:22:28.183643Z[0m [34mDEBUG[0m [1mCoreExecute[0m[1m{[0m[3mproof_id[0m[2m=[0mproof_01m2kb91v9egga9yypcwvj99mg [3mtask_id[0m[2m=[0mlocal_worker_01m2kb9chkez19hnxxwd2t5t4q[1m}[0m[2m:[0m[1mminimal executor[0m[2m:[0m[1msplicing[0m[1m{[0m[3midx[0m[2m=[0m0[1m}[0m[2m:[0m[1mget splices to serialize[0m[2m:[0m[1msend splice[0m[2m:[0m [2msp1_prover::worker::client::local[0m[2m:[0m submitting task of kind MarkerDeferredRecord
[2m2026-09-15T22:22:28.198406Z[0m [34mDEBUG[0m [1mCoreExecute[0m[1m{[0m[3mproof_id[0m[2m=[0mproof_01m2kb91v9egga9yypcwvj99mg [3mtask_id[0m[2m=[0mlocal_worker_01m2kb9chkez19hnxxwd2t5t4q[1m}[0m[2m:[0m[1mminimal executor[0m[2m:[0m[1msplicing[0m[1m{[0m[3midx[0m[2m=[0m0[1m}[0m[2m:[0m[1mget splices to serialize[0m[2m:[0m[1msend splice[0m[2m:[0m [2msp1_prover::worker::client::local[0m[2m:[0m submitting task of kind ProveShard
[2m2026-09-15T22:22:28.207529Z[0m [34mDEBUG[0m [1mCoreExecute[0m[1m{[0m[3mproof_id[0m[2m=[0mproof_01m2kb91v9egga9yypcwvj99mg [3mtask_id[0m[2m=[0mlocal_worker_01m2kb9chkez19hnxxwd2t5t4q[1m}[0m[2m:[0m[1mminimal executor[0m[2m:[0m[1msplicing[0m[1m{[0m[3midx[0m[2m=[0m0[1m}[0m[2m:[0m[1msplicing trace chunk[0m[2m:[0m [2msp1_prover::worker::controller::splicing[0m[2m:[0m shard boundary [3mglobal_clk[0m[2m=[0m20958267 [3mpc[0m[2m=[0m2014484228 [3mnum_mem_reads_left[0m[2m=[0m299334 [3mclk[0m[2m=[0m174429401
[2m2026-09-15T22:22:28.207564Z[0m [34mDEBUG[0m [1mCoreExecute[0m[1m{[0m[3mproof_id[0m[2m=[0mproof_01m2kb91v9egga9yypcwvj99mg [3mtask_id[0m[2m=[0mlocal_worker_01m2kb9chkez19hnxxwd2t5t4q[1m}[0m[2m:[0m[1mminimal executor[0m[2m:[0m[1msplicing[0m[1m{[0m[3midx[0m[2m=[0m0[1m}[0m[2m:[0m[1msplicing trace chunk[0m[2m:[0m [2msp1_prover::worker::controller::splicing[0m[2m:[0m sending spliced trace to splicing tx [3mglobal_clk[0m[2m=[0m20958267
[2m2026-09-15T22:22:28.227948Z[0m [34mDEBUG[0m [1mProveShard[0m[1m{[0m[3mproof_id[0m[2m=[0mproof_01m2kb91v9egga9yypcwvj99mg [3mtask_id[0m[2m=[0mlocal_worker_01m2khvyate6ss1bntjhq3rm80[1m}[0m[2m:[0m[1minto_record[0m[2m:[0m [2msp1_prover::worker::prover::core[0m[2m:[0m tracing chunk at clk range: 140453065..143362417
[2m2026-09-15T22:23:50.705072Z[0m [34mDEBUG[0m [1mRecursionReduce[0m[1m{[0m[3mproof_id[0m[2m=[0mproof_01m2kb91v9egga9yypcwvj99mg [3mtask_id[0m[2m=[0mlocal_worker_01m2kjm5a8ffr9rnejcrwxc33y[1m}[0m[2m:[0m [2msp1_prover::worker::node::full::init[0m[2m:[0m task succeeded
[2m2026-09-15T22:23:50.705133Z[0m [34mDEBUG[0m [1mController[0m[1m{[0m[3mproof_id[0m[2m=[0mproof_01m2kb91v9egga9yypcwvj99mg [3mtask_id[0m[2m=[0mlocal_worker_01m2kb91vje0h9884c5b5mxpp4[1m}[0m[2m:[0m[1mreduce[0m[2m:[0m [2msp1_prover::worker::controller::compress[0m[2m:[0m Checking if complete: Pending tasks: 1, map is empty: false, full range is some: false, is_range_equal: false
[2m2026-09-15T22:23:50.705144Z[0m [34mDEBUG[0m [1mController[0m[1m{[0m[3mproof_id[0m[2m=[0mproof_01m2kb91v9egga9yypcwvj99mg [3mtask_id[0m[2m=[0mlocal_worker_01m2kb91vje0h9884c5b5mxpp4[1m}[0m[2m:[0m[1mreduce[0m[2m:[0m [2msp1_prover::worker::controller::compress[0m[2m:[0m Found sibling
[2m2026-09-15T22:23:50.705149Z[0m [34mDEBUG[0m [1mController[0m[1m{[0m[3mproof_id[0m[2m=[0mproof_01m2kb91v9egga9yypcwvj99mg [3mtask_id[0m[2m=[0mlocal_worker_01m2kb91vje0h9884c5b5mxpp4[1m}[0m[2m:[0m[1mreduce[0m[2m:[0m [2msp1_prover::worker::controller::compress[0m[2m:[0m Checking if complete: Pending tasks: 1, map is empty: true, full range is some: false, is_range_equal: false
[2m2026-09-15T22:25:24.459622Z[0m [34mDEBUG[0m [1mProveShard[0m[1m{[0m[3mproof_id[0m[2m=[0mproof_01m2kb91v9egga9yypcwvj99mg [3mtask_id[0m[2m=[0mlocal_worker_01m2khvyate6ss1bntjhq3rm80[1m}[0m[2m:[0m [2msp1_prover::worker::node::full::init[0m[2m:[0m task succeeded
[2m2026-09-15T22:25:24.460263Z[0m [34mDEBUG[0m [1mCoreExecute[0m[1m{[0m[3mproof_id[0m[2m=[0mproof_01m2kb91v9egga9yypcwvj99mg [3mtask_id[0m[2m=[0mlocal_worker_01m2kb9chkez19hnxxwd2t5t4q[1m}[0m[2m:[0m[1memit precompile shards[0m[2m:[0m[1mdeferred sender[0m[2m:[0m [2msp1_prover::worker::controller::precompiles[0m[2m:[0m received deferred marker task status: Succeeded [3mtask_id[0m[2m=[0m"local_worker_01m2kfsck8emr9w4yrnqrzp9qv"
[2m2026-09-15T22:25:24.460870Z[0m [34mDEBUG[0m [1mCoreExecute[0m[1m{[0m[3mproof_id[0m[2m=[0mproof_01m2kb91v9egga9yypcwvj99mg [3mtask_id[0m[2m=[0mlocal_worker_01m2kb9chkez19hnxxwd2t5t4q[1m}[0m[2m:[0m[1memit precompile shards[0m[2m:[0m[1mdeferred sender[0m[2m:[0m [2msp1_prover::worker::client::local[0m[2m:[0m submitting task of kind ProveShard
[2m2026-09-15T22:25:24.498818Z[0m [34mDEBUG[0m [1mProveShard[0m[1m{[0m[3mproof_id[0m[2m=[0mproof_01m2kb91v9egga9yypcwvj99mg [3mtask_id[0m[2m=[0mlocal_worker_01m2khzs0gf09r64man91jry3x[1m}[0m[2m:[0m[1minto_record[0m[2m:[0m [2msp1_prover::worker::prover::core[0m[2m:[0m precompile events: code SECP256K1_DOUBLE
[2m2026-09-15T22:27:27.318927Z[0m [34mDEBUG[0m [1mProveShard[0m[1m{[0m[3mproof_id[0m[2m=[0mproof_01m2kb91v9egga9yypcwvj99mg [3mtask_id[0m[2m=[0mlocal_worker_01m2khzs0gf09r64man91jry3x[1m}[0m[2m:[0m [2msp1_prover::worker::node::full::init[0m[2m:[0m task succeeded
[2m2026-09-15T22:27:27.319639Z[0m [34mDEBUG[0m [1mController[0m[1m{[0m[3mproof_id[0m[2m=[0mproof_01m2kb91v9egga9yypcwvj99mg [3mtask_id[0m[2m=[0mlocal_worker_01m2kb91vje0h9884c5b5mxpp4[1m}[0m[2m:[0m[1mreduce[0m[2m:[0m [2msp1_prover::worker::controller::compress[0m[2m:[0m Checking if complete: Pending tasks: 1, map is empty: false, full range is some: false, is_range_equal: false
[2m2026-09-15T22:27:27.319660Z[0m [34mDEBUG[0m [1mController[0m[1m{[0m[3mproof_id[0m[2m=[0mproof_01m2kb91v9egga9yypcwvj99mg [3mtask_id[0m[2m=[0mlocal_worker_01m2kb91vje0h9884c5b5mxpp4[1m}[0m[2m:[0m[1mreduce[0m[2m:[0m [2msp1_prover::worker::controller::compress[0m[2m:[0m Found sibling
[2m2026-09-15T22:27:27.319665Z[0m [34mDEBUG[0m [1mController[0m[1m{[0m[3mproof_id[0m[2m=[0mproof_01m2kb91v9egga9yypcwvj99mg [3mtask_id[0m[2m=[0mlocal_worker_01m2kb91vje0h9884c5b5mxpp4[1m}[0m[2m:[0m[1mreduce[0m[2m:[0m [2msp1_prover::worker::controller::compress[0m[2m:[0m Checking if complete: Pending tasks: 1, map is empty: true, full range is some: false, is_range_equal: false
[2m2026-09-15T22:27:27.319686Z[0m [34mDEBUG[0m [1mController[0m[1m{[0m[3mproof_id[0m[2m=[0mproof_01m2kb91v9egga9yypcwvj99mg [3mtask_id[0m[2m=[0mlocal_worker_01m2kb91vje0h9884c5b5mxpp4[1m}[0m[2m:[0m[1mreduce[0m[2m:[0m [2msp1_prover::worker::client::local[0m[2m:[0m submitting task of kind RecursionReduce
[2m2026-09-15T22:27:27.319730Z[0m [34mDEBUG[0m [1mCoreExecute[0m[1m{[0m[3mproof_id[0m[2m=[0mproof_01m2kb91v9egga9yypcwvj99mg [3mtask_id[0m[2m=[0mlocal_worker_01m2kb9chkez19hnxxwd2t5t4q[1m}[0m[2m:[0m[1memit precompile shards[0m[2m:[0m[1mdeferred listener[0m[2m:[0m [2msp1_prover::worker::controller::precompiles[0m[2m:[0m received deferred message with task id TaskId("local_worker_01m2kjgbnje6sbghzd39mk5d53")
[2m2026-09-15T22:27:27.320066Z[0m [34mDEBUG[0m [1mCoreExecute[0m[1m{[0m[3mproof_id[0m[2m=[0mproof_01m2kb91v9egga9yypcwvj99mg [3mtask_id[0m[2m=[0mlocal_worker_01m2kb9chkez19hnxxwd2t5t4q[1m}[0m[2m:[0m[1mminimal executor[0m[2m:[0m[1msplicing[0m[1m{[0m[3midx[0m[2m=[0m0[1m}[0m[2m:[0m[1msplicing trace chunk[0m[2m:[0m [2msp1_prover::worker::controller::splicing[0m[2m:[0m spliced trace sent to splicing tx [3mglobal_clk[0m[2m=[0m20958267
[2m2026-09-15T22:27:27.320108Z[0m [34mDEBUG[0m [1mCoreExecute[0m[1m{[0m[3mproof_id[0m[2m=[0mproof_01m2kb91v9egga9yypcwvj99mg [3mtask_id[0m[2m=[0mlocal_worker_01m2kb9chkez19hnxxwd2t5t4q[1m}[0m[2m:[0m[1mminimal executor[0m[2m:[0m[1msplicing[0m[1m{[0m[3midx[0m[2m=[0m0[1m}[0m[2m:[0m[1msplicing trace chunk[0m[2m:[0m [2msp1_prover::worker::controller::splicing[0m[2m:[0m starting new shard at clk: 174429401 at pc: 2014484228
[2m2026-09-15T22:27:27.323411Z[0m [34mDEBUG[0m [1mCoreExecute[0m[1m{[0m[3mproof_id[0m[2m=[0mproof_01m2kb91v9egga9yypcwvj99mg [3mtask_id[0m[2m=[0mlocal_worker_01m2kb9chkez19hnxxwd2t5t4q[1m}[0m[2m:[0m[1mminimal executor[0m[2m:[0m[1msplicing[0m[1m{[0m[3midx[0m[2m=[0m0[1m}[0m[2m:[0m[1mget splices to serialize[0m[2m:[0m[1msend splice[0m[2m:[0m [2msp1_prover::worker::client::local[0m[2m:[0m submitting task of kind MarkerDeferredRecord
[2m2026-09-15T22:27:27.330839Z[0m [34mDEBUG[0m [1mCoreExecute[0m[1m{[0m[3mproof_id[0m[2m=[0mproof_01m2kb91v9egga9yypcwvj99mg [3mtask_id[0m[2m=[0mlocal_worker_01m2kb9chkez19hnxxwd2t5t4q[1m}[0m[2m:[0m[1mminimal executor[0m[2m:[0m[1msplicing[0m[1m{[0m[3midx[0m[2m=[0m0[1m}[0m[2m:[0m[1mget splices to serialize[0m[2m:[0m[1msend splice[0m[2m:[0m [2msp1_prover::worker::client::local[0m[2m:[0m submitting task of kind ProveShard
[2m2026-09-15T22:27:27.349848Z[0m [34mDEBUG[0m [1mCoreExecute[0m[1m{[0m[3mproof_id[0m[2m=[0mproof_01m2kb91v9egga9yypcwvj99mg [3mtask_id[0m[2m=[0mlocal_worker_01m2kb9chkez19hnxxwd2t5t4q[1m}[0m[2m:[0m[1mminimal executor[0m[2m:[0m[1msplicing[0m[1m{[0m[3midx[0m[2m=[0m0[1m}[0m[2m:[0m[1msplicing trace chunk[0m[2m:[0m [2msp1_prover::worker::controller::splicing[0m[2m:[0m shard boundary [3mglobal_clk[0m[2m=[0m21339113 [3mpc[0m[2m=[0m2014747520 [3mnum_mem_reads_left[0m[2m=[0m232716 [3mclk[0m[2m=[0m177476169
[2m2026-09-15T22:27:27.349937Z[0m [34mDEBUG[0m [1mCoreExecute[0m[1m{[0m[3mproof_id[0m[2m=[0mproof_01m2kb91v9egga9yypcwvj99mg [3mtask_id[0m[2m=[0mlocal_worker_01m2kb9chkez19hnxxwd2t5t4q[1m}[0m[2m:[0m[1mminimal executor[0m[2m:[0m[1msplicing[0m[1m{[0m[3midx[0m[2m=[0m0[1m}[0m[2m:[0m[1msplicing trace chunk[0m[2m:[0m [2msp1_prover::worker::controller::splicing[0m[2m:[0m sending spliced trace to splicing tx [3mglobal_clk[0m[2m=[0m21339113
[2m2026-09-15T22:27:27.383177Z[0m [34mDEBUG[0m [1mProveShard[0m[1m{[0m[3mproof_id[0m[2m=[0mproof_01m2kb91v9egga9yypcwvj99mg [3mtask_id[0m[2m=[0mlocal_worker_01m2kj3ebwfa8anqkxpcb9y4pq[1m}[0m[2m:[0m[1minto_record[0m[2m:[0m [2msp1_prover::worker::prover::core[0m[2m:[0m tracing chunk at clk range: 143362417..146476929
[2m2026-09-15T22:28:56.974858Z[0m [34mDEBUG[0m [1mRecursionReduce[0m[1m{[0m[3mproof_id[0m[2m=[0mproof_01m2kb91v9egga9yypcwvj99mg [3mtask_id[0m[2m=[0mlocal_worker_01m2kjx9eqewgteng99s61dxve[1m}[0m[2m:[0m [2msp1_prover::worker::node::full::init[0m[2m:[0m task succeeded
[2m2026-09-15T22:28:56.974925Z[0m [34mDEBUG[0m [1mController[0m[1m{[0m[3mproof_id[0m[2m=[0mproof_01m2kb91v9egga9yypcwvj99mg [3mtask_id[0m[2m=[0mlocal_worker_01m2kb91vje0h9884c5b5mxpp4[1m}[0m[2m:[0m[1mreduce[0m[2m:[0m [2msp1_prover::worker::controller::compress[0m[2m:[0m Checking if complete: Pending tasks: 1, map is empty: true, full range is some: false, is_range_equal: false
[2m2026-09-15T22:28:56.974935Z[0m [34mDEBUG[0m [1mController[0m[1m{[0m[3mproof_id[0m[2m=[0mproof_01m2kb91v9egga9yypcwvj99mg [3mtask_id[0m[2m=[0mlocal_worker_01m2kb91vje0h9884c5b5mxpp4[1m}[0m[2m:[0m[1mreduce[0m[2m:[0m [2msp1_prover::worker::controller::compress[0m[2m:[0m No neighboring range found, adding proof to tree
[2m2026-09-15T22:30:25.504704Z[0m [34mDEBUG[0m [1mProveShard[0m[1m{[0m[3mproof_id[0m[2m=[0mproof_01m2kb91v9egga9yypcwvj99mg [3mtask_id[0m[2m=[0mlocal_worker_01m2kj3ebwfa8anqkxpcb9y4pq[1m}[0m[2m:[0m [2msp1_prover::worker::node::full::init[0m[2m:[0m task succeeded
[2m2026-09-15T22:30:25.505457Z[0m [34mDEBUG[0m [1mCoreExecute[0m[1m{[0m[3mproof_id[0m[2m=[0mproof_01m2kb91v9egga9yypcwvj99mg [3mtask_id[0m[2m=[0mlocal_worker_01m2kb9chkez19hnxxwd2t5t4q[1m}[0m[2m:[0m[1memit precompile shards[0m[2m:[0m[1mdeferred listener[0m[2m:[0m [2msp1_prover::worker::controller::precompiles[0m[2m:[0m received deferred message with task id TaskId("local_worker_01m2kjm5aqez08x3hjsh2sxyg0")
[2m2026-09-15T22:30:25.505570Z[0m [34mDEBUG[0m [1mCoreExecute[0m[1m{[0m[3mproof_id[0m[2m=[0mproof_01m2kb91v9egga9yypcwvj99mg [3mtask_id[0m[2m=[0mlocal_worker_01m2kb9chkez19hnxxwd2t5t4q[1m}[0m[2m:[0m[1mminimal executor[0m[2m:[0m[1msplicing[0m[1m{[0m[3midx[0m[2m=[0m0[1m}[0m[2m:[0m[1msplicing trace chunk[0m[2m:[0m [2msp1_prover::worker::controller::splicing[0m[2m:[0m spliced trace sent to splicing tx [3mglobal_clk[0m[2m=[0m21339113
[2m2026-09-15T22:30:25.505586Z[0m [34mDEBUG[0m [1mCoreExecute[0m[1m{[0m[3mproof_id[0m[2m=[0mproof_01m2kb91v9egga9yypcwvj99mg [3mtask_id[0m[2m=[0mlocal_worker_01m2kb9chkez19hnxxwd2t5t4q[1m}[0m[2m:[0m[1mminimal executor[0m[2m:[0m[1msplicing[0m[1m{[0m[3midx[0m[2m=[0m0[1m}[0m[2m:[0m[1msplicing trace chunk[0m[2m:[0m [2msp1_prover::worker::controller::splicing[0m[2m:[0m starting new shard at clk: 177476169 at pc: 2014747520
[2m2026-09-15T22:30:25.506637Z[0m [34mDEBUG[0m [1mCoreExecute[0m[1m{[0m[3mproof_id[0m[2m=[0mproof_01m2kb91v9egga9yypcwvj99mg [3mtask_id[0m[2m=[0mlocal_worker_01m2kb9chkez19hnxxwd2t5t4q[1m}[0m[2m:[0m[1mminimal executor[0m[2m:[0m[1msplicing[0m[1m{[0m[3midx[0m[2m=[0m0[1m}[0m[2m:[0m[1mget splices to serialize[0m[2m:[0m[1msend splice[0m[2m:[0m [2msp1_prover::worker::client::local[0m[2m:[0m submitting task of kind MarkerDeferredRecord
[2m2026-09-15T22:30:25.514060Z[0m [34mDEBUG[0m [1mCoreExecute[0m[1m{[0m[3mproof_id[0m[2m=[0mproof_01m2kb91v9egga9yypcwvj99mg [3mtask_id[0m[2m=[0mlocal_worker_01m2kb9chkez19hnxxwd2t5t4q[1m}[0m[2m:[0m[1mminimal executor[0m[2m:[0m[1msplicing[0m[1m{[0m[3midx[0m[2m=[0m0[1m}[0m[2m:[0m[1mget splices to serialize[0m[2m:[0m[1msend splice[0m[2m:[0m [2msp1_prover::worker::client::local[0m[2m:[0m submitting task of kind ProveShard
[2m2026-09-15T22:30:25.525964Z[0m [34mDEBUG[0m [1mCoreExecute[0m[1m{[0m[3mproof_id[0m[2m=[0mproof_01m2kb91v9egga9yypcwvj99mg [3mtask_id[0m[2m=[0mlocal_worker_01m2kb9chkez19hnxxwd2t5t4q[1m}[0m[2m:[0m[1mminimal executor[0m[2m:[0m[1msplicing[0m[1m{[0m[3midx[0m[2m=[0m0[1m}[0m[2m:[0m[1msplicing trace chunk[0m[2m:[0m [2msp1_prover::worker::controller::splicing[0m[2m:[0m shard boundary [3mglobal_clk[0m[2m=[0m21718077 [3mpc[0m[2m=[0m2014747036 [3mnum_mem_reads_left[0m[2m=[0m166686 [3mclk[0m[2m=[0m180507881
[2m2026-09-15T22:30:25.525986Z[0m [34mDEBUG[0m [1mCoreExecute[0m[1m{[0m[3mproof_id[0m[2m=[0mproof_01m2kb91v9egga9yypcwvj99mg [3mtask_id[0m[2m=[0mlocal_worker_01m2kb9chkez19hnxxwd2t5t4q[1m}[0m[2m:[0m[1mminimal executor[0m[2m:[0m[1msplicing[0m[1m{[0m[3midx[0m[2m=[0m0[1m}[0m[2m:[0m[1msplicing trace chunk[0m[2m:[0m [2msp1_prover::worker::controller::splicing[0m[2m:[0m sending spliced trace to splicing tx [3mglobal_clk[0m[2m=[0m21718077
[2m2026-09-15T22:30:25.553228Z[0m [34mDEBUG[0m [1mProveShard[0m[1m{[0m[3mproof_id[0m[2m=[0mproof_01m2kb91v9egga9yypcwvj99mg [3mtask_id[0m[2m=[0mlocal_worker_01m2kj8xsqe90bsv29x6dgn21w[1m}[0m[2m:[0m[1minto_record[0m[2m:[0m [2msp1_prover::worker::prover::core[0m[2m:[0m tracing chunk at clk range: 146476929..149639673
[2m2026-09-15T22:32:29.975277Z[0m [34mDEBUG[0m [1mProveShard[0m[1m{[0m[3mproof_id[0m[2m=[0mproof_01m2kb91v9egga9yypcwvj99mg [3mtask_id[0m[2m=[0mlocal_worker_01m2kj8xsqe90bsv29x6dgn21w[1m}[0m[2m:[0m [2msp1_prover::worker::node::full::init[0m[2m:[0m task succeeded
[2m2026-09-15T22:32:29.975885Z[0m [34mDEBUG[0m [1mCoreExecute[0m[1m{[0m[3mproof_id[0m[2m=[0mproof_01m2kb91v9egga9yypcwvj99mg [3mtask_id[0m[2m=[0mlocal_worker_01m2kb9chkez19hnxxwd2t5t4q[1m}[0m[2m:[0m[1memit precompile shards[0m[2m:[0m[1mdeferred sender[0m[2m:[0m [2msp1_prover::worker::client::local[0m[2m:[0m submitting task of kind ProveShard
[2m2026-09-15T22:32:30.019781Z[0m [34mDEBUG[0m [1mProveShard[0m[1m{[0m[3mproof_id[0m[2m=[0mproof_01m2kb91v9egga9yypcwvj99mg [3mtask_id[0m[2m=[0mlocal_worker_01m2kjcqm3fhgrxa1xvgkbtmab[1m}[0m[2m:[0m[1minto_record[0m[2m:[0m [2msp1_prover::worker::prover::core[0m[2m:[0m precompile events: code SECP256K1_ADD
[2m2026-09-15T22:34:31.719826Z[0m [34mDEBUG[0m [1mProveShard[0m[1m{[0m[3mproof_id[0m[2m=[0mproof_01m2kb91v9egga9yypcwvj99mg [3mtask_id[0m[2m=[0mlocal_worker_01m2kjcqm3fhgrxa1xvgkbtmab[1m}[0m[2m:[0m [2msp1_prover::worker::node::full::init[0m[2m:[0m task succeeded
[2m2026-09-15T22:34:31.720518Z[0m [34mDEBUG[0m [1mCoreExecute[0m[1m{[0m[3mproof_id[0m[2m=[0mproof_01m2kb91v9egga9yypcwvj99mg [3mtask_id[0m[2m=[0mlocal_worker_01m2kb9chkez19hnxxwd2t5t4q[1m}[0m[2m:[0m[1memit precompile shards[0m[2m:[0m[1mdeferred listener[0m[2m:[0m [2msp1_prover::worker::controller::precompiles[0m[2m:[0m received deferred message with task id TaskId("local_worker_01m2kjx9evfa8t08wwq67a5jdp")
[2m2026-09-15T22:34:31.720788Z[0m [34mDEBUG[0m [1mCoreExecute[0m[1m{[0m[3mproof_id[0m[2m=[0mproof_01m2kb91v9egga9yypcwvj99mg [3mtask_id[0m[2m=[0mlocal_worker_01m2kb9chkez19hnxxwd2t5t4q[1m}[0m[2m:[0m[1mminimal executor[0m[2m:[0m[1msplicing[0m[1m{[0m[3midx[0m[2m=[0m0[1m}[0m[2m:[0m[1msplicing trace chunk[0m[2m:[0m [2msp1_prover::worker::controller::splicing[0m[2m:[0m spliced trace sent to splicing tx [3mglobal_clk[0m[2m=[0m21718077
[2m2026-09-15T22:34:31.721693Z[0m [34mDEBUG[0m [1mCoreExecute[0m[1m{[0m[3mproof_id[0m[2m=[0mproof_01m2kb91v9egga9yypcwvj99mg [3mtask_id[0m[2m=[0mlocal_worker_01m2kb9chkez19hnxxwd2t5t4q[1m}[0m[2m:[0m[1mminimal executor[0m[2m:[0m[1msplicing[0m[1m{[0m[3midx[0m[2m=[0m0[1m}[0m[2m:[0m[1mget splices to serialize[0m[2m:[0m[1msend splice[0m[2m:[0m [2msp1_prover::worker::client::local[0m[2m:[0m submitting task of kind MarkerDeferredRecord
[2m2026-09-15T22:34:31.721703Z[0m [34mDEBUG[0m [1mCoreExecute[0m[1m{[0m[3mproof_id[0m[2m=[0mproof_01m2kb91v9egga9yypcwvj99mg [3mtask_id[0m[2m=[0mlocal_worker_01m2kb9chkez19hnxxwd2t5t4q[1m}[0m[2m:[0m[1mminimal executor[0m[2m:[0m[1msplicing[0m[1m{[0m[3midx[0m[2m=[0m0[1m}[0m[2m:[0m[1msplicing trace chunk[0m[2m:[0m [2msp1_prover::worker::controller::splicing[0m[2m:[0m starting new shard at clk: 180507881 at pc: 2014747036
[2m2026-09-15T22:34:31.726740Z[0m [34mDEBUG[0m [1mCoreExecute[0m[1m{[0m[3mproof_id[0m[2m=[0mproof_01m2kb91v9egga9yypcwvj99mg [3mtask_id[0m[2m=[0mlocal_worker_01m2kb9chkez19hnxxwd2t5t4q[1m}[0m[2m:[0m[1mminimal executor[0m[2m:[0m[1msplicing[0m[1m{[0m[3midx[0m[2m=[0m0[1m}[0m[2m:[0m[1mget splices to serialize[0m[2m:[0m[1msend splice[0m[2m:[0m [2msp1_prover::worker::client::local[0m[2m:[0m submitting task of kind ProveShard
[2m2026-09-15T22:34:31.741237Z[0m [34mDEBUG[0m [1mCoreExecute[0m[1m{[0m[3mproof_id[0m[2m=[0mproof_01m2kb91v9egga9yypcwvj99mg [3mtask_id[0m[2m=[0mlocal_worker_01m2kb9chkez19hnxxwd2t5t4q[1m}[0m[2m:[0m[1mminimal executor[0m[2m:[0m[1msplicing[0m[1m{[0m[3midx[0m[2m=[0m0[1m}[0m[2m:[0m[1msplicing trace chunk[0m[2m:[0m [2msp1_prover::worker::controller::splicing[0m[2m:[0m shard boundary [3mglobal_clk[0m[2m=[0m22095960 [3mpc[0m[2m=[0m2014747168 [3mnum_mem_reads_left[0m[2m=[0m100611 [3mclk[0m[2m=[0m183530945
[2m2026-09-15T22:34:31.741273Z[0m [34mDEBUG[0m [1mCoreExecute[0m[1m{[0m[3mproof_id[0m[2m=[0mproof_01m2kb91v9egga9yypcwvj99mg [3mtask_id[0m[2m=[0mlocal_worker_01m2kb9chkez19hnxxwd2t5t4q[1m}[0m[2m:[0m[1mminimal executor[0m[2m:[0m[1msplicing[0m[1m{[0m[3midx[0m[2m=[0m0[1m}[0m[2m:[0m[1msplicing trace chunk[0m[2m:[0m [2msp1_prover::worker::controller::splicing[0m[2m:[0m sending spliced trace to splicing tx [3mglobal_clk[0m[2m=[0m22095960
[2m2026-09-15T22:34:31.767892Z[0m [34mDEBUG[0m [1mProveShard[0m[1m{[0m[3mproof_id[0m[2m=[0mproof_01m2kb91v9egga9yypcwvj99mg [3mtask_id[0m[2m=[0mlocal_worker_01m2kjgbnqfh187xxccj0ga9h2[1m}[0m[2m:[0m[1minto_record[0m[2m:[0m [2msp1_prover::worker::prover::core[0m[2m:[0m tracing chunk at clk range: 149639673..152788529
[2m2026-09-15T22:36:38.310142Z[0m [34mDEBUG[0m [1mProveShard[0m[1m{[0m[3mproof_id[0m[2m=[0mproof_01m2kb91v9egga9yypcwvj99mg [3mtask_id[0m[2m=[0mlocal_worker_01m2kjgbnqfh187xxccj0ga9h2[1m}[0m[2m:[0m [2msp1_prover::worker::node::full::init[0m[2m:[0m task succeeded
[2m2026-09-15T22:36:38.310987Z[0m [34mDEBUG[0m [1mController[0m[1m{[0m[3mproof_id[0m[2m=[0mproof_01m2kb91v9egga9yypcwvj99mg [3mtask_id[0m[2m=[0mlocal_worker_01m2kb91vje0h9884c5b5mxpp4[1m}[0m[2m:[0m[1mreduce[0m[2m:[0m [2msp1_prover::worker::controller::compress[0m[2m:[0m Checking if complete: Pending tasks: 1, map is empty: false, full range is some: false, is_range_equal: false
[2m2026-09-15T22:36:38.311010Z[0m [34mDEBUG[0m [1mController[0m[1m{[0m[3mproof_id[0m[2m=[0mproof_01m2kb91v9egga9yypcwvj99mg [3mtask_id[0m[2m=[0mlocal_worker_01m2kb91vje0h9884c5b5mxpp4[1m}[0m[2m:[0m[1mreduce[0m[2m:[0m [2msp1_prover::worker::controller::compress[0m[2m:[0m Found sibling
[2m2026-09-15T22:36:38.311017Z[0m [34mDEBUG[0m [1mController[0m[1m{[0m[3mproof_id[0m[2m=[0mproof_01m2kb91v9egga9yypcwvj99mg [3mtask_id[0m[2m=[0mlocal_worker_01m2kb91vje0h9884c5b5mxpp4[1m}[0m[2m:[0m[1mreduce[0m[2m:[0m [2msp1_prover::worker::controller::compress[0m[2m:[0m Checking if complete: Pending tasks: 1, map is empty: true, full range is some: false, is_range_equal: false
[2m2026-09-15T22:36:38.311044Z[0m [34mDEBUG[0m [1mCoreExecute[0m[1m{[0m[3mproof_id[0m[2m=[0mproof_01m2kb91v9egga9yypcwvj99mg [3mtask_id[0m[2m=[0mlocal_worker_01m2kb9chkez19hnxxwd2t5t4q[1m}[0m[2m:[0m[1memit precompile shards[0m[2m:[0m[1mdeferred listener[0m[2m:[0m [2msp1_prover::worker::controller::precompiles[0m[2m:[0m received deferred message with task id TaskId("local_worker_01m2kk2qf2fg8sg3j38n6c0g63")
[2m2026-09-15T22:36:38.312202Z[0m [34mDEBUG[0m [1mCoreExecute[0m[1m{[0m[3mproof_id[0m[2m=[0mproof_01m2kb91v9egga9yypcwvj99mg [3mtask_id[0m[2m=[0mlocal_worker_01m2kb9chkez19hnxxwd2t5t4q[1m}[0m[2m:[0m[1mminimal executor[0m[2m:[0m[1msplicing[0m[1m{[0m[3midx[0m[2m=[0m0[1m}[0m[2m:[0m[1mget splices to serialize[0m[2m:[0m[1msend splice[0m[2m:[0m [2msp1_prover::worker::client::local[0m[2m:[0m submitting task of kind MarkerDeferredRecord
[2m2026-09-15T22:36:38.313780Z[0m [34mDEBUG[0m [1mCoreExecute[0m[1m{[0m[3mproof_id[0m[2m=[0mproof_01m2kb91v9egga9yypcwvj99mg [3mtask_id[0m[2m=[0mlocal_worker_01m2kb9chkez19hnxxwd2t5t4q[1m}[0m[2m:[0m[1mminimal executor[0m[2m:[0m[1msplicing[0m[1m{[0m[3midx[0m[2m=[0m0[1m}[0m[2m:[0m[1msplicing trace chunk[0m[2m:[0m [2msp1_prover::worker::controller::splicing[0m[2m:[0m spliced trace sent to splicing tx [3mglobal_clk[0m[2m=[0m22095960
[2m2026-09-15T22:36:38.313800Z[0m [34mDEBUG[0m [1mCoreExecute[0m[1m{[0m[3mproof_id[0m[2m=[0mproof_01m2kb91v9egga9yypcwvj99mg [3mtask_id[0m[2m=[0mlocal_worker_01m2kb9chkez19hnxxwd2t5t4q[1m}[0m[2m:[0m[1mminimal executor[0m[2m:[0m[1msplicing[0m[1m{[0m[3midx[0m[2m=[0m0[1m}[0m[2m:[0m[1msplicing trace chunk[0m[2m:[0m [2msp1_prover::worker::controller::splicing[0m[2m:[0m starting new shard at clk: 183530945 at pc: 2014747168
[2m2026-09-15T22:36:38.320463Z[0m [34mDEBUG[0m [1mCoreExecute[0m[1m{[0m[3mproof_id[0m[2m=[0mproof_01m2kb91v9egga9yypcwvj99mg [3mtask_id[0m[2m=[0mlocal_worker_01m2kb9chkez19hnxxwd2t5t4q[1m}[0m[2m:[0m[1mminimal executor[0m[2m:[0m[1msplicing[0m[1m{[0m[3midx[0m[2m=[0m0[1m}[0m[2m:[0m[1mget splices to serialize[0m[2m:[0m[1msend splice[0m[2m:[0m [2msp1_prover::worker::client::local[0m[2m:[0m submitting task of kind ProveShard
[2m2026-09-15T22:36:38.336532Z[0m [34mDEBUG[0m [1mCoreExecute[0m[1m{[0m[3mproof_id[0m[2m=[0mproof_01m2kb91v9egga9yypcwvj99mg [3mtask_id[0m[2m=[0mlocal_worker_01m2kb9chkez19hnxxwd2t5t4q[1m}[0m[2m:[0m[1mminimal executor[0m[2m:[0m[1msplicing[0m[1m{[0m[3midx[0m[2m=[0m0[1m}[0m[2m:[0m[1msplicing trace chunk[0m[2m:[0m [2msp1_prover::worker::controller::splicing[0m[2m:[0m shard boundary [3mglobal_clk[0m[2m=[0m22475644 [3mpc[0m[2m=[0m2014747616 [3mnum_mem_reads_left[0m[2m=[0m34418 [3mclk[0m[2m=[0m186568417
[2m2026-09-15T22:36:38.336566Z[0m [34mDEBUG[0m [1mCoreExecute[0m[1m{[0m[3mproof_id[0m[2m=[0mproof_01m2kb91v9egga9yypcwvj99mg [3mtask_id[0m[2m=[0mlocal_worker_01m2kb9chkez19hnxxwd2t5t4q[1m}[0m[2m:[0m[1mminimal executor[0m[2m:[0m[1msplicing[0m[1m{[0m[3midx[0m[2m=[0m0[1m}[0m[2m:[0m[1msplicing trace chunk[0m[2m:[0m [2msp1_prover::worker::controller::splicing[0m[2m:[0m sending spliced trace to splicing tx [3mglobal_clk[0m[2m=[0m22475644
[2m2026-09-15T22:36:38.358391Z[0m [34mDEBUG[0m [1mProveShard[0m[1m{[0m[3mproof_id[0m[2m=[0mproof_01m2kb91v9egga9yypcwvj99mg [3mtask_id[0m[2m=[0mlocal_worker_01m2kjm5b6e78t7hhyp52q9vyr[1m}[0m[2m:[0m[1minto_record[0m[2m:[0m [2msp1_prover::worker::prover::core[0m[2m:[0m tracing chunk at clk range: 152788529..155888457
[2m2026-09-15T22:38:42.105474Z[0m [34mDEBUG[0m [1mProveShard[0m[1m{[0m[3mproof_id[0m[2m=[0mproof_01m2kb91v9egga9yypcwvj99mg [3mtask_id[0m[2m=[0mlocal_worker_01m2kjm5b6e78t7hhyp52q9vyr[1m}[0m[2m:[0m [2msp1_prover::worker::node::full::init[0m[2m:[0m task succeeded
[2m2026-09-15T22:38:42.106084Z[0m [34mDEBUG[0m [1mCoreExecute[0m[1m{[0m[3mproof_id[0m[2m=[0mproof_01m2kb91v9egga9yypcwvj99mg [3mtask_id[0m[2m=[0mlocal_worker_01m2kb9chkez19hnxxwd2t5t4q[1m}[0m[2m:[0m[1memit precompile shards[0m[2m:[0m[1mdeferred sender[0m[2m:[0m [2msp1_prover::worker::controller::precompiles[0m[2m:[0m received deferred marker task status: Succeeded [3mtask_id[0m[2m=[0m"local_worker_01m2kg2jmnea197r1n3dky4fpc"
[2m2026-09-15T22:38:42.106102Z[0m [34mDEBUG[0m [1mController[0m[1m{[0m[3mproof_id[0m[2m=[0mproof_01m2kb91v9egga9yypcwvj99mg [3mtask_id[0m[2m=[0mlocal_worker_01m2kb91vje0h9884c5b5mxpp4[1m}[0m[2m:[0m[1mreduce[0m[2m:[0m [2msp1_prover::worker::controller::compress[0m[2m:[0m Checking if complete: Pending tasks: 1, map is empty: false, full range is some: false, is_range_equal: false
[2m2026-09-15T22:38:42.106116Z[0m [34mDEBUG[0m [1mController[0m[1m{[0m[3mproof_id[0m[2m=[0mproof_01m2kb91v9egga9yypcwvj99mg [3mtask_id[0m[2m=[0mlocal_worker_01m2kb91vje0h9884c5b5mxpp4[1m}[0m[2m:[0m[1mreduce[0m[2m:[0m [2msp1_prover::worker::controller::compress[0m[2m:[0m Found sibling
[2m2026-09-15T22:38:42.106121Z[0m [34mDEBUG[0m [1mController[0m[1m{[0m[3mproof_id[0m[2m=[0mproof_01m2kb91v9egga9yypcwvj99mg [3mtask_id[0m[2m=[0mlocal_worker_01m2kb91vje0h9884c5b5mxpp4[1m}[0m[2m:[0m[1mreduce[0m[2m:[0m [2msp1_prover::worker::controller::compress[0m[2m:[0m Checking if complete: Pending tasks: 1, map is empty: true, full range is some: false, is_range_equal: false
[2m2026-09-15T22:38:42.106128Z[0m [34mDEBUG[0m [1mController[0m[1m{[0m[3mproof_id[0m[2m=[0mproof_01m2kb91v9egga9yypcwvj99mg [3mtask_id[0m[2m=[0mlocal_worker_01m2kb91vje0h9884c5b5mxpp4[1m}[0m[2m:[0m[1mreduce[0m[2m:[0m [2msp1_prover::worker::controller::compress[0m[2m:[0m Checking if complete: Pending tasks: 1, map is empty: false, full range is some: false, is_range_equal: false
[2m2026-09-15T22:38:42.106133Z[0m [34mDEBUG[0m [1mController[0m[1m{[0m[3mproof_id[0m[2m=[0mproof_01m2kb91v9egga9yypcwvj99mg [3mtask_id[0m[2m=[0mlocal_worker_01m2kb91vje0h9884c5b5mxpp4[1m}[0m[2m:[0m[1mreduce[0m[2m:[0m [2msp1_prover::worker::controller::compress[0m[2m:[0m Found sibling
[2m2026-09-15T22:38:42.106137Z[0m [34mDEBUG[0m [1mController[0m[1m{[0m[3mproof_id[0m[2m=[0mproof_01m2kb91v9egga9yypcwvj99mg [3mtask_id[0m[2m=[0mlocal_worker_01m2kb91vje0h9884c5b5mxpp4[1m}[0m[2m:[0m[1mreduce[0m[2m:[0m [2msp1_prover::worker::controller::compress[0m[2m:[0m Checking if complete: Pending tasks: 1, map is empty: true, full range is some: false, is_range_equal: false
[2m2026-09-15T22:38:42.106159Z[0m [34mDEBUG[0m [1mController[0m[1m{[0m[3mproof_id[0m[2m=[0mproof_01m2kb91v9egga9yypcwvj99mg [3mtask_id[0m[2m=[0mlocal_worker_01m2kb91vje0h9884c5b5mxpp4[1m}[0m[2m:[0m[1mreduce[0m[2m:[0m [2msp1_prover::worker::client::local[0m[2m:[0m submitting task of kind RecursionReduce
[2m2026-09-15T22:38:42.106262Z[0m [34mDEBUG[0m [1mCoreExecute[0m[1m{[0m[3mproof_id[0m[2m=[0mproof_01m2kb91v9egga9yypcwvj99mg [3mtask_id[0m[2m=[0mlocal_worker_01m2kb9chkez19hnxxwd2t5t4q[1m}[0m[2m:[0m[1memit precompile shards[0m[2m:[0m[1mdeferred sender[0m[2m:[0m [2msp1_prover::worker::client::local[0m[2m:[0m submitting task of kind ProveShard
[2m2026-09-15T22:38:42.147426Z[0m [34mDEBUG[0m [1mProveShard[0m[1m{[0m[3mproof_id[0m[2m=[0mproof_01m2kb91v9egga9yypcwvj99mg [3mtask_id[0m[2m=[0mlocal_worker_01m2kjshfcfdr8nkmb820pbhn4[1m}[0m[2m:[0m[1minto_record[0m[2m:[0m [2msp1_prover::worker::prover::core[0m[2m:[0m precompile events: code SECP256K1_DOUBLE
[2m2026-09-15T22:40:34.361067Z[0m [34mDEBUG[0m [1mRecursionReduce[0m[1m{[0m[3mproof_id[0m[2m=[0mproof_01m2kb91v9egga9yypcwvj99mg [3mtask_id[0m[2m=[0mlocal_worker_01m2kkhwdteshb66r4zrtttbmh[1m}[0m[2m:[0m [2msp1_prover::worker::node::full::init[0m[2m:[0m task succeeded
[2m2026-09-15T22:40:34.363048Z[0m [34mDEBUG[0m [1mController[0m[1m{[0m[3mproof_id[0m[2m=[0mproof_01m2kb91v9egga9yypcwvj99mg [3mtask_id[0m[2m=[0mlocal_worker_01m2kb91vje0h9884c5b5mxpp4[1m}[0m[2m:[0m[1mreduce[0m[2m:[0m [2msp1_prover::worker::controller::compress[0m[2m:[0m Checking if complete: Pending tasks: 1, map is empty: true, full range is some: false, is_range_equal: false
[2m2026-09-15T22:40:34.363352Z[0m [34mDEBUG[0m [1mController[0m[1m{[0m[3mproof_id[0m[2m=[0mproof_01m2kb91v9egga9yypcwvj99mg [3mtask_id[0m[2m=[0mlocal_worker_01m2kb91vje0h9884c5b5mxpp4[1m}[0m[2m:[0m[1mreduce[0m[2m:[0m [2msp1_prover::worker::controller::compress[0m[2m:[0m No neighboring range found, adding proof to tree
[2m2026-09-15T22:41:44.859656Z[0m [34mDEBUG[0m [1mProveShard[0m[1m{[0m[3mproof_id[0m[2m=[0mproof_01m2kb91v9egga9yypcwvj99mg [3mtask_id[0m[2m=[0mlocal_worker_01m2kjshfcfdr8nkmb820pbhn4[1m}[0m[2m:[0m [2msp1_prover::worker::node::full::init[0m[2m:[0m task succeeded
[2m2026-09-15T22:41:44.867498Z[0m [34mDEBUG[0m [1mController[0m[1m{[0m[3mproof_id[0m[2m=[0mproof_01m2kb91v9egga9yypcwvj99mg [3mtask_id[0m[2m=[0mlocal_worker_01m2kb91vje0h9884c5b5mxpp4[1m}[0m[2m:[0m[1mreduce[0m[2m:[0m [2msp1_prover::worker::controller::compress[0m[2m:[0m Checking if complete: Pending tasks: 1, map is empty: false, full range is some: false, is_range_equal: false
[2m2026-09-15T22:41:44.867944Z[0m [34mDEBUG[0m [1mController[0m[1m{[0m[3mproof_id[0m[2m=[0mproof_01m2kb91v9egga9yypcwvj99mg [3mtask_id[0m[2m=[0mlocal_worker_01m2kb91vje0h9884c5b5mxpp4[1m}[0m[2m:[0m[1mreduce[0m[2m:[0m [2msp1_prover::worker::controller::compress[0m[2m:[0m Found sibling
[2m2026-09-15T22:41:44.867958Z[0m [34mDEBUG[0m [1mController[0m[1m{[0m[3mproof_id[0m[2m=[0mproof_01m2kb91v9egga9yypcwvj99mg [3mtask_id[0m[2m=[0mlocal_worker_01m2kb91vje0h9884c5b5mxpp4[1m}[0m[2m:[0m[1mreduce[0m[2m:[0m [2msp1_prover::worker::controller::compress[0m[2m:[0m Checking if complete: Pending tasks: 1, map is empty: true, full range is some: false, is_range_equal: false
[2m2026-09-15T22:41:44.868877Z[0m [34mDEBUG[0m [1mCoreExecute[0m[1m{[0m[3mproof_id[0m[2m=[0mproof_01m2kb91v9egga9yypcwvj99mg [3mtask_id[0m[2m=[0mlocal_worker_01m2kb9chkez19hnxxwd2t5t4q[1m}[0m[2m:[0m[1memit precompile shards[0m[2m:[0m[1mdeferred listener[0m[2m:[0m [2msp1_prover::worker::controller::precompiles[0m[2m:[0m received deferred message with task id TaskId("local_worker_01m2kka7x9fx9rbhe2nxx76xw7")
[2m2026-09-15T22:41:44.869742Z[0m [34mDEBUG[0m [1mCoreExecute[0m[1m{[0m[3mproof_id[0m[2m=[0mproof_01m2kb91v9egga9yypcwvj99mg [3mtask_id[0m[2m=[0mlocal_worker_01m2kb9chkez19hnxxwd2t5t4q[1m}[0m[2m:[0m[1mminimal executor[0m[2m:[0m[1msplicing[0m[1m{[0m[3midx[0m[2m=[0m0[1m}[0m[2m:[0m[1msplicing trace chunk[0m[2m:[0m [2msp1_prover::worker::controller::splicing[0m[2m:[0m spliced trace sent to splicing tx [3mglobal_clk[0m[2m=[0m22475644
[2m2026-09-15T22:41:44.869780Z[0m [34mDEBUG[0m [1mCoreExecute[0m[1m{[0m[3mproof_id[0m[2m=[0mproof_01m2kb91v9egga9yypcwvj99mg [3mtask_id[0m[2m=[0mlocal_worker_01m2kb9chkez19hnxxwd2t5t4q[1m}[0m[2m:[0m[1mminimal executor[0m[2m:[0m[1msplicing[0m[1m{[0m[3midx[0m[2m=[0m0[1m}[0m[2m:[0m[1msplicing trace chunk[0m[2m:[0m [2msp1_prover::worker::controller::splicing[0m[2m:[0m starting new shard at clk: 186568417 at pc: 2014747616
[2m2026-09-15T22:41:44.881238Z[0m [34mDEBUG[0m [1mCoreExecute[0m[1m{[0m[3mproof_id[0m[2m=[0mproof_01m2kb91v9egga9yypcwvj99mg [3mtask_id[0m[2m=[0mlocal_worker_01m2kb9chkez19hnxxwd2t5t4q[1m}[0m[2m:[0m[1mminimal executor[0m[2m:[0m[1msplicing[0m[1m{[0m[3midx[0m[2m=[0m0[1m}[0m[2m:[0m[1msplicing trace chunk[0m[2m:[0m [2msp1_prover::worker::controller::splicing[0m[2m:[0m done cycle result [3mglobal_clk[0m[2m=[0m22630229
[2m2026-09-15T22:41:44.881437Z[0m [34mDEBUG[0m [1mCoreExecute[0m[1m{[0m[3mproof_id[0m[2m=[0mproof_01m2kb91v9egga9yypcwvj99mg [3mtask_id[0m[2m=[0mlocal_worker_01m2kb9chkez19hnxxwd2t5t4q[1m}[0m[2m:[0m[1mminimal executor[0m[2m:[0m[1msplicing[0m[1m{[0m[3midx[0m[2m=[0m0[1m}[0m[2m:[0m[1msplicing trace chunk[0m[2m:[0m [2msp1_prover::worker::controller::splicing[0m[2m:[0m sending last splice to splicing tx [3mglobal_clk[0m[2m=[0m22630229
[2m2026-09-15T22:41:44.916089Z[0m [34mDEBUG[0m [1mProveShard[0m[1m{[0m[3mproof_id[0m[2m=[0mproof_01m2kb91v9egga9yypcwvj99mg [3mtask_id[0m[2m=[0mlocal_worker_01m2kjx9f2e90rjf1x3ygeqgfq[1m}[0m[2m:[0m[1minto_record[0m[2m:[0m [2msp1_prover::worker::prover::core[0m[2m:[0m tracing chunk at clk range: 155888457..159008553
[2m2026-09-15T22:41:44.941308Z[0m [34mDEBUG[0m [1mCoreExecute[0m[1m{[0m[3mproof_id[0m[2m=[0mproof_01m2kb91v9egga9yypcwvj99mg [3mtask_id[0m[2m=[0mlocal_worker_01m2kb9chkez19hnxxwd2t5t4q[1m}[0m[2m:[0m[1mminimal executor[0m[2m:[0m[1msplicing[0m[1m{[0m[3midx[0m[2m=[0m0[1m}[0m[2m:[0m[1mget splices to serialize[0m[2m:[0m[1msend splice[0m[2m:[0m [2msp1_prover::worker::client::local[0m[2m:[0m submitting task of kind MarkerDeferredRecord
[2m2026-09-15T22:41:44.945988Z[0m [34mDEBUG[0m [1mCoreExecute[0m[1m{[0m[3mproof_id[0m[2m=[0mproof_01m2kb91v9egga9yypcwvj99mg [3mtask_id[0m[2m=[0mlocal_worker_01m2kb9chkez19hnxxwd2t5t4q[1m}[0m[2m:[0m[1mminimal executor[0m[2m:[0m[1msplicing[0m[1m{[0m[3midx[0m[2m=[0m0[1m}[0m[2m:[0m[1mget splices to serialize[0m[2m:[0m[1msend splice[0m[2m:[0m [2msp1_prover::worker::client::local[0m[2m:[0m submitting task of kind ProveShard
[2m2026-09-15T22:43:49.962864Z[0m [34mDEBUG[0m [1mProveShard[0m[1m{[0m[3mproof_id[0m[2m=[0mproof_01m2kb91v9egga9yypcwvj99mg [3mtask_id[0m[2m=[0mlocal_worker_01m2kjx9f2e90rjf1x3ygeqgfq[1m}[0m[2m:[0m [2msp1_prover::worker::node::full::init[0m[2m:[0m task succeeded
[2m2026-09-15T22:43:49.963625Z[0m [34mDEBUG[0m [1mCoreExecute[0m[1m{[0m[3mproof_id[0m[2m=[0mproof_01m2kb91v9egga9yypcwvj99mg [3mtask_id[0m[2m=[0mlocal_worker_01m2kb9chkez19hnxxwd2t5t4q[1m}[0m[2m:[0m[1memit precompile shards[0m[2m:[0m[1mdeferred listener[0m[2m:[0m [2msp1_prover::worker::controller::precompiles[0m[2m:[0m received deferred message with task id TaskId("local_worker_01m2kke3h8f51bmtth96b92r57")
[2m2026-09-15T22:43:49.963960Z[0m [34mDEBUG[0m [1mCoreExecute[0m[1m{[0m[3mproof_id[0m[2m=[0mproof_01m2kb91v9egga9yypcwvj99mg [3mtask_id[0m[2m=[0mlocal_worker_01m2kb9chkez19hnxxwd2t5t4q[1m}[0m[2m:[0m[1mminimal executor[0m[2m:[0m[1msplicing[0m[1m{[0m[3midx[0m[2m=[0m0[1m}[0m[2m:[0m[1msplicing trace chunk[0m[2m:[0m [2msp1_prover::worker::controller::splicing[0m[2m:[0m last splice sent to splicing tx [3mglobal_clk[0m[2m=[0m22630229
[2m2026-09-15T22:43:49.984370Z[0m [34mDEBUG[0m [1mCoreExecute[0m[1m{[0m[3mproof_id[0m[2m=[0mproof_01m2kb91v9egga9yypcwvj99mg [3mtask_id[0m[2m=[0mlocal_worker_01m2kb9chkez19hnxxwd2t5t4q[1m}[0m[2m:[0m[1mminimal executor[0m[2m:[0m[1msplicing[0m[1m{[0m[3midx[0m[2m=[0m0[1m}[0m[2m:[0m[1mget splices to serialize[0m[2m:[0m[1msend splice[0m[2m:[0m [2msp1_prover::worker::client::local[0m[2m:[0m submitting task of kind MarkerDeferredRecord
[2m2026-09-15T22:43:49.987965Z[0m [34mDEBUG[0m [1mCoreExecute[0m[1m{[0m[3mproof_id[0m[2m=[0mproof_01m2kb91v9egga9yypcwvj99mg [3mtask_id[0m[2m=[0mlocal_worker_01m2kb9chkez19hnxxwd2t5t4q[1m}[0m[2m:[0m[1mminimal executor[0m[2m:[0m[1msplicing[0m[1m{[0m[3midx[0m[2m=[0m0[1m}[0m[2m:[0m[1mget splices to serialize[0m[2m:[0m[1msend splice[0m[2m:[0m [2msp1_prover::worker::client::local[0m[2m:[0m submitting task of kind ProveShard
[2m2026-09-15T22:43:50.032353Z[0m [34mDEBUG[0m [1mProveShard[0m[1m{[0m[3mproof_id[0m[2m=[0mproof_01m2kb91v9egga9yypcwvj99mg [3mtask_id[0m[2m=[0mlocal_worker_01m2kk2qfae59v3kp4k16p8zh1[1m}[0m[2m:[0m[1minto_record[0m[2m:[0m [2msp1_prover::worker::prover::core[0m[2m:[0m tracing chunk at clk range: 159008553..162116529
[2m2026-09-15T22:45:53.446392Z[0m [34mDEBUG[0m [1mProveShard[0m[1m{[0m[3mproof_id[0m[2m=[0mproof_01m2kb91v9egga9yypcwvj99mg [3mtask_id[0m[2m=[0mlocal_worker_01m2kk2qfae59v3kp4k16p8zh1[1m}[0m[2m:[0m [2msp1_prover::worker::node::full::init[0m[2m:[0m task succeeded
[2m2026-09-15T22:45:53.446987Z[0m [34mDEBUG[0m [1mController[0m[1m{[0m[3mproof_id[0m[2m=[0mproof_01m2kb91v9egga9yypcwvj99mg [3mtask_id[0m[2m=[0mlocal_worker_01m2kb91vje0h9884c5b5mxpp4[1m}[0m[2m:[0m[1mreduce[0m[2m:[0m [2msp1_prover::worker::controller::compress[0m[2m:[0m Checking if complete: Pending tasks: 1, map is empty: false, full range is some: false, is_range_equal: false
[2m2026-09-15T22:45:53.447008Z[0m [34mDEBUG[0m [1mController[0m[1m{[0m[3mproof_id[0m[2m=[0mproof_01m2kb91v9egga9yypcwvj99mg [3mtask_id[0m[2m=[0mlocal_worker_01m2kb91vje0h9884c5b5mxpp4[1m}[0m[2m:[0m[1mreduce[0m[2m:[0m [2msp1_prover::worker::controller::compress[0m[2m:[0m Found sibling
[2m2026-09-15T22:45:53.447013Z[0m [34mDEBUG[0m [1mController[0m[1m{[0m[3mproof_id[0m[2m=[0mproof_01m2kb91v9egga9yypcwvj99mg [3mtask_id[0m[2m=[0mlocal_worker_01m2kb91vje0h9884c5b5mxpp4[1m}[0m[2m:[0m[1mreduce[0m[2m:[0m [2msp1_prover::worker::controller::compress[0m[2m:[0m Checking if complete: Pending tasks: 1, map is empty: true, full range is some: false, is_range_equal: false
[2m2026-09-15T22:45:53.447324Z[0m [34mDEBUG[0m [1mCoreExecute[0m[1m{[0m[3mproof_id[0m[2m=[0mproof_01m2kb91v9egga9yypcwvj99mg [3mtask_id[0m[2m=[0mlocal_worker_01m2kb9chkez19hnxxwd2t5t4q[1m}[0m[2m:[0m[1memit precompile shards[0m[2m:[0m[1mdeferred sender[0m[2m:[0m [2msp1_prover::worker::client::local[0m[2m:[0m submitting task of kind ProveShard
[2m2026-09-15T22:45:53.489384Z[0m [34mDEBUG[0m [1mProveShard[0m[1m{[0m[3mproof_id[0m[2m=[0mproof_01m2kb91v9egga9yypcwvj99mg [3mtask_id[0m[2m=[0mlocal_worker_01m2kk6h0qen8vtmjrm2hygrvt[1m}[0m[2m:[0m[1minto_record[0m[2m:[0m [2msp1_prover::worker::prover::core[0m[2m:[0m precompile events: code SECP256K1_ADD
[2m2026-09-15T22:47:55.406007Z[0m [34mDEBUG[0m [1mProveShard[0m[1m{[0m[3mproof_id[0m[2m=[0mproof_01m2kb91v9egga9yypcwvj99mg [3mtask_id[0m[2m=[0mlocal_worker_01m2kk6h0qen8vtmjrm2hygrvt[1m}[0m[2m:[0m [2msp1_prover::worker::node::full::init[0m[2m:[0m task succeeded
[2m2026-09-15T22:47:55.406847Z[0m [34mDEBUG[0m [1mController[0m[1m{[0m[3mproof_id[0m[2m=[0mproof_01m2kb91v9egga9yypcwvj99mg [3mtask_id[0m[2m=[0mlocal_worker_01m2kb91vje0h9884c5b5mxpp4[1m}[0m[2m:[0m[1mreduce[0m[2m:[0m [2msp1_prover::worker::controller::compress[0m[2m:[0m Checking if complete: Pending tasks: 1, map is empty: false, full range is some: false, is_range_equal: false
[2m2026-09-15T22:47:55.406870Z[0m [34mDEBUG[0m [1mController[0m[1m{[0m[3mproof_id[0m[2m=[0mproof_01m2kb91v9egga9yypcwvj99mg [3mtask_id[0m[2m=[0mlocal_worker_01m2kb91vje0h9884c5b5mxpp4[1m}[0m[2m:[0m[1mreduce[0m[2m:[0m [2msp1_prover::worker::controller::compress[0m[2m:[0m Found sibling
[2m2026-09-15T22:47:55.406871Z[0m [34mDEBUG[0m [1mCoreExecute[0m[1m{[0m[3mproof_id[0m[2m=[0mproof_01m2kb91v9egga9yypcwvj99mg [3mtask_id[0m[2m=[0mlocal_worker_01m2kb9chkez19hnxxwd2t5t4q[1m}[0m[2m:[0m[1memit precompile shards[0m[2m:[0m[1mdeferred listener[0m[2m:[0m [2msp1_prover::worker::controller::precompiles[0m[2m:[0m received deferred message with task id TaskId("local_worker_01m2kkqezeebhrar3wjkfvcn8p")
[2m2026-09-15T22:47:55.406884Z[0m [34mDEBUG[0m [1mController[0m[1m{[0m[3mproof_id[0m[2m=[0mproof_01m2kb91v9egga9yypcwvj99mg [3mtask_id[0m[2m=[0mlocal_worker_01m2kb91vje0h9884c5b5mxpp4[1m}[0m[2m:[0m[1mreduce[0m[2m:[0m [2msp1_prover::worker::controller::compress[0m[2m:[0m Checking if complete: Pending tasks: 1, map is empty: true, full range is some: false, is_range_equal: false
[2m2026-09-15T22:47:55.406966Z[0m [34mDEBUG[0m [1mController[0m[1m{[0m[3mproof_id[0m[2m=[0mproof_01m2kb91v9egga9yypcwvj99mg [3mtask_id[0m[2m=[0mlocal_worker_01m2kb91vje0h9884c5b5mxpp4[1m}[0m[2m:[0m[1mreduce[0m[2m:[0m [2msp1_prover::worker::client::local[0m[2m:[0m submitting task of kind RecursionReduce
[2m2026-09-15T22:47:55.414326Z[0m [34mDEBUG[0m [1mCoreExecute[0m[1m{[0m[3mproof_id[0m[2m=[0mproof_01m2kb91v9egga9yypcwvj99mg [3mtask_id[0m[2m=[0mlocal_worker_01m2kb9chkez19hnxxwd2t5t4q[1m}[0m[2m:[0m[1mminimal executor[0m[2m:[0m[1msplicing[0m[1m{[0m[3midx[0m[2m=[0m0[1m}[0m[2m:[0m[1mget splices to serialize[0m[2m:[0m[1msend splice[0m[2m:[0m [2msp1_prover::worker::client::local[0m[2m:[0m submitting task of kind MarkerDeferredRecord
[2m2026-09-15T22:47:55.416128Z[0m [34mDEBUG[0m [1mCoreExecute[0m[1m{[0m[3mproof_id[0m[2m=[0mproof_01m2kb91v9egga9yypcwvj99mg [3mtask_id[0m[2m=[0mlocal_worker_01m2kb9chkez19hnxxwd2t5t4q[1m}[0m[2m:[0m[1mminimal executor[0m[2m:[0m[1msplicing[0m[1m{[0m[3midx[0m[2m=[0m0[1m}[0m[2m:[0m[1mget splices to serialize[0m[2m:[0m[1msend splice[0m[2m:[0m [2msp1_prover::worker::client::local[0m[2m:[0m submitting task of kind ProveShard
[2m2026-09-15T22:47:55.457841Z[0m [34mDEBUG[0m [1mProveShard[0m[1m{[0m[3mproof_id[0m[2m=[0mproof_01m2kb91v9egga9yypcwvj99mg [3mtask_id[0m[2m=[0mlocal_worker_01m2kka7xef39892v8sn2c87wg[1m}[0m[2m:[0m[1minto_record[0m[2m:[0m [2msp1_prover::worker::prover::core[0m[2m:[0m tracing chunk at clk range: 162116529..165222985
[2m2026-09-15T22:49:49.177329Z[0m [34mDEBUG[0m [1mRecursionReduce[0m[1m{[0m[3mproof_id[0m[2m=[0mproof_01m2kb91v9egga9yypcwvj99mg [3mtask_id[0m[2m=[0mlocal_worker_01m2km2rreeervhn4rmtsfczxe[1m}[0m[2m:[0m [2msp1_prover::worker::node::full::init[0m[2m:[0m task succeeded
[2m2026-09-15T22:49:49.177416Z[0m [34mDEBUG[0m [1mController[0m[1m{[0m[3mproof_id[0m[2m=[0mproof_01m2kb91v9egga9yypcwvj99mg [3mtask_id[0m[2m=[0mlocal_worker_01m2kb91vje0h9884c5b5mxpp4[1m}[0m[2m:[0m[1mreduce[0m[2m:[0m [2msp1_prover::worker::controller::compress[0m[2m:[0m Checking if complete: Pending tasks: 1, map is empty: true, full range is some: false, is_range_equal: false
[2m2026-09-15T22:49:49.177748Z[0m [34mDEBUG[0m [1mController[0m[1m{[0m[3mproof_id[0m[2m=[0mproof_01m2kb91v9egga9yypcwvj99mg [3mtask_id[0m[2m=[0mlocal_worker_01m2kb91vje0h9884c5b5mxpp4[1m}[0m[2m:[0m[1mreduce[0m[2m:[0m [2msp1_prover::worker::controller::compress[0m[2m:[0m No neighboring range found, adding proof to tree
[2m2026-09-15T22:50:59.961472Z[0m [34mDEBUG[0m [1mProveShard[0m[1m{[0m[3mproof_id[0m[2m=[0mproof_01m2kb91v9egga9yypcwvj99mg [3mtask_id[0m[2m=[0mlocal_worker_01m2kka7xef39892v8sn2c87wg[1m}[0m[2m:[0m [2msp1_prover::worker::node::full::init[0m[2m:[0m task succeeded
[2m2026-09-15T22:50:59.990003Z[0m [34mDEBUG[0m [1mCoreExecute[0m[1m{[0m[3mproof_id[0m[2m=[0mproof_01m2kb91v9egga9yypcwvj99mg [3mtask_id[0m[2m=[0mlocal_worker_01m2kb9chkez19hnxxwd2t5t4q[1m}[0m[2m:[0m[1memit precompile shards[0m[2m:[0m[1mdeferred listener[0m[2m:[0m [2msp1_prover::worker::controller::precompiles[0m[2m:[0m received deferred message with task id TaskId("local_worker_01m2kkv930e9r8h2k188jsy1fc")
[2m2026-09-15T22:51:00.009155Z[0m [34mDEBUG[0m [1mCoreExecute[0m[1m{[0m[3mproof_id[0m[2m=[0mproof_01m2kb91v9egga9yypcwvj99mg [3mtask_id[0m[2m=[0mlocal_worker_01m2kb9chkez19hnxxwd2t5t4q[1m}[0m[2m:[0m[1mminimal executor[0m[2m:[0m[1msplicing[0m[1m{[0m[3midx[0m[2m=[0m0[1m}[0m[2m:[0m[1mget splices to serialize[0m[2m:[0m[1msend splice[0m[2m:[0m [2msp1_prover::worker::client::local[0m[2m:[0m submitting task of kind MarkerDeferredRecord
[2m2026-09-15T22:51:00.010850Z[0m [34mDEBUG[0m [1mCoreExecute[0m[1m{[0m[3mproof_id[0m[2m=[0mproof_01m2kb91v9egga9yypcwvj99mg [3mtask_id[0m[2m=[0mlocal_worker_01m2kb9chkez19hnxxwd2t5t4q[1m}[0m[2m:[0m[1mminimal executor[0m[2m:[0m[1msplicing[0m[1m{[0m[3midx[0m[2m=[0m0[1m}[0m[2m:[0m[1mget splices to serialize[0m[2m:[0m[1msend splice[0m[2m:[0m [2msp1_prover::worker::client::local[0m[2m:[0m submitting task of kind ProveShard
[2m2026-09-15T22:51:00.045875Z[0m [34mDEBUG[0m [1mProveShard[0m[1m{[0m[3mproof_id[0m[2m=[0mproof_01m2kb91v9egga9yypcwvj99mg [3mtask_id[0m[2m=[0mlocal_worker_01m2kke3hge20b5mmw4645y3hy[1m}[0m[2m:[0m[1minto_record[0m[2m:[0m [2msp1_prover::worker::prover::core[0m[2m:[0m tracing chunk at clk range: 165222985..168334769
[2m2026-09-15T22:53:03.560741Z[0m [34mDEBUG[0m [1mProveShard[0m[1m{[0m[3mproof_id[0m[2m=[0mproof_01m2kb91v9egga9yypcwvj99mg [3mtask_id[0m[2m=[0mlocal_worker_01m2kke3hge20b5mmw4645y3hy[1m}[0m[2m:[0m [2msp1_prover::worker::node::full::init[0m[2m:[0m task succeeded
[2m2026-09-15T22:53:03.561442Z[0m [34mDEBUG[0m [1mController[0m[1m{[0m[3mproof_id[0m[2m=[0mproof_01m2kb91v9egga9yypcwvj99mg [3mtask_id[0m[2m=[0mlocal_worker_01m2kb91vje0h9884c5b5mxpp4[1m}[0m[2m:[0m[1mreduce[0m[2m:[0m [2msp1_prover::worker::controller::compress[0m[2m:[0m Checking if complete: Pending tasks: 1, map is empty: false, full range is some: false, is_range_equal: false
[2m2026-09-15T22:53:03.561461Z[0m [34mDEBUG[0m [1mController[0m[1m{[0m[3mproof_id[0m[2m=[0mproof_01m2kb91v9egga9yypcwvj99mg [3mtask_id[0m[2m=[0mlocal_worker_01m2kb91vje0h9884c5b5mxpp4[1m}[0m[2m:[0m[1mreduce[0m[2m:[0m [2msp1_prover::worker::controller::compress[0m[2m:[0m Found sibling
[2m2026-09-15T22:53:03.561467Z[0m [34mDEBUG[0m [1mController[0m[1m{[0m[3mproof_id[0m[2m=[0mproof_01m2kb91v9egga9yypcwvj99mg [3mtask_id[0m[2m=[0mlocal_worker_01m2kb91vje0h9884c5b5mxpp4[1m}[0m[2m:[0m[1mreduce[0m[2m:[0m [2msp1_prover::worker::controller::compress[0m[2m:[0m Checking if complete: Pending tasks: 1, map is empty: true, full range is some: false, is_range_equal: false
[2m2026-09-15T22:53:03.561554Z[0m [34mDEBUG[0m [1mCoreExecute[0m[1m{[0m[3mproof_id[0m[2m=[0mproof_01m2kb91v9egga9yypcwvj99mg [3mtask_id[0m[2m=[0mlocal_worker_01m2kb9chkez19hnxxwd2t5t4q[1m}[0m[2m:[0m[1memit precompile shards[0m[2m:[0m[1mdeferred sender[0m[2m:[0m [2msp1_prover::worker::client::local[0m[2m:[0m submitting task of kind ProveShard
[2m2026-09-15T22:53:03.602520Z[0m [34mDEBUG[0m [1mProveShard[0m[1m{[0m[3mproof_id[0m[2m=[0mproof_01m2kb91v9egga9yypcwvj99mg [3mtask_id[0m[2m=[0mlocal_worker_01m2kkhwdteshb66r55v20kapf[1m}[0m[2m:[0m[1minto_record[0m[2m:[0m [2msp1_prover::worker::prover::core[0m[2m:[0m precompile events: code SECP256K1_DOUBLE
[2m2026-09-15T22:55:11.840512Z[0m [34mDEBUG[0m [1mProveShard[0m[1m{[0m[3mproof_id[0m[2m=[0mproof_01m2kb91v9egga9yypcwvj99mg [3mtask_id[0m[2m=[0mlocal_worker_01m2kkhwdteshb66r55v20kapf[1m}[0m[2m:[0m [2msp1_prover::worker::node::full::init[0m[2m:[0m task succeeded
[2m2026-09-15T22:55:11.841336Z[0m [34mDEBUG[0m [1mController[0m[1m{[0m[3mproof_id[0m[2m=[0mproof_01m2kb91v9egga9yypcwvj99mg [3mtask_id[0m[2m=[0mlocal_worker_01m2kb91vje0h9884c5b5mxpp4[1m}[0m[2m:[0m[1mreduce[0m[2m:[0m [2msp1_prover::worker::controller::compress[0m[2m:[0m Checking if complete: Pending tasks: 1, map is empty: false, full range is some: false, is_range_equal: false
[2m2026-09-15T22:55:11.841357Z[0m [34mDEBUG[0m [1mController[0m[1m{[0m[3mproof_id[0m[2m=[0mproof_01m2kb91v9egga9yypcwvj99mg [3mtask_id[0m[2m=[0mlocal_worker_01m2kb91vje0h9884c5b5mxpp4[1m}[0m[2m:[0m[1mreduce[0m[2m:[0m [2msp1_prover::worker::controller::compress[0m[2m:[0m Found sibling
[2m2026-09-15T22:55:11.841363Z[0m [34mDEBUG[0m [1mController[0m[1m{[0m[3mproof_id[0m[2m=[0mproof_01m2kb91v9egga9yypcwvj99mg [3mtask_id[0m[2m=[0mlocal_worker_01m2kb91vje0h9884c5b5mxpp4[1m}[0m[2m:[0m[1mreduce[0m[2m:[0m [2msp1_prover::worker::controller::compress[0m[2m:[0m Checking if complete: Pending tasks: 1, map is empty: true, full range is some: false, is_range_equal: false
[2m2026-09-15T22:55:11.841371Z[0m [34mDEBUG[0m [1mController[0m[1m{[0m[3mproof_id[0m[2m=[0mproof_01m2kb91v9egga9yypcwvj99mg [3mtask_id[0m[2m=[0mlocal_worker_01m2kb91vje0h9884c5b5mxpp4[1m}[0m[2m:[0m[1mreduce[0m[2m:[0m [2msp1_prover::worker::controller::compress[0m[2m:[0m Checking if complete: Pending tasks: 2, map is empty: false, full range is some: false, is_range_equal: false
[2m2026-09-15T22:55:11.841371Z[0m [34mDEBUG[0m [1mCoreExecute[0m[1m{[0m[3mproof_id[0m[2m=[0mproof_01m2kb91v9egga9yypcwvj99mg [3mtask_id[0m[2m=[0mlocal_worker_01m2kb9chkez19hnxxwd2t5t4q[1m}[0m[2m:[0m[1memit precompile shards[0m[2m:[0m[1mdeferred listener[0m[2m:[0m [2msp1_prover::worker::controller::precompiles[0m[2m:[0m received deferred message with task id TaskId("local_worker_01m2km2rrpfq1sd70r8r72xfch")
[2m2026-09-15T22:55:11.841376Z[0m [34mDEBUG[0m [1mController[0m[1m{[0m[3mproof_id[0m[2m=[0mproof_01m2kb91v9egga9yypcwvj99mg [3mtask_id[0m[2m=[0mlocal_worker_01m2kb91vje0h9884c5b5mxpp4[1m}[0m[2m:[0m[1mreduce[0m[2m:[0m [2msp1_prover::worker::controller::compress[0m[2m:[0m No neighboring range found, adding proof to tree
[2m2026-09-15T22:55:11.841383Z[0m [34mDEBUG[0m [1mController[0m[1m{[0m[3mproof_id[0m[2m=[0mproof_01m2kb91v9egga9yypcwvj99mg [3mtask_id[0m[2m=[0mlocal_worker_01m2kb91vje0h9884c5b5mxpp4[1m}[0m[2m:[0m[1mreduce[0m[2m:[0m [2msp1_prover::worker::controller::compress[0m[2m:[0m Checking if complete: Pending tasks: 2, map is empty: false, full range is some: false, is_range_equal: false
[2m2026-09-15T22:55:11.841388Z[0m [34mDEBUG[0m [1mController[0m[1m{[0m[3mproof_id[0m[2m=[0mproof_01m2kb91v9egga9yypcwvj99mg [3mtask_id[0m[2m=[0mlocal_worker_01m2kb91vje0h9884c5b5mxpp4[1m}[0m[2m:[0m[1mreduce[0m[2m:[0m [2msp1_prover::worker::controller::compress[0m[2m:[0m Found sibling
[2m2026-09-15T22:55:11.841393Z[0m [34mDEBUG[0m [1mController[0m[1m{[0m[3mproof_id[0m[2m=[0mproof_01m2kb91v9egga9yypcwvj99mg [3mtask_id[0m[2m=[0mlocal_worker_01m2kb91vje0h9884c5b5mxpp4[1m}[0m[2m:[0m[1mreduce[0m[2m:[0m [2msp1_prover::worker::controller::compress[0m[2m:[0m Checking if complete: Pending tasks: 2, map is empty: false, full range is some: false, is_range_equal: false
[2m2026-09-15T22:55:11.841953Z[0m [34mDEBUG[0m [1mController[0m[1m{[0m[3mproof_id[0m[2m=[0mproof_01m2kb91v9egga9yypcwvj99mg [3mtask_id[0m[2m=[0mlocal_worker_01m2kb91vje0h9884c5b5mxpp4[1m}[0m[2m:[0m[1mreduce[0m[2m:[0m [2msp1_prover::worker::client::local[0m[2m:[0m submitting task of kind RecursionReduce
[2m2026-09-15T22:55:11.841998Z[0m [34mDEBUG[0m [1mController[0m[1m{[0m[3mproof_id[0m[2m=[0mproof_01m2kb91v9egga9yypcwvj99mg [3mtask_id[0m[2m=[0mlocal_worker_01m2kb91vje0h9884c5b5mxpp4[1m}[0m[2m:[0m[1mreduce[0m[2m:[0m [2msp1_prover::worker::controller::compress[0m[2m:[0m Checking if complete: Pending tasks: 3, map is empty: false, full range is some: false, is_range_equal: false
[2m2026-09-15T22:55:11.842012Z[0m [34mDEBUG[0m [1mController[0m[1m{[0m[3mproof_id[0m[2m=[0mproof_01m2kb91v9egga9yypcwvj99mg [3mtask_id[0m[2m=[0mlocal_worker_01m2kb91vje0h9884c5b5mxpp4[1m}[0m[2m:[0m[1mreduce[0m[2m:[0m [2msp1_prover::worker::controller::compress[0m[2m:[0m Found sibling
[2m2026-09-15T22:55:11.842017Z[0m [34mDEBUG[0m [1mController[0m[1m{[0m[3mproof_id[0m[2m=[0mproof_01m2kb91v9egga9yypcwvj99mg [3mtask_id[0m[2m=[0mlocal_worker_01m2kb91vje0h9884c5b5mxpp4[1m}[0m[2m:[0m[1mreduce[0m[2m:[0m [2msp1_prover::worker::controller::compress[0m[2m:[0m Checking if complete: Pending tasks: 3, map is empty: true, full range is some: false, is_range_equal: false
[2m2026-09-15T22:55:11.842026Z[0m [34mDEBUG[0m [1mController[0m[1m{[0m[3mproof_id[0m[2m=[0mproof_01m2kb91v9egga9yypcwvj99mg [3mtask_id[0m[2m=[0mlocal_worker_01m2kb91vje0h9884c5b5mxpp4[1m}[0m[2m:[0m[1mreduce[0m[2m:[0m [2msp1_prover::worker::controller::compress[0m[2m:[0m Checking if complete: Pending tasks: 2, map is empty: false, full range is some: false, is_range_equal: false
[2m2026-09-15T22:55:11.842032Z[0m [34mDEBUG[0m [1mController[0m[1m{[0m[3mproof_id[0m[2m=[0mproof_01m2kb91v9egga9yypcwvj99mg [3mtask_id[0m[2m=[0mlocal_worker_01m2kb91vje0h9884c5b5mxpp4[1m}[0m[2m:[0m[1mreduce[0m[2m:[0m [2msp1_prover::worker::controller::compress[0m[2m:[0m Found sibling
[2m2026-09-15T22:55:11.842036Z[0m [34mDEBUG[0m [1mController[0m[1m{[0m[3mproof_id[0m[2m=[0mproof_01m2kb91v9egga9yypcwvj99mg [3mtask_id[0m[2m=[0mlocal_worker_01m2kb91vje0h9884c5b5mxpp4[1m}[0m[2m:[0m[1mreduce[0m[2m:[0m [2msp1_prover::worker::controller::compress[0m[2m:[0m Checking if complete: Pending tasks: 2, map is empty: true, full range is some: false, is_range_equal: false
[2m2026-09-15T22:55:11.842042Z[0m [34mDEBUG[0m [1mController[0m[1m{[0m[3mproof_id[0m[2m=[0mproof_01m2kb91v9egga9yypcwvj99mg [3mtask_id[0m[2m=[0mlocal_worker_01m2kb91vje0h9884c5b5mxpp4[1m}[0m[2m:[0m[1mreduce[0m[2m:[0m [2msp1_prover::worker::controller::compress[0m[2m:[0m Checking if complete: Pending tasks: 2, map is empty: false, full range is some: false, is_range_equal: false
[2m2026-09-15T22:55:11.842047Z[0m [34mDEBUG[0m [1mController[0m[1m{[0m[3mproof_id[0m[2m=[0mproof_01m2kb91v9egga9yypcwvj99mg [3mtask_id[0m[2m=[0mlocal_worker_01m2kb91vje0h9884c5b5mxpp4[1m}[0m[2m:[0m[1mreduce[0m[2m:[0m [2msp1_prover::worker::controller::compress[0m[2m:[0m No neighboring range found, adding proof to tree
[2m2026-09-15T22:55:11.873928Z[0m [34mDEBUG[0m [1mCoreExecute[0m[1m{[0m[3mproof_id[0m[2m=[0mproof_01m2kb91v9egga9yypcwvj99mg [3mtask_id[0m[2m=[0mlocal_worker_01m2kb9chkez19hnxxwd2t5t4q[1m}[0m[2m:[0m[1mminimal executor[0m[2m:[0m[1msplicing[0m[1m{[0m[3midx[0m[2m=[0m0[1m}[0m[2m:[0m[1mget splices to serialize[0m[2m:[0m[1msend splice[0m[2m:[0m [2msp1_prover::worker::client::local[0m[2m:[0m submitting task of kind MarkerDeferredRecord
[2m2026-09-15T22:55:11.878647Z[0m [34mDEBUG[0m [1mCoreExecute[0m[1m{[0m[3mproof_id[0m[2m=[0mproof_01m2kb91v9egga9yypcwvj99mg [3mtask_id[0m[2m=[0mlocal_worker_01m2kb9chkez19hnxxwd2t5t4q[1m}[0m[2m:[0m[1mminimal executor[0m[2m:[0m[1msplicing[0m[1m{[0m[3midx[0m[2m=[0m0[1m}[0m[2m:[0m[1mget splices to serialize[0m[2m:[0m[1msend splice[0m[2m:[0m [2msp1_prover::worker::client::local[0m[2m:[0m submitting task of kind ProveShard
[2m2026-09-15T22:55:12.210740Z[0m [34mDEBUG[0m [1mProveShard[0m[1m{[0m[3mproof_id[0m[2m=[0mproof_01m2kb91v9egga9yypcwvj99mg [3mtask_id[0m[2m=[0mlocal_worker_01m2kkqezjfk194b50c14cmqp8[1m}[0m[2m:[0m[1minto_record[0m[2m:[0m [2msp1_prover::worker::prover::core[0m[2m:[0m tracing chunk at clk range: 168334769..171442937
[2m2026-09-15T22:56:34.667651Z[0m [34mDEBUG[0m [1mRecursionReduce[0m[1m{[0m[3mproof_id[0m[2m=[0mproof_01m2kb91v9egga9yypcwvj99mg [3mtask_id[0m[2m=[0mlocal_worker_01m2kmg2z1f2g9qvcc3dmmagpg[1m}[0m[2m:[0m [2msp1_prover::worker::node::full::init[0m[2m:[0m task succeeded
[2m2026-09-15T22:56:34.667710Z[0m [34mDEBUG[0m [1mController[0m[1m{[0m[3mproof_id[0m[2m=[0mproof_01m2kb91v9egga9yypcwvj99mg [3mtask_id[0m[2m=[0mlocal_worker_01m2kb91vje0h9884c5b5mxpp4[1m}[0m[2m:[0m[1mreduce[0m[2m:[0m [2msp1_prover::worker::controller::compress[0m[2m:[0m Checking if complete: Pending tasks: 1, map is empty: false, full range is some: false, is_range_equal: false
[2m2026-09-15T22:56:34.667723Z[0m [34mDEBUG[0m [1mController[0m[1m{[0m[3mproof_id[0m[2m=[0mproof_01m2kb91v9egga9yypcwvj99mg [3mtask_id[0m[2m=[0mlocal_worker_01m2kb91vje0h9884c5b5mxpp4[1m}[0m[2m:[0m[1mreduce[0m[2m:[0m [2msp1_prover::worker::controller::compress[0m[2m:[0m Found sibling
[2m2026-09-15T22:56:34.667727Z[0m [34mDEBUG[0m [1mController[0m[1m{[0m[3mproof_id[0m[2m=[0mproof_01m2kb91v9egga9yypcwvj99mg [3mtask_id[0m[2m=[0mlocal_worker_01m2kb91vje0h9884c5b5mxpp4[1m}[0m[2m:[0m[1mreduce[0m[2m:[0m [2msp1_prover::worker::controller::compress[0m[2m:[0m Checking if complete: Pending tasks: 1, map is empty: false, full range is some: false, is_range_equal: false
[2m2026-09-15T22:58:08.125271Z[0m [34mDEBUG[0m [1mProveShard[0m[1m{[0m[3mproof_id[0m[2m=[0mproof_01m2kb91v9egga9yypcwvj99mg [3mtask_id[0m[2m=[0mlocal_worker_01m2kkqezjfk194b50c14cmqp8[1m}[0m[2m:[0m [2msp1_prover::worker::node::full::init[0m[2m:[0m task succeeded
[2m2026-09-15T22:58:08.125959Z[0m [34mDEBUG[0m [1mCoreExecute[0m[1m{[0m[3mproof_id[0m[2m=[0mproof_01m2kb91v9egga9yypcwvj99mg [3mtask_id[0m[2m=[0mlocal_worker_01m2kb9chkez19hnxxwd2t5t4q[1m}[0m[2m:[0m[1memit precompile shards[0m[2m:[0m[1mdeferred listener[0m[2m:[0m [2msp1_prover::worker::controller::precompiles[0m[2m:[0m received deferred message with task id TaskId("local_worker_01m2km8d19e18ay01kbgd1z5mz")
[2m2026-09-15T22:58:08.145183Z[0m [34mDEBUG[0m [1mCoreExecute[0m[1m{[0m[3mproof_id[0m[2m=[0mproof_01m2kb91v9egga9yypcwvj99mg [3mtask_id[0m[2m=[0mlocal_worker_01m2kb9chkez19hnxxwd2t5t4q[1m}[0m[2m:[0m[1mminimal executor[0m[2m:[0m[1msplicing[0m[1m{[0m[3midx[0m[2m=[0m0[1m}[0m[2m:[0m[1mget splices to serialize[0m[2m:[0m[1msend splice[0m[2m:[0m [2msp1_prover::worker::client::local[0m[2m:[0m submitting task of kind MarkerDeferredRecord
[2m2026-09-15T22:58:08.146885Z[0m [34mDEBUG[0m [1mCoreExecute[0m[1m{[0m[3mproof_id[0m[2m=[0mproof_01m2kb91v9egga9yypcwvj99mg [3mtask_id[0m[2m=[0mlocal_worker_01m2kb9chkez19hnxxwd2t5t4q[1m}[0m[2m:[0m[1mminimal executor[0m[2m:[0m[1msplicing[0m[1m{[0m[3midx[0m[2m=[0m0[1m}[0m[2m:[0m[1mget splices to serialize[0m[2m:[0m[1msend splice[0m[2m:[0m [2msp1_prover::worker::client::local[0m[2m:[0m submitting task of kind ProveShard
[2m2026-09-15T22:58:08.167762Z[0m [34mDEBUG[0m [1mProveShard[0m[1m{[0m[3mproof_id[0m[2m=[0mproof_01m2kb91v9egga9yypcwvj99mg [3mtask_id[0m[2m=[0mlocal_worker_01m2kkv933es1r0vq8x0g6z9td[1m}[0m[2m:[0m[1minto_record[0m[2m:[0m [2msp1_prover::worker::prover::core[0m[2m:[0m tracing chunk at clk range: 171442937..174429401
[2m2026-09-15T23:00:14.687012Z[0m [34mDEBUG[0m [1mProveShard[0m[1m{[0m[3mproof_id[0m[2m=[0mproof_01m2kb91v9egga9yypcwvj99mg [3mtask_id[0m[2m=[0mlocal_worker_01m2kkv933es1r0vq8x0g6z9td[1m}[0m[2m:[0m [2msp1_prover::worker::node::full::init[0m[2m:[0m task succeeded
[2m2026-09-15T23:00:14.687637Z[0m [34mDEBUG[0m [1mCoreExecute[0m[1m{[0m[3mproof_id[0m[2m=[0mproof_01m2kb91v9egga9yypcwvj99mg [3mtask_id[0m[2m=[0mlocal_worker_01m2kb9chkez19hnxxwd2t5t4q[1m}[0m[2m:[0m[1memit precompile shards[0m[2m:[0m[1mdeferred sender[0m[2m:[0m [2msp1_prover::worker::controller::precompiles[0m[2m:[0m received deferred marker task status: Succeeded [3mtask_id[0m[2m=[0m"local_worker_01m2kg7z8xeq9rs76cqvvggybr"
[2m2026-09-15T23:00:14.687681Z[0m [34mDEBUG[0m [1mController[0m[1m{[0m[3mproof_id[0m[2m=[0mproof_01m2kb91v9egga9yypcwvj99mg [3mtask_id[0m[2m=[0mlocal_worker_01m2kb91vje0h9884c5b5mxpp4[1m}[0m[2m:[0m[1mreduce[0m[2m:[0m [2msp1_prover::worker::controller::compress[0m[2m:[0m Checking if complete: Pending tasks: 1, map is empty: false, full range is some: false, is_range_equal: false
[2m2026-09-15T23:00:14.687696Z[0m [34mDEBUG[0m [1mController[0m[1m{[0m[3mproof_id[0m[2m=[0mproof_01m2kb91v9egga9yypcwvj99mg [3mtask_id[0m[2m=[0mlocal_worker_01m2kb91vje0h9884c5b5mxpp4[1m}[0m[2m:[0m[1mreduce[0m[2m:[0m [2msp1_prover::worker::controller::compress[0m[2m:[0m Found sibling
[2m2026-09-15T23:00:14.687843Z[0m [34mDEBUG[0m [1mCoreExecute[0m[1m{[0m[3mproof_id[0m[2m=[0mproof_01m2kb91v9egga9yypcwvj99mg [3mtask_id[0m[2m=[0mlocal_worker_01m2kb9chkez19hnxxwd2t5t4q[1m}[0m[2m:[0m[1memit precompile shards[0m[2m:[0m[1mdeferred sender[0m[2m:[0m [2msp1_prover::worker::controller::precompiles[0m[2m:[0m received deferred marker task status: Succeeded [3mtask_id[0m[2m=[0m"local_worker_01m2kgfec3fy1am68jr2a425fs"
[2m2026-09-15T23:00:14.687972Z[0m [34mDEBUG[0m [1mController[0m[1m{[0m[3mproof_id[0m[2m=[0mproof_01m2kb91v9egga9yypcwvj99mg [3mtask_id[0m[2m=[0mlocal_worker_01m2kb91vje0h9884c5b5mxpp4[1m}[0m[2m:[0m[1mreduce[0m[2m:[0m [2msp1_prover::worker::controller::compress[0m[2m:[0m Checking if complete: Pending tasks: 1, map is empty: false, full range is some: false, is_range_equal: false
[2m2026-09-15T23:00:14.688027Z[0m [34mDEBUG[0m [1mController[0m[1m{[0m[3mproof_id[0m[2m=[0mproof_01m2kb91v9egga9yypcwvj99mg [3mtask_id[0m[2m=[0mlocal_worker_01m2kb91vje0h9884c5b5mxpp4[1m}[0m[2m:[0m[1mreduce[0m[2m:[0m [2msp1_prover::worker::client::local[0m[2m:[0m submitting task of kind RecursionReduce
[2m2026-09-15T23:00:14.688285Z[0m [34mDEBUG[0m [1mController[0m[1m{[0m[3mproof_id[0m[2m=[0mproof_01m2kb91v9egga9yypcwvj99mg [3mtask_id[0m[2m=[0mlocal_worker_01m2kb91vje0h9884c5b5mxpp4[1m}[0m[2m:[0m[1mreduce[0m[2m:[0m [2msp1_prover::worker::controller::compress[0m[2m:[0m Checking if complete: Pending tasks: 2, map is empty: false, full range is some: false, is_range_equal: false
[2m2026-09-15T23:00:14.688297Z[0m [34mDEBUG[0m [1mController[0m[1m{[0m[3mproof_id[0m[2m=[0mproof_01m2kb91v9egga9yypcwvj99mg [3mtask_id[0m[2m=[0mlocal_worker_01m2kb91vje0h9884c5b5mxpp4[1m}[0m[2m:[0m[1mreduce[0m[2m:[0m [2msp1_prover::worker::controller::compress[0m[2m:[0m No neighboring range found, adding proof to tree
[2m2026-09-15T23:00:14.690450Z[0m [34mDEBUG[0m [1mCoreExecute[0m[1m{[0m[3mproof_id[0m[2m=[0mproof_01m2kb91v9egga9yypcwvj99mg [3mtask_id[0m[2m=[0mlocal_worker_01m2kb9chkez19hnxxwd2t5t4q[1m}[0m[2m:[0m[1memit precompile shards[0m[2m:[0m[1mdeferred sender[0m[2m:[0m [2msp1_prover::worker::controller::precompiles[0m[2m:[0m received deferred marker task status: Succeeded [3mtask_id[0m[2m=[0m"local_worker_01m2kgkdx5fb0amd8vshxwrw2r"
[2m2026-09-15T23:00:14.730329Z[0m [34mDEBUG[0m [1mProveShard[0m[1m{[0m[3mproof_id[0m[2m=[0mproof_01m2kb91v9egga9yypcwvj99mg [3mtask_id[0m[2m=[0mlocal_worker_01m2kkz1n7f8rt6mbs3tp9hbrk[1m}[0m[2m:[0m[1minto_record[0m[2m:[0m [2msp1_prover::worker::prover::core[0m[2m:[0m precompile events: code SECP256K1_ADD
[2m2026-09-15T23:00:14.751309Z[0m [34mDEBUG[0m [1mCoreExecute[0m[1m{[0m[3mproof_id[0m[2m=[0mproof_01m2kb91v9egga9yypcwvj99mg [3mtask_id[0m[2m=[0mlocal_worker_01m2kb9chkez19hnxxwd2t5t4q[1m}[0m[2m:[0m[1memit precompile shards[0m[2m:[0m[1mdeferred sender[0m[2m:[0m [2msp1_prover::worker::controller::precompiles[0m[2m:[0m received deferred marker task status: Succeeded [3mtask_id[0m[2m=[0m"local_worker_01m2kgtv8nf1htns99drm491h7"
[2m2026-09-15T23:00:14.762743Z[0m [34mDEBUG[0m [1mCoreExecute[0m[1m{[0m[3mproof_id[0m[2m=[0mproof_01m2kb91v9egga9yypcwvj99mg [3mtask_id[0m[2m=[0mlocal_worker_01m2kb9chkez19hnxxwd2t5t4q[1m}[0m[2m:[0m[1memit precompile shards[0m[2m:[0m[1mdeferred sender[0m[2m:[0m [2msp1_prover::worker::controller::precompiles[0m[2m:[0m received deferred marker task status: Succeeded [3mtask_id[0m[2m=[0m"local_worker_01m2kh0as4e5sbbvdxxr63m311"
[2m2026-09-15T23:00:14.762830Z[0m [34mDEBUG[0m [1mCoreExecute[0m[1m{[0m[3mproof_id[0m[2m=[0mproof_01m2kb91v9egga9yypcwvj99mg [3mtask_id[0m[2m=[0mlocal_worker_01m2kb9chkez19hnxxwd2t5t4q[1m}[0m[2m:[0m[1memit precompile shards[0m[2m:[0m[1mdeferred sender[0m[2m:[0m [2msp1_prover::worker::controller::precompiles[0m[2m:[0m received deferred marker task status: Succeeded [3mtask_id[0m[2m=[0m"local_worker_01m2kh7rrmfpsb8gxcqwyftcfr"
[2m2026-09-15T23:00:14.762948Z[0m [34mDEBUG[0m [1mCoreExecute[0m[1m{[0m[3mproof_id[0m[2m=[0mproof_01m2kb91v9egga9yypcwvj99mg [3mtask_id[0m[2m=[0mlocal_worker_01m2kb9chkez19hnxxwd2t5t4q[1m}[0m[2m:[0m[1memit precompile shards[0m[2m:[0m[1mdeferred sender[0m[2m:[0m [2msp1_prover::worker::controller::precompiles[0m[2m:[0m received deferred marker task status: Succeeded [3mtask_id[0m[2m=[0m"local_worker_01m2khbj9mf78r1j90w6yc7v9q"
[2m2026-09-15T23:00:14.763051Z[0m [34mDEBUG[0m [1mCoreExecute[0m[1m{[0m[3mproof_id[0m[2m=[0mproof_01m2kb91v9egga9yypcwvj99mg [3mtask_id[0m[2m=[0mlocal_worker_01m2kb9chkez19hnxxwd2t5t4q[1m}[0m[2m:[0m[1memit precompile shards[0m[2m:[0m[1mdeferred sender[0m[2m:[0m [2msp1_prover::worker::client::local[0m[2m:[0m submitting task of kind ProveShard
[2m2026-09-15T23:01:49.828465Z[0m [34mDEBUG[0m [1mRecursionReduce[0m[1m{[0m[3mproof_id[0m[2m=[0mproof_01m2kb91v9egga9yypcwvj99mg [3mtask_id[0m[2m=[0mlocal_worker_01m2kmsaq0e61rsk1x9dp7tqnf[1m}[0m[2m:[0m [2msp1_prover::worker::node::full::init[0m[2m:[0m task succeeded
[2m2026-09-15T23:01:49.828521Z[0m [34mDEBUG[0m [1mController[0m[1m{[0m[3mproof_id[0m[2m=[0mproof_01m2kb91v9egga9yypcwvj99mg [3mtask_id[0m[2m=[0mlocal_worker_01m2kb91vje0h9884c5b5mxpp4[1m}[0m[2m:[0m[1mreduce[0m[2m:[0m [2msp1_prover::worker::controller::compress[0m[2m:[0m Checking if complete: Pending tasks: 1, map is empty: false, full range is some: false, is_range_equal: false
[2m2026-09-15T23:01:49.828533Z[0m [34mDEBUG[0m [1mController[0m[1m{[0m[3mproof_id[0m[2m=[0mproof_01m2kb91v9egga9yypcwvj99mg [3mtask_id[0m[2m=[0mlocal_worker_01m2kb91vje0h9884c5b5mxpp4[1m}[0m[2m:[0m[1mreduce[0m[2m:[0m [2msp1_prover::worker::controller::compress[0m[2m:[0m Found sibling
[2m2026-09-15T23:01:49.828537Z[0m [34mDEBUG[0m [1mController[0m[1m{[0m[3mproof_id[0m[2m=[0mproof_01m2kb91v9egga9yypcwvj99mg [3mtask_id[0m[2m=[0mlocal_worker_01m2kb91vje0h9884c5b5mxpp4[1m}[0m[2m:[0m[1mreduce[0m[2m:[0m [2msp1_prover::worker::controller::compress[0m[2m:[0m Checking if complete: Pending tasks: 1, map is empty: true, full range is some: false, is_range_equal: false
[2m2026-09-15T23:01:49.828562Z[0m [34mDEBUG[0m [1mController[0m[1m{[0m[3mproof_id[0m[2m=[0mproof_01m2kb91v9egga9yypcwvj99mg [3mtask_id[0m[2m=[0mlocal_worker_01m2kb91vje0h9884c5b5mxpp4[1m}[0m[2m:[0m[1mreduce[0m[2m:[0m [2msp1_prover::worker::client::local[0m[2m:[0m submitting task of kind RecursionReduce
[2m2026-09-15T23:02:55.040574Z[0m [34mDEBUG[0m [1mRecursionReduce[0m[1m{[0m[3mproof_id[0m[2m=[0mproof_01m2kb91v9egga9yypcwvj99mg [3mtask_id[0m[2m=[0mlocal_worker_01m2kmw7m4e5svj7srp1ff4mt5[1m}[0m[2m:[0m [2msp1_prover::worker::node::full::init[0m[2m:[0m task succeeded
[2m2026-09-15T23:02:55.040634Z[0m [34mDEBUG[0m [1mController[0m[1m{[0m[3mproof_id[0m[2m=[0mproof_01m2kb91v9egga9yypcwvj99mg [3mtask_id[0m[2m=[0mlocal_worker_01m2kb91vje0h9884c5b5mxpp4[1m}[0m[2m:[0m[1mreduce[0m[2m:[0m [2msp1_prover::worker::controller::compress[0m[2m:[0m Checking if complete: Pending tasks: 1, map is empty: true, full range is some: false, is_range_equal: false
[2m2026-09-15T23:02:55.040647Z[0m [34mDEBUG[0m [1mController[0m[1m{[0m[3mproof_id[0m[2m=[0mproof_01m2kb91v9egga9yypcwvj99mg [3mtask_id[0m[2m=[0mlocal_worker_01m2kb91vje0h9884c5b5mxpp4[1m}[0m[2m:[0m[1mreduce[0m[2m:[0m [2msp1_prover::worker::controller::compress[0m[2m:[0m No neighboring range found, adding proof to tree
[2m2026-09-15T23:04:04.788336Z[0m [34mDEBUG[0m [1mProveShard[0m[1m{[0m[3mproof_id[0m[2m=[0mproof_01m2kb91v9egga9yypcwvj99mg [3mtask_id[0m[2m=[0mlocal_worker_01m2kkz1n7f8rt6mbs3tp9hbrk[1m}[0m[2m:[0m [2msp1_prover::worker::node::full::init[0m[2m:[0m task succeeded
[2m2026-09-15T23:04:04.788975Z[0m [34mDEBUG[0m [1mCoreExecute[0m[1m{[0m[3mproof_id[0m[2m=[0mproof_01m2kb91v9egga9yypcwvj99mg [3mtask_id[0m[2m=[0mlocal_worker_01m2kb9chkez19hnxxwd2t5t4q[1m}[0m[2m:[0m[1memit precompile shards[0m[2m:[0m[1mdeferred listener[0m[2m:[0m [2msp1_prover::worker::controller::precompiles[0m[2m:[0m received deferred message with task id TaskId("local_worker_01m2kmg301er1bqhrp9eqj5vrk")
[2m2026-09-15T23:04:04.801609Z[0m [34mDEBUG[0m [1mCoreExecute[0m[1m{[0m[3mproof_id[0m[2m=[0mproof_01m2kb91v9egga9yypcwvj99mg [3mtask_id[0m[2m=[0mlocal_worker_01m2kb9chkez19hnxxwd2t5t4q[1m}[0m[2m:[0m[1mminimal executor[0m[2m:[0m[1msplicing[0m[1m{[0m[3midx[0m[2m=[0m0[1m}[0m[2m:[0m[1mget splices to serialize[0m[2m:[0m[1msend splice[0m[2m:[0m [2msp1_prover::worker::client::local[0m[2m:[0m submitting task of kind MarkerDeferredRecord
[2m2026-09-15T23:04:04.802811Z[0m [34mDEBUG[0m [1mCoreExecute[0m[1m{[0m[3mproof_id[0m[2m=[0mproof_01m2kb91v9egga9yypcwvj99mg [3mtask_id[0m[2m=[0mlocal_worker_01m2kb9chkez19hnxxwd2t5t4q[1m}[0m[2m:[0m[1mminimal executor[0m[2m:[0m[1msplicing[0m[1m{[0m[3midx[0m[2m=[0m0[1m}[0m[2m:[0m[1mget splices to serialize[0m[2m:[0m[1msend splice[0m[2m:[0m [2msp1_prover::worker::client::local[0m[2m:[0m submitting task of kind ProveShard
[2m2026-09-15T23:04:04.833082Z[0m [34mDEBUG[0m [1mProveShard[0m[1m{[0m[3mproof_id[0m[2m=[0mproof_01m2kb91v9egga9yypcwvj99mg [3mtask_id[0m[2m=[0mlocal_worker_01m2km2rrrf48tk9mnas15z0m4[1m}[0m[2m:[0m[1minto_record[0m[2m:[0m [2msp1_prover::worker::prover::core[0m[2m:[0m tracing chunk at clk range: 174429401..177476169
[2m2026-09-15T23:06:07.868954Z[0m [34mDEBUG[0m [1mProveShard[0m[1m{[0m[3mproof_id[0m[2m=[0mproof_01m2kb91v9egga9yypcwvj99mg [3mtask_id[0m[2m=[0mlocal_worker_01m2km2rrrf48tk9mnas15z0m4[1m}[0m[2m:[0m [2msp1_prover::worker::node::full::init[0m[2m:[0m task succeeded
[2m2026-09-15T23:06:07.869605Z[0m [34mDEBUG[0m [1mController[0m[1m{[0m[3mproof_id[0m[2m=[0mproof_01m2kb91v9egga9yypcwvj99mg [3mtask_id[0m[2m=[0mlocal_worker_01m2kb91vje0h9884c5b5mxpp4[1m}[0m[2m:[0m[1mreduce[0m[2m:[0m [2msp1_prover::worker::controller::compress[0m[2m:[0m Checking if complete: Pending tasks: 1, map is empty: false, full range is some: false, is_range_equal: false
[2m2026-09-15T23:06:07.869627Z[0m [34mDEBUG[0m [1mController[0m[1m{[0m[3mproof_id[0m[2m=[0mproof_01m2kb91v9egga9yypcwvj99mg [3mtask_id[0m[2m=[0mlocal_worker_01m2kb91vje0h9884c5b5mxpp4[1m}[0m[2m:[0m[1mreduce[0m[2m:[0m [2msp1_prover::worker::controller::compress[0m[2m:[0m Found sibling
[2m2026-09-15T23:06:07.869633Z[0m [34mDEBUG[0m [1mController[0m[1m{[0m[3mproof_id[0m[2m=[0mproof_01m2kb91v9egga9yypcwvj99mg [3mtask_id[0m[2m=[0mlocal_worker_01m2kb91vje0h9884c5b5mxpp4[1m}[0m[2m:[0m[1mreduce[0m[2m:[0m [2msp1_prover::worker::controller::compress[0m[2m:[0m Checking if complete: Pending tasks: 1, map is empty: true, full range is some: false, is_range_equal: false
[2m2026-09-15T23:06:07.869642Z[0m [34mDEBUG[0m [1mController[0m[1m{[0m[3mproof_id[0m[2m=[0mproof_01m2kb91v9egga9yypcwvj99mg [3mtask_id[0m[2m=[0mlocal_worker_01m2kb91vje0h9884c5b5mxpp4[1m}[0m[2m:[0m[1mreduce[0m[2m:[0m [2msp1_prover::worker::controller::compress[0m[2m:[0m Checking if complete: Pending tasks: 1, map is empty: false, full range is some: false, is_range_equal: false
[2m2026-09-15T23:06:07.869648Z[0m [34mDEBUG[0m [1mController[0m[1m{[0m[3mproof_id[0m[2m=[0mproof_01m2kb91v9egga9yypcwvj99mg [3mtask_id[0m[2m=[0mlocal_worker_01m2kb91vje0h9884c5b5mxpp4[1m}[0m[2m:[0m[1mreduce[0m[2m:[0m [2msp1_prover::worker::controller::compress[0m[2m:[0m Found sibling
[2m2026-09-15T23:06:07.869653Z[0m [34mDEBUG[0m [1mController[0m[1m{[0m[3mproof_id[0m[2m=[0mproof_01m2kb91v9egga9yypcwvj99mg [3mtask_id[0m[2m=[0mlocal_worker_01m2kb91vje0h9884c5b5mxpp4[1m}[0m[2m:[0m[1mreduce[0m[2m:[0m [2msp1_prover::worker::controller::compress[0m[2m:[0m Checking if complete: Pending tasks: 1, map is empty: true, full range is some: false, is_range_equal: false
[2m2026-09-15T23:06:07.869652Z[0m [34mDEBUG[0m [1mCoreExecute[0m[1m{[0m[3mproof_id[0m[2m=[0mproof_01m2kb91v9egga9yypcwvj99mg [3mtask_id[0m[2m=[0mlocal_worker_01m2kb9chkez19hnxxwd2t5t4q[1m}[0m[2m:[0m[1memit precompile shards[0m[2m:[0m[1mdeferred listener[0m[2m:[0m [2msp1_prover::worker::controller::precompiles[0m[2m:[0m received deferred message with task id TaskId("local_worker_01m2kmnf4he49b529mn51a0tb6")
[2m2026-09-15T23:06:07.869662Z[0m [34mDEBUG[0m [1mController[0m[1m{[0m[3mproof_id[0m[2m=[0mproof_01m2kb91v9egga9yypcwvj99mg [3mtask_id[0m[2m=[0mlocal_worker_01m2kb91vje0h9884c5b5mxpp4[1m}[0m[2m:[0m[1mreduce[0m[2m:[0m [2msp1_prover::worker::controller::compress[0m[2m:[0m Checking if complete: Pending tasks: 5, map is empty: false, full range is some: false, is_range_equal: false
[2m2026-09-15T23:06:07.869669Z[0m [34mDEBUG[0m [1mController[0m[1m{[0m[3mproof_id[0m[2m=[0mproof_01m2kb91v9egga9yypcwvj99mg [3mtask_id[0m[2m=[0mlocal_worker_01m2kb91vje0h9884c5b5mxpp4[1m}[0m[2m:[0m[1mreduce[0m[2m:[0m [2msp1_prover::worker::controller::compress[0m[2m:[0m Found sibling
[2m2026-09-15T23:06:07.869673Z[0m [34mDEBUG[0m [1mController[0m[1m{[0m[3mproof_id[0m[2m=[0mproof_01m2kb91v9egga9yypcwvj99mg [3mtask_id[0m[2m=[0mlocal_worker_01m2kb91vje0h9884c5b5mxpp4[1m}[0m[2m:[0m[1mreduce[0m[2m:[0m [2msp1_prover::worker::controller::compress[0m[2m:[0m Checking if complete: Pending tasks: 5, map is empty: true, full range is some: false, is_range_equal: false
[2m2026-09-15T23:06:07.869697Z[0m [34mDEBUG[0m [1mController[0m[1m{[0m[3mproof_id[0m[2m=[0mproof_01m2kb91v9egga9yypcwvj99mg [3mtask_id[0m[2m=[0mlocal_worker_01m2kb91vje0h9884c5b5mxpp4[1m}[0m[2m:[0m[1mreduce[0m[2m:[0m [2msp1_prover::worker::client::local[0m[2m:[0m submitting task of kind RecursionReduce
[2m2026-09-15T23:06:07.869724Z[0m [34mDEBUG[0m [1mController[0m[1m{[0m[3mproof_id[0m[2m=[0mproof_01m2kb91v9egga9yypcwvj99mg [3mtask_id[0m[2m=[0mlocal_worker_01m2kb91vje0h9884c5b5mxpp4[1m}[0m[2m:[0m[1mreduce[0m[2m:[0m [2msp1_prover::worker::controller::compress[0m[2m:[0m Checking if complete: Pending tasks: 7, map is empty: true, full range is some: false, is_range_equal: false
[2m2026-09-15T23:06:07.869730Z[0m [34mDEBUG[0m [1mController[0m[1m{[0m[3mproof_id[0m[2m=[0mproof_01m2kb91v9egga9yypcwvj99mg [3mtask_id[0m[2m=[0mlocal_worker_01m2kb91vje0h9884c5b5mxpp4[1m}[0m[2m:[0m[1mreduce[0m[2m:[0m [2msp1_prover::worker::controller::compress[0m[2m:[0m No neighboring range found, adding proof to tree
[2m2026-09-15T23:06:07.869735Z[0m [34mDEBUG[0m [1mController[0m[1m{[0m[3mproof_id[0m[2m=[0mproof_01m2kb91v9egga9yypcwvj99mg [3mtask_id[0m[2m=[0mlocal_worker_01m2kb91vje0h9884c5b5mxpp4[1m}[0m[2m:[0m[1mreduce[0m[2m:[0m [2msp1_prover::worker::controller::compress[0m[2m:[0m Checking if complete: Pending tasks: 6, map is empty: false, full range is some: false, is_range_equal: false
[2m2026-09-15T23:06:07.869741Z[0m [34mDEBUG[0m [1mController[0m[1m{[0m[3mproof_id[0m[2m=[0mproof_01m2kb91v9egga9yypcwvj99mg [3mtask_id[0m[2m=[0mlocal_worker_01m2kb91vje0h9884c5b5mxpp4[1m}[0m[2m:[0m[1mreduce[0m[2m:[0m [2msp1_prover::worker::controller::compress[0m[2m:[0m Found sibling
[2m2026-09-15T23:06:07.869745Z[0m [34mDEBUG[0m [1mController[0m[1m{[0m[3mproof_id[0m[2m=[0mproof_01m2kb91v9egga9yypcwvj99mg [3mtask_id[0m[2m=[0mlocal_worker_01m2kb91vje0h9884c5b5mxpp4[1m}[0m[2m:[0m[1mreduce[0m[2m:[0m [2msp1_prover::worker::controller::compress[0m[2m:[0m Checking if complete: Pending tasks: 6, map is empty: true, full range is some: false, is_range_equal: false
[2m2026-09-15T23:06:07.869773Z[0m [34mDEBUG[0m [1mController[0m[1m{[0m[3mproof_id[0m[2m=[0mproof_01m2kb91v9egga9yypcwvj99mg [3mtask_id[0m[2m=[0mlocal_worker_01m2kb91vje0h9884c5b5mxpp4[1m}[0m[2m:[0m[1mreduce[0m[2m:[0m [2msp1_prover::worker::controller::compress[0m[2m:[0m Checking if complete: Pending tasks: 5, map is empty: false, full range is some: false, is_range_equal: false
[2m2026-09-15T23:06:07.869778Z[0m [34mDEBUG[0m [1mController[0m[1m{[0m[3mproof_id[0m[2m=[0mproof_01m2kb91v9egga9yypcwvj99mg [3mtask_id[0m[2m=[0mlocal_worker_01m2kb91vje0h9884c5b5mxpp4[1m}[0m[2m:[0m[1mreduce[0m[2m:[0m [2msp1_prover::worker::controller::compress[0m[2m:[0m No neighboring range found, adding proof to tree
[2m2026-09-15T23:06:07.869796Z[0m [34mDEBUG[0m [1mController[0m[1m{[0m[3mproof_id[0m[2m=[0mproof_01m2kb91v9egga9yypcwvj99mg [3mtask_id[0m[2m=[0mlocal_worker_01m2kb91vje0h9884c5b5mxpp4[1m}[0m[2m:[0m[1mreduce[0m[2m:[0m [2msp1_prover::worker::controller::compress[0m[2m:[0m Checking if complete: Pending tasks: 4, map is empty: false, full range is some: false, is_range_equal: false
[2m2026-09-15T23:06:07.869802Z[0m [34mDEBUG[0m [1mController[0m[1m{[0m[3mproof_id[0m[2m=[0mproof_01m2kb91v9egga9yypcwvj99mg [3mtask_id[0m[2m=[0mlocal_worker_01m2kb91vje0h9884c5b5mxpp4[1m}[0m[2m:[0m[1mreduce[0m[2m:[0m [2msp1_prover::worker::controller::compress[0m[2m:[0m Found sibling
[2m2026-09-15T23:06:07.869806Z[0m [34mDEBUG[0m [1mController[0m[1m{[0m[3mproof_id[0m[2m=[0mproof_01m2kb91v9egga9yypcwvj99mg [3mtask_id[0m[2m=[0mlocal_worker_01m2kb91vje0h9884c5b5mxpp4[1m}[0m[2m:[0m[1mreduce[0m[2m:[0m [2msp1_prover::worker::controller::compress[0m[2m:[0m Checking if complete: Pending tasks: 4, map is empty: false, full range is some: false, is_range_equal: false
[2m2026-09-15T23:06:07.869813Z[0m [34mDEBUG[0m [1mController[0m[1m{[0m[3mproof_id[0m[2m=[0mproof_01m2kb91v9egga9yypcwvj99mg [3mtask_id[0m[2m=[0mlocal_worker_01m2kb91vje0h9884c5b5mxpp4[1m}[0m[2m:[0m[1mreduce[0m[2m:[0m [2msp1_prover::worker::controller::compress[0m[2m:[0m Checking if complete: Pending tasks: 3, map is empty: false, full range is some: false, is_range_equal: false
[2m2026-09-15T23:06:07.869819Z[0m [34mDEBUG[0m [1mController[0m[1m{[0m[3mproof_id[0m[2m=[0mproof_01m2kb91v9egga9yypcwvj99mg [3mtask_id[0m[2m=[0mlocal_worker_01m2kb91vje0h9884c5b5mxpp4[1m}[0m[2m:[0m[1mreduce[0m[2m:[0m [2msp1_prover::worker::controller::compress[0m[2m:[0m Found sibling
[2m2026-09-15T23:06:07.869823Z[0m [34mDEBUG[0m [1mController[0m[1m{[0m[3mproof_id[0m[2m=[0mproof_01m2kb91v9egga9yypcwvj99mg [3mtask_id[0m[2m=[0mlocal_worker_01m2kb91vje0h9884c5b5mxpp4[1m}[0m[2m:[0m[1mreduce[0m[2m:[0m [2msp1_prover::worker::controller::compress[0m[2m:[0m Checking if complete: Pending tasks: 3, map is empty: false, full range is some: false, is_range_equal: false
[2m2026-09-15T23:06:07.869837Z[0m [34mDEBUG[0m [1mController[0m[1m{[0m[3mproof_id[0m[2m=[0mproof_01m2kb91v9egga9yypcwvj99mg [3mtask_id[0m[2m=[0mlocal_worker_01m2kb91vje0h9884c5b5mxpp4[1m}[0m[2m:[0m[1mreduce[0m[2m:[0m [2msp1_prover::worker::client::local[0m[2m:[0m submitting task of kind RecursionReduce
[2m2026-09-15T23:06:07.869857Z[0m [34mDEBUG[0m [1mController[0m[1m{[0m[3mproof_id[0m[2m=[0mproof_01m2kb91v9egga9yypcwvj99mg [3mtask_id[0m[2m=[0mlocal_worker_01m2kb91vje0h9884c5b5mxpp4[1m}[0m[2m:[0m[1mreduce[0m[2m:[0m [2msp1_prover::worker::controller::compress[0m[2m:[0m Checking if complete: Pending tasks: 3, map is empty: false, full range is some: false, is_range_equal: false
[2m2026-09-15T23:06:07.869864Z[0m [34mDEBUG[0m [1mController[0m[1m{[0m[3mproof_id[0m[2m=[0mproof_01m2kb91v9egga9yypcwvj99mg [3mtask_id[0m[2m=[0mlocal_worker_01m2kb91vje0h9884c5b5mxpp4[1m}[0m[2m:[0m[1mreduce[0m[2m:[0m [2msp1_prover::worker::controller::compress[0m[2m:[0m Found sibling
[2m2026-09-15T23:06:07.869868Z[0m [34mDEBUG[0m [1mController[0m[1m{[0m[3mproof_id[0m[2m=[0mproof_01m2kb91v9egga9yypcwvj99mg [3mtask_id[0m[2m=[0mlocal_worker_01m2kb91vje0h9884c5b5mxpp4[1m}[0m[2m:[0m[1mreduce[0m[2m:[0m [2msp1_prover::worker::controller::compress[0m[2m:[0m Checking if complete: Pending tasks: 3, map is empty: true, full range is some: false, is_range_equal: false
[2m2026-09-15T23:06:07.933485Z[0m [34mDEBUG[0m [1mProveShard[0m[1m{[0m[3mproof_id[0m[2m=[0mproof_01m2kb91v9egga9yypcwvj99mg [3mtask_id[0m[2m=[0mlocal_worker_01m2km8d1aez99wxbfqa6j7n63[1m}[0m[2m:[0m[1minto_record[0m[2m:[0m [2msp1_prover::worker::prover::core[0m[2m:[0m tracing chunk at clk range: 177476169..180507881
[2m2026-09-15T23:08:01.613592Z[0m [34mDEBUG[0m [1mRecursionReduce[0m[1m{[0m[3mproof_id[0m[2m=[0mproof_01m2kb91v9egga9yypcwvj99mg [3mtask_id[0m[2m=[0mlocal_worker_01m2kn43kxexrtt94s6zes4ttx[1m}[0m[2m:[0m [2msp1_prover::worker::node::full::init[0m[2m:[0m task succeeded
[2m2026-09-15T23:08:01.613979Z[0m [34mDEBUG[0m [1mController[0m[1m{[0m[3mproof_id[0m[2m=[0mproof_01m2kb91v9egga9yypcwvj99mg [3mtask_id[0m[2m=[0mlocal_worker_01m2kb91vje0h9884c5b5mxpp4[1m}[0m[2m:[0m[1mreduce[0m[2m:[0m [2msp1_prover::worker::controller::compress[0m[2m:[0m Checking if complete: Pending tasks: 2, map is empty: false, full range is some: false, is_range_equal: false
[2m2026-09-15T23:08:01.614225Z[0m [34mDEBUG[0m [1mController[0m[1m{[0m[3mproof_id[0m[2m=[0mproof_01m2kb91v9egga9yypcwvj99mg [3mtask_id[0m[2m=[0mlocal_worker_01m2kb91vje0h9884c5b5mxpp4[1m}[0m[2m:[0m[1mreduce[0m[2m:[0m [2msp1_prover::worker::controller::compress[0m[2m:[0m Found sibling
[2m2026-09-15T23:08:01.614237Z[0m [34mDEBUG[0m [1mController[0m[1m{[0m[3mproof_id[0m[2m=[0mproof_01m2kb91v9egga9yypcwvj99mg [3mtask_id[0m[2m=[0mlocal_worker_01m2kb91vje0h9884c5b5mxpp4[1m}[0m[2m:[0m[1mreduce[0m[2m:[0m [2msp1_prover::worker::controller::compress[0m[2m:[0m Checking if complete: Pending tasks: 2, map is empty: true, full range is some: false, is_range_equal: false
[2m2026-09-15T23:08:58.669048Z[0m [34mDEBUG[0m [1mRecursionReduce[0m[1m{[0m[3mproof_id[0m[2m=[0mproof_01m2kb91v9egga9yypcwvj99mg [3mtask_id[0m[2m=[0mlocal_worker_01m2kn43kxexrtt94sakwrxj63[1m}[0m[2m:[0m [2msp1_prover::worker::node::full::init[0m[2m:[0m task succeeded
[2m2026-09-15T23:08:58.669103Z[0m [34mDEBUG[0m [1mController[0m[1m{[0m[3mproof_id[0m[2m=[0mproof_01m2kb91v9egga9yypcwvj99mg [3mtask_id[0m[2m=[0mlocal_worker_01m2kb91vje0h9884c5b5mxpp4[1m}[0m[2m:[0m[1mreduce[0m[2m:[0m [2msp1_prover::worker::controller::compress[0m[2m:[0m Checking if complete: Pending tasks: 1, map is empty: false, full range is some: false, is_range_equal: false
[2m2026-09-15T23:08:58.669115Z[0m [34mDEBUG[0m [1mController[0m[1m{[0m[3mproof_id[0m[2m=[0mproof_01m2kb91v9egga9yypcwvj99mg [3mtask_id[0m[2m=[0mlocal_worker_01m2kb91vje0h9884c5b5mxpp4[1m}[0m[2m:[0m[1mreduce[0m[2m:[0m [2msp1_prover::worker::controller::compress[0m[2m:[0m Found sibling
[2m2026-09-15T23:08:58.669119Z[0m [34mDEBUG[0m [1mController[0m[1m{[0m[3mproof_id[0m[2m=[0mproof_01m2kb91v9egga9yypcwvj99mg [3mtask_id[0m[2m=[0mlocal_worker_01m2kb91vje0h9884c5b5mxpp4[1m}[0m[2m:[0m[1mreduce[0m[2m:[0m [2msp1_prover::worker::controller::compress[0m[2m:[0m Checking if complete: Pending tasks: 1, map is empty: true, full range is some: false, is_range_equal: false
[2m2026-09-15T23:08:58.675783Z[0m [34mDEBUG[0m [1mController[0m[1m{[0m[3mproof_id[0m[2m=[0mproof_01m2kb91v9egga9yypcwvj99mg [3mtask_id[0m[2m=[0mlocal_worker_01m2kb91vje0h9884c5b5mxpp4[1m}[0m[2m:[0m[1mreduce[0m[2m:[0m [2msp1_prover::worker::client::local[0m[2m:[0m submitting task of kind RecursionReduce
[2m2026-09-15T23:10:12.867042Z[0m [34mDEBUG[0m [1mProveShard[0m[1m{[0m[3mproof_id[0m[2m=[0mproof_01m2kb91v9egga9yypcwvj99mg [3mtask_id[0m[2m=[0mlocal_worker_01m2km8d1aez99wxbfqa6j7n63[1m}[0m[2m:[0m [2msp1_prover::worker::node::full::init[0m[2m:[0m task succeeded
[2m2026-09-15T23:10:12.880241Z[0m [34mDEBUG[0m [1mCoreExecute[0m[1m{[0m[3mproof_id[0m[2m=[0mproof_01m2kb91v9egga9yypcwvj99mg [3mtask_id[0m[2m=[0mlocal_worker_01m2kb9chkez19hnxxwd2t5t4q[1m}[0m[2m:[0m[1memit precompile shards[0m[2m:[0m[1mdeferred sender[0m[2m:[0m [2msp1_prover::worker::controller::precompiles[0m[2m:[0m received deferred marker task status: Succeeded [3mtask_id[0m[2m=[0m"local_worker_01m2khpd09fzg905ebvw3hq405"
[2m2026-09-15T23:10:12.880424Z[0m [34mDEBUG[0m [1mCoreExecute[0m[1m{[0m[3mproof_id[0m[2m=[0mproof_01m2kb91v9egga9yypcwvj99mg [3mtask_id[0m[2m=[0mlocal_worker_01m2kb9chkez19hnxxwd2t5t4q[1m}[0m[2m:[0m[1memit precompile shards[0m[2m:[0m[1mdeferred sender[0m[2m:[0m [2msp1_prover::worker::controller::precompiles[0m[2m:[0m received deferred marker task status: Succeeded [3mtask_id[0m[2m=[0m"local_worker_01m2khvyanezga1qvkbvgbxdjt"
[2m2026-09-15T23:10:12.880483Z[0m [34mDEBUG[0m [1mCoreExecute[0m[1m{[0m[3mproof_id[0m[2m=[0mproof_01m2kb91v9egga9yypcwvj99mg [3mtask_id[0m[2m=[0mlocal_worker_01m2kb9chkez19hnxxwd2t5t4q[1m}[0m[2m:[0m[1memit precompile shards[0m[2m:[0m[1mdeferred sender[0m[2m:[0m [2msp1_prover::worker::controller::precompiles[0m[2m:[0m received deferred marker task status: Succeeded [3mtask_id[0m[2m=[0m"local_worker_01m2kj3ebpfr9se3dqfd0ac8m6"
[2m2026-09-15T23:10:12.880581Z[0m [34mDEBUG[0m [1mCoreExecute[0m[1m{[0m[3mproof_id[0m[2m=[0mproof_01m2kb91v9egga9yypcwvj99mg [3mtask_id[0m[2m=[0mlocal_worker_01m2kb9chkez19hnxxwd2t5t4q[1m}[0m[2m:[0m[1memit precompile shards[0m[2m:[0m[1mdeferred sender[0m[2m:[0m [2msp1_prover::worker::client::local[0m[2m:[0m submitting task of kind ProveShard
[2m2026-09-15T23:10:13.001218Z[0m [34mDEBUG[0m [1mProveShard[0m[1m{[0m[3mproof_id[0m[2m=[0mproof_01m2kb91v9egga9yypcwvj99mg [3mtask_id[0m[2m=[0mlocal_worker_01m2kmc5p9et8a61c95dt6r6cv[1m}[0m[2m:[0m[1minto_record[0m[2m:[0m [2msp1_prover::worker::prover::core[0m[2m:[0m precompile events: code KECCAK_PERMUTE
[2m2026-09-15T23:11:54.002722Z[0m [34mDEBUG[0m [1mRecursionReduce[0m[1m{[0m[3mproof_id[0m[2m=[0mproof_01m2kb91v9egga9yypcwvj99mg [3mtask_id[0m[2m=[0mlocal_worker_01m2kn9adkeq8smqrr48aeq6j1[1m}[0m[2m:[0m [2msp1_prover::worker::node::full::init[0m[2m:[0m task succeeded
[2m2026-09-15T23:11:54.002897Z[0m [34mDEBUG[0m [1mController[0m[1m{[0m[3mproof_id[0m[2m=[0mproof_01m2kb91v9egga9yypcwvj99mg [3mtask_id[0m[2m=[0mlocal_worker_01m2kb91vje0h9884c5b5mxpp4[1m}[0m[2m:[0m[1mreduce[0m[2m:[0m [2msp1_prover::worker::controller::compress[0m[2m:[0m Checking if complete: Pending tasks: 1, map is empty: true, full range is some: false, is_range_equal: false
[2m2026-09-15T23:11:54.002910Z[0m [34mDEBUG[0m [1mController[0m[1m{[0m[3mproof_id[0m[2m=[0mproof_01m2kb91v9egga9yypcwvj99mg [3mtask_id[0m[2m=[0mlocal_worker_01m2kb91vje0h9884c5b5mxpp4[1m}[0m[2m:[0m[1mreduce[0m[2m:[0m [2msp1_prover::worker::controller::compress[0m[2m:[0m No neighboring range found, adding proof to tree
[2m2026-09-15T23:13:04.623686Z[0m [34mDEBUG[0m [1mProveShard[0m[1m{[0m[3mproof_id[0m[2m=[0mproof_01m2kb91v9egga9yypcwvj99mg [3mtask_id[0m[2m=[0mlocal_worker_01m2kmc5p9et8a61c95dt6r6cv[1m}[0m[2m:[0m [2msp1_prover::worker::node::full::init[0m[2m:[0m task succeeded
[2m2026-09-15T23:13:04.626608Z[0m [34mDEBUG[0m [1mController[0m[1m{[0m[3mproof_id[0m[2m=[0mproof_01m2kb91v9egga9yypcwvj99mg [3mtask_id[0m[2m=[0mlocal_worker_01m2kb91vje0h9884c5b5mxpp4[1m}[0m[2m:[0m[1mreduce[0m[2m:[0m [2msp1_prover::worker::controller::compress[0m[2m:[0m Checking if complete: Pending tasks: 1, map is empty: false, full range is some: false, is_range_equal: false
[2m2026-09-15T23:13:04.626630Z[0m [34mDEBUG[0m [1mController[0m[1m{[0m[3mproof_id[0m[2m=[0mproof_01m2kb91v9egga9yypcwvj99mg [3mtask_id[0m[2m=[0mlocal_worker_01m2kb91vje0h9884c5b5mxpp4[1m}[0m[2m:[0m[1mreduce[0m[2m:[0m [2msp1_prover::worker::controller::compress[0m[2m:[0m Found sibling
[2m2026-09-15T23:13:04.626635Z[0m [34mDEBUG[0m [1mController[0m[1m{[0m[3mproof_id[0m[2m=[0mproof_01m2kb91v9egga9yypcwvj99mg [3mtask_id[0m[2m=[0mlocal_worker_01m2kb91vje0h9884c5b5mxpp4[1m}[0m[2m:[0m[1mreduce[0m[2m:[0m [2msp1_prover::worker::controller::compress[0m[2m:[0m Checking if complete: Pending tasks: 1, map is empty: true, full range is some: false, is_range_equal: false
[2m2026-09-15T23:13:04.627774Z[0m [34mDEBUG[0m [1mCoreExecute[0m[1m{[0m[3mproof_id[0m[2m=[0mproof_01m2kb91v9egga9yypcwvj99mg [3mtask_id[0m[2m=[0mlocal_worker_01m2kb9chkez19hnxxwd2t5t4q[1m}[0m[2m:[0m[1memit precompile shards[0m[2m:[0m[1mdeferred listener[0m[2m:[0m [2msp1_prover::worker::controller::precompiles[0m[2m:[0m received deferred message with task id TaskId("local_worker_01m2kn0be1e1srsd8y3psr55fw")
[2m2026-09-15T23:13:04.628670Z[0m [34mDEBUG[0m [1mCoreExecute[0m[1m{[0m[3mproof_id[0m[2m=[0mproof_01m2kb91v9egga9yypcwvj99mg [3mtask_id[0m[2m=[0mlocal_worker_01m2kb9chkez19hnxxwd2t5t4q[1m}[0m[2m:[0m[1mwait for splicers[0m[2m:[0m [2msp1_prover::worker::controller::core[0m[2m:[0m Splicing task finished [3mchunk_count[0m[2m=[0m0
[2m2026-09-15T23:13:04.628829Z[0m [34mDEBUG[0m [1mCoreExecute[0m[1m{[0m[3mproof_id[0m[2m=[0mproof_01m2kb91v9egga9yypcwvj99mg [3mtask_id[0m[2m=[0mlocal_worker_01m2kb9chkez19hnxxwd2t5t4q[1m}[0m[2m:[0m[1mwait for splicers[0m[2m:[0m [2msp1_prover::worker::controller::core[0m[2m:[0m No more splicing handles to receive
[2m2026-09-15T23:13:04.670549Z[0m [34mDEBUG[0m [1mProveShard[0m[1m{[0m[3mproof_id[0m[2m=[0mproof_01m2kb91v9egga9yypcwvj99mg [3mtask_id[0m[2m=[0mlocal_worker_01m2kmg306ep187dh9y75qcx0e[1m}[0m[2m:[0m[1minto_record[0m[2m:[0m [2msp1_prover::worker::prover::core[0m[2m:[0m tracing chunk at clk range: 180507881..183530945
[2m2026-09-15T23:13:05.075485Z[0m [34mDEBUG[0m [1mCoreExecute[0m[1m{[0m[3mproof_id[0m[2m=[0mproof_01m2kb91v9egga9yypcwvj99mg [3mtask_id[0m[2m=[0mlocal_worker_01m2kb9chkez19hnxxwd2t5t4q[1m}[0m[2m:[0m[1memit global memory shards[0m[2m:[0m[1mcollect global memory events[0m[2m:[0m [2msp1_prover::worker::controller::global[0m[2m:[0m emit global memory shard [3mshard_counter[0m[2m=[0m0 [3minit_len[0m[2m=[0m3281 [3mfinal_len[0m[2m=[0m40416 [3mlast_init_addr[0m[2m=[0m2013265912 [3mlast_finalize_addr[0m[2m=[0m2013562992
[2m2026-09-15T23:13:05.078996Z[0m [34mDEBUG[0m [1mCoreExecute[0m[1m{[0m[3mproof_id[0m[2m=[0mproof_01m2kb91v9egga9yypcwvj99mg [3mtask_id[0m[2m=[0mlocal_worker_01m2kb9chkez19hnxxwd2t5t4q[1m}[0m[2m:[0m[1memit global memory shards[0m[2m:[0m[1mcreate global memory shards[0m[2m:[0m [2msp1_prover::worker::client::local[0m[2m:[0m submitting task of kind ProveShard
[2m2026-09-15T23:13:05.129142Z[0m [34mDEBUG[0m [1mCoreExecute[0m[1m{[0m[3mproof_id[0m[2m=[0mproof_01m2kb91v9egga9yypcwvj99mg [3mtask_id[0m[2m=[0mlocal_worker_01m2kb9chkez19hnxxwd2t5t4q[1m}[0m[2m:[0m[1memit global memory shards[0m[2m:[0m[1mcollect global memory events[0m[2m:[0m [2msp1_prover::worker::controller::global[0m[2m:[0m emit global memory shard [3mshard_counter[0m[2m=[0m1 [3minit_len[0m[2m=[0m0 [3mfinal_len[0m[2m=[0m40416 [3mlast_init_addr[0m[2m=[0m2013265912 [3mlast_finalize_addr[0m[2m=[0m2013886320
[2m2026-09-15T23:13:05.129941Z[0m [34mDEBUG[0m [1mCoreExecute[0m[1m{[0m[3mproof_id[0m[2m=[0mproof_01m2kb91v9egga9yypcwvj99mg [3mtask_id[0m[2m=[0mlocal_worker_01m2kb9chkez19hnxxwd2t5t4q[1m}[0m[2m:[0m[1memit global memory shards[0m[2m:[0m[1mcreate global memory shards[0m[2m:[0m [2msp1_prover::worker::client::local[0m[2m:[0m submitting task of kind ProveShard
[2m2026-09-15T23:13:05.164913Z[0m [34mDEBUG[0m [1mCoreExecute[0m[1m{[0m[3mproof_id[0m[2m=[0mproof_01m2kb91v9egga9yypcwvj99mg [3mtask_id[0m[2m=[0mlocal_worker_01m2kb9chkez19hnxxwd2t5t4q[1m}[0m[2m:[0m[1memit global memory shards[0m[2m:[0m[1mcollect global memory events[0m[2m:[0m [2msp1_prover::worker::controller::global[0m[2m:[0m emit global memory shard [3mshard_counter[0m[2m=[0m2 [3minit_len[0m[2m=[0m0 [3mfinal_len[0m[2m=[0m40416 [3mlast_init_addr[0m[2m=[0m2013265912 [3mlast_finalize_addr[0m[2m=[0m2014213736
[2m2026-09-15T23:13:05.165429Z[0m [34mDEBUG[0m [1mCoreExecute[0m[1m{[0m[3mproof_id[0m[2m=[0mproof_01m2kb91v9egga9yypcwvj99mg [3mtask_id[0m[2m=[0mlocal_worker_01m2kb9chkez19hnxxwd2t5t4q[1m}[0m[2m:[0m[1memit global memory shards[0m[2m:[0m[1mcreate global memory shards[0m[2m:[0m [2msp1_prover::worker::client::local[0m[2m:[0m submitting task of kind ProveShard
[2m2026-09-15T23:13:05.179112Z[0m [34mDEBUG[0m [1mCoreExecute[0m[1m{[0m[3mproof_id[0m[2m=[0mproof_01m2kb91v9egga9yypcwvj99mg [3mtask_id[0m[2m=[0mlocal_worker_01m2kb9chkez19hnxxwd2t5t4q[1m}[0m[2m:[0m[1memit global memory shards[0m[2m:[0m[1mcollect global memory events[0m[2m:[0m [2msp1_prover::worker::controller::global[0m[2m:[0m emit global memory shard [3mshard_counter[0m[2m=[0m3 [3minit_len[0m[2m=[0m0 [3mfinal_len[0m[2m=[0m40416 [3mlast_init_addr[0m[2m=[0m2013265912 [3mlast_finalize_addr[0m[2m=[0m2014537064
[2m2026-09-15T23:13:05.179843Z[0m [34mDEBUG[0m [1mCoreExecute[0m[1m{[0m[3mproof_id[0m[2m=[0mproof_01m2kb91v9egga9yypcwvj99mg [3mtask_id[0m[2m=[0mlocal_worker_01m2kb9chkez19hnxxwd2t5t4q[1m}[0m[2m:[0m[1memit global memory shards[0m[2m:[0m[1mcreate global memory shards[0m[2m:[0m [2msp1_prover::worker::client::local[0m[2m:[0m submitting task of kind ProveShard
[2m2026-09-15T23:13:05.192619Z[0m [34mDEBUG[0m [1mCoreExecute[0m[1m{[0m[3mproof_id[0m[2m=[0mproof_01m2kb91v9egga9yypcwvj99mg [3mtask_id[0m[2m=[0mlocal_worker_01m2kb9chkez19hnxxwd2t5t4q[1m}[0m[2m:[0m[1memit global memory shards[0m[2m:[0m[1mcollect global memory events[0m[2m:[0m [2msp1_prover::worker::controller::global[0m[2m:[0m emit global memory shard [3mshard_counter[0m[2m=[0m4 [3minit_len[0m[2m=[0m0 [3mfinal_len[0m[2m=[0m40416 [3mlast_init_addr[0m[2m=[0m2013265912 [3mlast_finalize_addr[0m[2m=[0m2014860392
[2m2026-09-15T23:13:05.198455Z[0m [34mDEBUG[0m [1mCoreExecute[0m[1m{[0m[3mproof_id[0m[2m=[0mproof_01m2kb91v9egga9yypcwvj99mg [3mtask_id[0m[2m=[0mlocal_worker_01m2kb9chkez19hnxxwd2t5t4q[1m}[0m[2m:[0m[1memit global memory shards[0m[2m:[0m[1mcreate global memory shards[0m[2m:[0m [2msp1_prover::worker::client::local[0m[2m:[0m submitting task of kind ProveShard
[2m2026-09-15T23:13:05.202340Z[0m [34mDEBUG[0m [1mCoreExecute[0m[1m{[0m[3mproof_id[0m[2m=[0mproof_01m2kb91v9egga9yypcwvj99mg [3mtask_id[0m[2m=[0mlocal_worker_01m2kb9chkez19hnxxwd2t5t4q[1m}[0m[2m:[0m[1memit global memory shards[0m[2m:[0m[1mcollect global memory events[0m[2m:[0m [2msp1_prover::worker::controller::global[0m[2m:[0m emit global memory shard [3mshard_counter[0m[2m=[0m5 [3minit_len[0m[2m=[0m0 [3mfinal_len[0m[2m=[0m40416 [3mlast_init_addr[0m[2m=[0m2013265912 [3mlast_finalize_addr[0m[2m=[0m2015183720
[2m2026-09-15T23:13:05.203332Z[0m [34mDEBUG[0m [1mCoreExecute[0m[1m{[0m[3mproof_id[0m[2m=[0mproof_01m2kb91v9egga9yypcwvj99mg [3mtask_id[0m[2m=[0mlocal_worker_01m2kb9chkez19hnxxwd2t5t4q[1m}[0m[2m:[0m[1memit global memory shards[0m[2m:[0m[1mcreate global memory shards[0m[2m:[0m [2msp1_prover::worker::client::local[0m[2m:[0m submitting task of kind ProveShard
[2m2026-09-15T23:13:05.210561Z[0m [34mDEBUG[0m [1mCoreExecute[0m[1m{[0m[3mproof_id[0m[2m=[0mproof_01m2kb91v9egga9yypcwvj99mg [3mtask_id[0m[2m=[0mlocal_worker_01m2kb9chkez19hnxxwd2t5t4q[1m}[0m[2m:[0m[1memit global memory shards[0m[2m:[0m[1mcollect global memory events[0m[2m:[0m [2msp1_prover::worker::controller::global[0m[2m:[0m emit global memory shard [3mshard_counter[0m[2m=[0m6 [3minit_len[0m[2m=[0m0 [3mfinal_len[0m[2m=[0m40416 [3mlast_init_addr[0m[2m=[0m2013265912 [3mlast_finalize_addr[0m[2m=[0m2015507048
[2m2026-09-15T23:13:05.211798Z[0m [34mDEBUG[0m [1mCoreExecute[0m[1m{[0m[3mproof_id[0m[2m=[0mproof_01m2kb91v9egga9yypcwvj99mg [3mtask_id[0m[2m=[0mlocal_worker_01m2kb9chkez19hnxxwd2t5t4q[1m}[0m[2m:[0m[1memit global memory shards[0m[2m:[0m[1mcreate global memory shards[0m[2m:[0m [2msp1_prover::worker::client::local[0m[2m:[0m submitting task of kind ProveShard
[2m2026-09-15T23:13:05.216364Z[0m [34mDEBUG[0m [1mCoreExecute[0m[1m{[0m[3mproof_id[0m[2m=[0mproof_01m2kb91v9egga9yypcwvj99mg [3mtask_id[0m[2m=[0mlocal_worker_01m2kb9chkez19hnxxwd2t5t4q[1m}[0m[2m:[0m[1memit global memory shards[0m[2m:[0m[1mcollect global memory events[0m[2m:[0m [2msp1_prover::worker::controller::global[0m[2m:[0m emit global memory shard [3mshard_counter[0m[2m=[0m7 [3minit_len[0m[2m=[0m0 [3mfinal_len[0m[2m=[0m40416 [3mlast_init_addr[0m[2m=[0m2013265912 [3mlast_finalize_addr[0m[2m=[0m2015830376
[2m2026-09-15T23:13:05.216896Z[0m [34mDEBUG[0m [1mCoreExecute[0m[1m{[0m[3mproof_id[0m[2m=[0mproof_01m2kb91v9egga9yypcwvj99mg [3mtask_id[0m[2m=[0mlocal_worker_01m2kb9chkez19hnxxwd2t5t4q[1m}[0m[2m:[0m[1memit global memory shards[0m[2m:[0m[1mcreate global memory shards[0m[2m:[0m [2msp1_prover::worker::client::local[0m[2m:[0m submitting task of kind ProveShard
[2m2026-09-15T23:13:05.222282Z[0m [34mDEBUG[0m [1mCoreExecute[0m[1m{[0m[3mproof_id[0m[2m=[0mproof_01m2kb91v9egga9yypcwvj99mg [3mtask_id[0m[2m=[0mlocal_worker_01m2kb9chkez19hnxxwd2t5t4q[1m}[0m[2m:[0m[1memit global memory shards[0m[2m:[0m[1mcollect global memory events[0m[2m:[0m [2msp1_prover::worker::controller::global[0m[2m:[0m emit global memory shard [3mshard_counter[0m[2m=[0m8 [3minit_len[0m[2m=[0m0 [3mfinal_len[0m[2m=[0m40416 [3mlast_init_addr[0m[2m=[0m2013265912 [3mlast_finalize_addr[0m[2m=[0m2016153704
[2m2026-09-15T23:13:05.223139Z[0m [34mDEBUG[0m [1mCoreExecute[0m[1m{[0m[3mproof_id[0m[2m=[0mproof_01m2kb91v9egga9yypcwvj99mg [3mtask_id[0m[2m=[0mlocal_worker_01m2kb9chkez19hnxxwd2t5t4q[1m}[0m[2m:[0m[1memit global memory shards[0m[2m:[0m[1mcreate global memory shards[0m[2m:[0m [2msp1_prover::worker::client::local[0m[2m:[0m submitting task of kind ProveShard
[2m2026-09-15T23:13:05.226677Z[0m [34mDEBUG[0m [1mCoreExecute[0m[1m{[0m[3mproof_id[0m[2m=[0mproof_01m2kb91v9egga9yypcwvj99mg [3mtask_id[0m[2m=[0mlocal_worker_01m2kb9chkez19hnxxwd2t5t4q[1m}[0m[2m:[0m[1memit global memory shards[0m[2m:[0m[1mcollect global memory events[0m[2m:[0m [2msp1_prover::worker::controller::global[0m[2m:[0m emit global memory shard [3mshard_counter[0m[2m=[0m9 [3minit_len[0m[2m=[0m0 [3mfinal_len[0m[2m=[0m40416 [3mlast_init_addr[0m[2m=[0m2013265912 [3mlast_finalize_addr[0m[2m=[0m2016477032
[2m2026-09-15T23:13:05.227857Z[0m [34mDEBUG[0m [1mCoreExecute[0m[1m{[0m[3mproof_id[0m[2m=[0mproof_01m2kb91v9egga9yypcwvj99mg [3mtask_id[0m[2m=[0mlocal_worker_01m2kb9chkez19hnxxwd2t5t4q[1m}[0m[2m:[0m[1memit global memory shards[0m[2m:[0m[1mcreate global memory shards[0m[2m:[0m [2msp1_prover::worker::client::local[0m[2m:[0m submitting task of kind ProveShard
[2m2026-09-15T23:13:05.239519Z[0m [34mDEBUG[0m [1mCoreExecute[0m[1m{[0m[3mproof_id[0m[2m=[0mproof_01m2kb91v9egga9yypcwvj99mg [3mtask_id[0m[2m=[0mlocal_worker_01m2kb9chkez19hnxxwd2t5t4q[1m}[0m[2m:[0m[1memit global memory shards[0m[2m:[0m[1mcollect global memory events[0m[2m:[0m [2msp1_prover::worker::controller::global[0m[2m:[0m emit global memory shard [3mshard_counter[0m[2m=[0m10 [3minit_len[0m[2m=[0m29806 [3mfinal_len[0m[2m=[0m40416 [3mlast_init_addr[0m[2m=[0m2016832880 [3mlast_finalize_addr[0m[2m=[0m2016832880
[2m2026-09-15T23:13:05.240614Z[0m [34mDEBUG[0m [1mCoreExecute[0m[1m{[0m[3mproof_id[0m[2m=[0mproof_01m2kb91v9egga9yypcwvj99mg [3mtask_id[0m[2m=[0mlocal_worker_01m2kb9chkez19hnxxwd2t5t4q[1m}[0m[2m:[0m[1memit global memory shards[0m[2m:[0m[1mcreate global memory shards[0m[2m:[0m [2msp1_prover::worker::client::local[0m[2m:[0m submitting task of kind ProveShard
[2m2026-09-15T23:13:05.247978Z[0m [34mDEBUG[0m [1mCoreExecute[0m[1m{[0m[3mproof_id[0m[2m=[0mproof_01m2kb91v9egga9yypcwvj99mg [3mtask_id[0m[2m=[0mlocal_worker_01m2kb9chkez19hnxxwd2t5t4q[1m}[0m[2m:[0m[1memit global memory shards[0m[2m:[0m[1mcollect global memory events[0m[2m:[0m [2msp1_prover::worker::controller::global[0m[2m:[0m emit global memory shard [3mshard_counter[0m[2m=[0m11 [3minit_len[0m[2m=[0m40416 [3mfinal_len[0m[2m=[0m40416 [3mlast_init_addr[0m[2m=[0m2017195008 [3mlast_finalize_addr[0m[2m=[0m2017195008
[2m2026-09-15T23:13:05.250025Z[0m [34mDEBUG[0m [1mCoreExecute[0m[1m{[0m[3mproof_id[0m[2m=[0mproof_01m2kb91v9egga9yypcwvj99mg [3mtask_id[0m[2m=[0mlocal_worker_01m2kb9chkez19hnxxwd2t5t4q[1m}[0m[2m:[0m[1memit global memory shards[0m[2m:[0m[1mcreate global memory shards[0m[2m:[0m [2msp1_prover::worker::client::local[0m[2m:[0m submitting task of kind ProveShard
[2m2026-09-15T23:13:05.256120Z[0m [34mDEBUG[0m [1mCoreExecute[0m[1m{[0m[3mproof_id[0m[2m=[0mproof_01m2kb91v9egga9yypcwvj99mg [3mtask_id[0m[2m=[0mlocal_worker_01m2kb9chkez19hnxxwd2t5t4q[1m}[0m[2m:[0m[1memit global memory shards[0m[2m:[0m[1mcollect global memory events[0m[2m:[0m [2msp1_prover::worker::controller::global[0m[2m:[0m emit global memory shard [3mshard_counter[0m[2m=[0m12 [3minit_len[0m[2m=[0m40416 [3mfinal_len[0m[2m=[0m40416 [3mlast_init_addr[0m[2m=[0m2017557168 [3mlast_finalize_addr[0m[2m=[0m2017557168
[2m2026-09-15T23:13:05.258852Z[0m [34mDEBUG[0m [1mCoreExecute[0m[1m{[0m[3mproof_id[0m[2m=[0mproof_01m2kb91v9egga9yypcwvj99mg [3mtask_id[0m[2m=[0mlocal_worker_01m2kb9chkez19hnxxwd2t5t4q[1m}[0m[2m:[0m[1memit global memory shards[0m[2m:[0m[1mcreate global memory shards[0m[2m:[0m [2msp1_prover::worker::client::local[0m[2m:[0m submitting task of kind ProveShard
[2m2026-09-15T23:13:05.264255Z[0m [34mDEBUG[0m [1mCoreExecute[0m[1m{[0m[3mproof_id[0m[2m=[0mproof_01m2kb91v9egga9yypcwvj99mg [3mtask_id[0m[2m=[0mlocal_worker_01m2kb9chkez19hnxxwd2t5t4q[1m}[0m[2m:[0m[1memit global memory shards[0m[2m:[0m[1mcollect global memory events[0m[2m:[0m [2msp1_prover::worker::controller::global[0m[2m:[0m emit global memory shard [3mshard_counter[0m[2m=[0m13 [3minit_len[0m[2m=[0m40416 [3mfinal_len[0m[2m=[0m40416 [3mlast_init_addr[0m[2m=[0m2017932840 [3mlast_finalize_addr[0m[2m=[0m2017932840
[2m2026-09-15T23:13:05.264943Z[0m [34mDEBUG[0m [1mCoreExecute[0m[1m{[0m[3mproof_id[0m[2m=[0mproof_01m2kb91v9egga9yypcwvj99mg [3mtask_id[0m[2m=[0mlocal_worker_01m2kb9chkez19hnxxwd2t5t4q[1m}[0m[2m:[0m[1memit global memory shards[0m[2m:[0m[1mcreate global memory shards[0m[2m:[0m [2msp1_prover::worker::client::local[0m[2m:[0m submitting task of kind ProveShard
[2m2026-09-15T23:13:05.271438Z[0m [34mDEBUG[0m [1mCoreExecute[0m[1m{[0m[3mproof_id[0m[2m=[0mproof_01m2kb91v9egga9yypcwvj99mg [3mtask_id[0m[2m=[0mlocal_worker_01m2kb9chkez19hnxxwd2t5t4q[1m}[0m[2m:[0m[1memit global memory shards[0m[2m:[0m[1mcollect global memory events[0m[2m:[0m [2msp1_prover::worker::controller::global[0m[2m:[0m emit global memory shard [3mshard_counter[0m[2m=[0m14 [3minit_len[0m[2m=[0m40416 [3mfinal_len[0m[2m=[0m40416 [3mlast_init_addr[0m[2m=[0m2018289304 [3mlast_finalize_addr[0m[2m=[0m2018289304
[2m2026-09-15T23:13:05.272194Z[0m [34mDEBUG[0m [1mCoreExecute[0m[1m{[0m[3mproof_id[0m[2m=[0mproof_01m2kb91v9egga9yypcwvj99mg [3mtask_id[0m[2m=[0mlocal_worker_01m2kb9chkez19hnxxwd2t5t4q[1m}[0m[2m:[0m[1memit global memory shards[0m[2m:[0m[1mcreate global memory shards[0m[2m:[0m [2msp1_prover::worker::client::local[0m[2m:[0m submitting task of kind ProveShard
[2m2026-09-15T23:13:05.285871Z[0m [34mDEBUG[0m [1mCoreExecute[0m[1m{[0m[3mproof_id[0m[2m=[0mproof_01m2kb91v9egga9yypcwvj99mg [3mtask_id[0m[2m=[0mlocal_worker_01m2kb9chkez19hnxxwd2t5t4q[1m}[0m[2m:[0m[1memit global memory shards[0m[2m:[0m[1mcollect global memory events[0m[2m:[0m [2msp1_prover::worker::controller::global[0m[2m:[0m emit global memory shard [3mshard_counter[0m[2m=[0m15 [3minit_len[0m[2m=[0m40416 [3mfinal_len[0m[2m=[0m40416 [3mlast_init_addr[0m[2m=[0m120259116952 [3mlast_finalize_addr[0m[2m=[0m120259116952
[2m2026-09-15T23:13:05.286939Z[0m [34mDEBUG[0m [1mCoreExecute[0m[1m{[0m[3mproof_id[0m[2m=[0mproof_01m2kb91v9egga9yypcwvj99mg [3mtask_id[0m[2m=[0mlocal_worker_01m2kb9chkez19hnxxwd2t5t4q[1m}[0m[2m:[0m[1memit global memory shards[0m[2m:[0m[1mcreate global memory shards[0m[2m:[0m [2msp1_prover::worker::client::local[0m[2m:[0m submitting task of kind ProveShard
[2m2026-09-15T23:13:05.294114Z[0m [34mDEBUG[0m [1mCoreExecute[0m[1m{[0m[3mproof_id[0m[2m=[0mproof_01m2kb91v9egga9yypcwvj99mg [3mtask_id[0m[2m=[0mlocal_worker_01m2kb9chkez19hnxxwd2t5t4q[1m}[0m[2m:[0m[1memit global memory shards[0m[2m:[0m[1mcollect global memory events[0m[2m:[0m [2msp1_prover::worker::controller::global[0m[2m:[0m emit global memory shard [3mshard_counter[0m[2m=[0m16 [3minit_len[0m[2m=[0m40416 [3mfinal_len[0m[2m=[0m40416 [3mlast_init_addr[0m[2m=[0m120259440280 [3mlast_finalize_addr[0m[2m=[0m120259440280
[2m2026-09-15T23:13:05.294893Z[0m [34mDEBUG[0m [1mCoreExecute[0m[1m{[0m[3mproof_id[0m[2m=[0mproof_01m2kb91v9egga9yypcwvj99mg [3mtask_id[0m[2m=[0mlocal_worker_01m2kb9chkez19hnxxwd2t5t4q[1m}[0m[2m:[0m[1memit global memory shards[0m[2m:[0m[1mcreate global memory shards[0m[2m:[0m [2msp1_prover::worker::client::local[0m[2m:[0m submitting task of kind ProveShard
[2m2026-09-15T23:13:05.296388Z[0m [34mDEBUG[0m [1mCoreExecute[0m[1m{[0m[3mproof_id[0m[2m=[0mproof_01m2kb91v9egga9yypcwvj99mg [3mtask_id[0m[2m=[0mlocal_worker_01m2kb9chkez19hnxxwd2t5t4q[1m}[0m[2m:[0m[1memit global memory shards[0m[2m:[0m[1mcollect global memory events[0m[2m:[0m [2msp1_prover::worker::controller::global[0m[2m:[0m emit global memory shard [3mshard_counter[0m[2m=[0m17 [3minit_len[0m[2m=[0m10408 [3mfinal_len[0m[2m=[0m10408 [3mlast_init_addr[0m[2m=[0m120259523544 [3mlast_finalize_addr[0m[2m=[0m120259523544
[2m2026-09-15T23:13:05.296416Z[0m [34mDEBUG[0m [1mCoreExecute[0m[1m{[0m[3mproof_id[0m[2m=[0mproof_01m2kb91v9egga9yypcwvj99mg [3mtask_id[0m[2m=[0mlocal_worker_01m2kb9chkez19hnxxwd2t5t4q[1m}[0m[2m:[0m[1memit global memory shards[0m[2m:[0m[1mcollect global memory events[0m[2m:[0m [2msp1_prover::worker::controller::global[0m[2m:[0m memory shard emission complete [3mtotal_memory_shards[0m[2m=[0m18
[2m2026-09-15T23:13:05.296651Z[0m [34mDEBUG[0m [1mCoreExecute[0m[1m{[0m[3mproof_id[0m[2m=[0mproof_01m2kb91v9egga9yypcwvj99mg [3mtask_id[0m[2m=[0mlocal_worker_01m2kb9chkez19hnxxwd2t5t4q[1m}[0m[2m:[0m[1memit global memory shards[0m[2m:[0m[1mcreate global memory shards[0m[2m:[0m [2msp1_prover::worker::client::local[0m[2m:[0m submitting task of kind ProveShard
[2m2026-09-15T23:15:06.855017Z[0m [34mDEBUG[0m [1mProveShard[0m[1m{[0m[3mproof_id[0m[2m=[0mproof_01m2kb91v9egga9yypcwvj99mg [3mtask_id[0m[2m=[0mlocal_worker_01m2kmg306ep187dh9y75qcx0e[1m}[0m[2m:[0m [2msp1_prover::worker::node::full::init[0m[2m:[0m task succeeded
[2m2026-09-15T23:15:06.855698Z[0m [34mDEBUG[0m [1mController[0m[1m{[0m[3mproof_id[0m[2m=[0mproof_01m2kb91v9egga9yypcwvj99mg [3mtask_id[0m[2m=[0mlocal_worker_01m2kb91vje0h9884c5b5mxpp4[1m}[0m[2m:[0m[1mreduce[0m[2m:[0m [2msp1_prover::worker::controller::compress[0m[2m:[0m Checking if complete: Pending tasks: 1, map is empty: false, full range is some: false, is_range_equal: false
[2m2026-09-15T23:15:06.855735Z[0m [34mDEBUG[0m [1mController[0m[1m{[0m[3mproof_id[0m[2m=[0mproof_01m2kb91v9egga9yypcwvj99mg [3mtask_id[0m[2m=[0mlocal_worker_01m2kb91vje0h9884c5b5mxpp4[1m}[0m[2m:[0m[1mreduce[0m[2m:[0m [2msp1_prover::worker::controller::compress[0m[2m:[0m Found sibling
[2m2026-09-15T23:15:06.855778Z[0m [34mDEBUG[0m [1mController[0m[1m{[0m[3mproof_id[0m[2m=[0mproof_01m2kb91v9egga9yypcwvj99mg [3mtask_id[0m[2m=[0mlocal_worker_01m2kb91vje0h9884c5b5mxpp4[1m}[0m[2m:[0m[1mreduce[0m[2m:[0m [2msp1_prover::worker::controller::compress[0m[2m:[0m Checking if complete: Pending tasks: 1, map is empty: true, full range is some: false, is_range_equal: false
[2m2026-09-15T23:15:06.855840Z[0m [34mDEBUG[0m [1mController[0m[1m{[0m[3mproof_id[0m[2m=[0mproof_01m2kb91v9egga9yypcwvj99mg [3mtask_id[0m[2m=[0mlocal_worker_01m2kb91vje0h9884c5b5mxpp4[1m}[0m[2m:[0m[1mreduce[0m[2m:[0m [2msp1_prover::worker::controller::compress[0m[2m:[0m Checking if complete: Pending tasks: 1, map is empty: false, full range is some: false, is_range_equal: false
[2m2026-09-15T23:15:06.855893Z[0m [34mDEBUG[0m [1mController[0m[1m{[0m[3mproof_id[0m[2m=[0mproof_01m2kb91v9egga9yypcwvj99mg [3mtask_id[0m[2m=[0mlocal_worker_01m2kb91vje0h9884c5b5mxpp4[1m}[0m[2m:[0m[1mreduce[0m[2m:[0m [2msp1_prover::worker::controller::compress[0m[2m:[0m Found sibling
[2m2026-09-15T23:15:06.855913Z[0m [34mDEBUG[0m [1mController[0m[1m{[0m[3mproof_id[0m[2m=[0mproof_01m2kb91v9egga9yypcwvj99mg [3mtask_id[0m[2m=[0mlocal_worker_01m2kb91vje0h9884c5b5mxpp4[1m}[0m[2m:[0m[1mreduce[0m[2m:[0m [2msp1_prover::worker::controller::compress[0m[2m:[0m Checking if complete: Pending tasks: 1, map is empty: true, full range is some: false, is_range_equal: false
[2m2026-09-15T23:15:06.855950Z[0m [34mDEBUG[0m [1mController[0m[1m{[0m[3mproof_id[0m[2m=[0mproof_01m2kb91v9egga9yypcwvj99mg [3mtask_id[0m[2m=[0mlocal_worker_01m2kb91vje0h9884c5b5mxpp4[1m}[0m[2m:[0m[1mreduce[0m[2m:[0m [2msp1_prover::worker::client::local[0m[2m:[0m submitting task of kind RecursionReduce
[2m2026-09-15T23:15:06.858549Z[0m [34mDEBUG[0m [1mCoreExecute[0m[1m{[0m[3mproof_id[0m[2m=[0mproof_01m2kb91v9egga9yypcwvj99mg [3mtask_id[0m[2m=[0mlocal_worker_01m2kb9chkez19hnxxwd2t5t4q[1m}[0m[2m:[0m[1memit precompile shards[0m[2m:[0m[1mdeferred sender[0m[2m:[0m [2msp1_prover::worker::controller::precompiles[0m[2m:[0m received deferred marker task status: Succeeded [3mtask_id[0m[2m=[0m"local_worker_01m2kj8xskey1vktzjx18bxpsf"
[2m2026-09-15T23:15:06.859450Z[0m [34mDEBUG[0m [1mCoreExecute[0m[1m{[0m[3mproof_id[0m[2m=[0mproof_01m2kb91v9egga9yypcwvj99mg [3mtask_id[0m[2m=[0mlocal_worker_01m2kb9chkez19hnxxwd2t5t4q[1m}[0m[2m:[0m[1memit precompile shards[0m[2m:[0m[1mdeferred sender[0m[2m:[0m [2msp1_prover::worker::controller::precompiles[0m[2m:[0m received deferred marker task status: Succeeded [3mtask_id[0m[2m=[0m"local_worker_01m2kjgbnje6sbghzd39mk5d53"
[2m2026-09-15T23:15:06.859654Z[0m [34mDEBUG[0m [1mCoreExecute[0m[1m{[0m[3mproof_id[0m[2m=[0mproof_01m2kb91v9egga9yypcwvj99mg [3mtask_id[0m[2m=[0mlocal_worker_01m2kb9chkez19hnxxwd2t5t4q[1m}[0m[2m:[0m[1memit precompile shards[0m[2m:[0m[1mdeferred sender[0m[2m:[0m [2msp1_prover::worker::controller::precompiles[0m[2m:[0m received deferred marker task status: Succeeded [3mtask_id[0m[2m=[0m"local_worker_01m2kjm5aqez08x3hjsh2sxyg0"
[2m2026-09-15T23:15:06.860005Z[0m [34mDEBUG[0m [1mCoreExecute[0m[1m{[0m[3mproof_id[0m[2m=[0mproof_01m2kb91v9egga9yypcwvj99mg [3mtask_id[0m[2m=[0mlocal_worker_01m2kb9chkez19hnxxwd2t5t4q[1m}[0m[2m:[0m[1memit precompile shards[0m[2m:[0m[1mdeferred sender[0m[2m:[0m [2msp1_prover::worker::client::local[0m[2m:[0m submitting task of kind ProveShard
[2m2026-09-15T23:15:07.403292Z[0m [34mDEBUG[0m [1mProveShard[0m[1m{[0m[3mproof_id[0m[2m=[0mproof_01m2kb91v9egga9yypcwvj99mg [3mtask_id[0m[2m=[0mlocal_worker_01m2kmnf4jfssb8x8yvf03ppq7[1m}[0m[2m:[0m[1minto_record[0m[2m:[0m [2msp1_prover::worker::prover::core[0m[2m:[0m tracing chunk at clk range: 183530945..186568417
[2m2026-09-15T23:16:41.483936Z[0m [34mDEBUG[0m [1mRecursionReduce[0m[1m{[0m[3mproof_id[0m[2m=[0mproof_01m2kb91v9egga9yypcwvj99mg [3mtask_id[0m[2m=[0mlocal_worker_01m2knmhz7ensaavr90gxx9gm1[1m}[0m[2m:[0m [2msp1_prover::worker::node::full::init[0m[2m:[0m task succeeded
[2m2026-09-15T23:16:41.483992Z[0m [34mDEBUG[0m [1mController[0m[1m{[0m[3mproof_id[0m[2m=[0mproof_01m2kb91v9egga9yypcwvj99mg [3mtask_id[0m[2m=[0mlocal_worker_01m2kb91vje0h9884c5b5mxpp4[1m}[0m[2m:[0m[1mreduce[0m[2m:[0m [2msp1_prover::worker::controller::compress[0m[2m:[0m Checking if complete: Pending tasks: 1, map is empty: true, full range is some: false, is_range_equal: false
[2m2026-09-15T23:16:41.484003Z[0m [34mDEBUG[0m [1mController[0m[1m{[0m[3mproof_id[0m[2m=[0mproof_01m2kb91v9egga9yypcwvj99mg [3mtask_id[0m[2m=[0mlocal_worker_01m2kb91vje0h9884c5b5mxpp4[1m}[0m[2m:[0m[1mreduce[0m[2m:[0m [2msp1_prover::worker::controller::compress[0m[2m:[0m No neighboring range found, adding proof to tree
[2m2026-09-15T23:18:01.283385Z[0m [34mDEBUG[0m [1mProveShard[0m[1m{[0m[3mproof_id[0m[2m=[0mproof_01m2kb91v9egga9yypcwvj99mg [3mtask_id[0m[2m=[0mlocal_worker_01m2kmnf4jfssb8x8yvf03ppq7[1m}[0m[2m:[0m [2msp1_prover::worker::node::full::init[0m[2m:[0m task succeeded
[2m2026-09-15T23:18:01.284015Z[0m [34mDEBUG[0m [1mController[0m[1m{[0m[3mproof_id[0m[2m=[0mproof_01m2kb91v9egga9yypcwvj99mg [3mtask_id[0m[2m=[0mlocal_worker_01m2kb91vje0h9884c5b5mxpp4[1m}[0m[2m:[0m[1mreduce[0m[2m:[0m [2msp1_prover::worker::controller::compress[0m[2m:[0m Checking if complete: Pending tasks: 1, map is empty: false, full range is some: false, is_range_equal: false
[2m2026-09-15T23:18:01.284037Z[0m [34mDEBUG[0m [1mController[0m[1m{[0m[3mproof_id[0m[2m=[0mproof_01m2kb91v9egga9yypcwvj99mg [3mtask_id[0m[2m=[0mlocal_worker_01m2kb91vje0h9884c5b5mxpp4[1m}[0m[2m:[0m[1mreduce[0m[2m:[0m [2msp1_prover::worker::controller::compress[0m[2m:[0m Found sibling
[2m2026-09-15T23:18:01.284043Z[0m [34mDEBUG[0m [1mController[0m[1m{[0m[3mproof_id[0m[2m=[0mproof_01m2kb91v9egga9yypcwvj99mg [3mtask_id[0m[2m=[0mlocal_worker_01m2kb91vje0h9884c5b5mxpp4[1m}[0m[2m:[0m[1mreduce[0m[2m:[0m [2msp1_prover::worker::controller::compress[0m[2m:[0m Checking if complete: Pending tasks: 1, map is empty: true, full range is some: false, is_range_equal: false
[2m2026-09-15T23:18:01.326004Z[0m [34mDEBUG[0m [1mProveShard[0m[1m{[0m[3mproof_id[0m[2m=[0mproof_01m2kb91v9egga9yypcwvj99mg [3mtask_id[0m[2m=[0mlocal_worker_01m2kmsasbf48tcd0kpjq8m8cn[1m}[0m[2m:[0m[1minto_record[0m[2m:[0m [2msp1_prover::worker::prover::core[0m[2m:[0m precompile events: code KECCAK_PERMUTE
[2m2026-09-15T23:20:01.077327Z[0m [34mDEBUG[0m [1mProveShard[0m[1m{[0m[3mproof_id[0m[2m=[0mproof_01m2kb91v9egga9yypcwvj99mg [3mtask_id[0m[2m=[0mlocal_worker_01m2kmsasbf48tcd0kpjq8m8cn[1m}[0m[2m:[0m [2msp1_prover::worker::node::full::init[0m[2m:[0m task succeeded
[2m2026-09-15T23:20:01.078115Z[0m [34mDEBUG[0m [1mController[0m[1m{[0m[3mproof_id[0m[2m=[0mproof_01m2kb91v9egga9yypcwvj99mg [3mtask_id[0m[2m=[0mlocal_worker_01m2kb91vje0h9884c5b5mxpp4[1m}[0m[2m:[0m[1mreduce[0m[2m:[0m [2msp1_prover::worker::controller::compress[0m[2m:[0m Checking if complete: Pending tasks: 1, map is empty: false, full range is some: false, is_range_equal: false
[2m2026-09-15T23:20:01.078139Z[0m [34mDEBUG[0m [1mController[0m[1m{[0m[3mproof_id[0m[2m=[0mproof_01m2kb91v9egga9yypcwvj99mg [3mtask_id[0m[2m=[0mlocal_worker_01m2kb91vje0h9884c5b5mxpp4[1m}[0m[2m:[0m[1mreduce[0m[2m:[0m [2msp1_prover::worker::controller::compress[0m[2m:[0m Found sibling
[2m2026-09-15T23:20:01.078144Z[0m [34mDEBUG[0m [1mController[0m[1m{[0m[3mproof_id[0m[2m=[0mproof_01m2kb91v9egga9yypcwvj99mg [3mtask_id[0m[2m=[0mlocal_worker_01m2kb91vje0h9884c5b5mxpp4[1m}[0m[2m:[0m[1mreduce[0m[2m:[0m [2msp1_prover::worker::controller::compress[0m[2m:[0m Checking if complete: Pending tasks: 1, map is empty: true, full range is some: false, is_range_equal: false
[2m2026-09-15T23:20:01.124579Z[0m [34mDEBUG[0m [1mProveShard[0m[1m{[0m[3mproof_id[0m[2m=[0mproof_01m2kb91v9egga9yypcwvj99mg [3mtask_id[0m[2m=[0mlocal_worker_01m2kn0be2ea8sq05zepsq8wvd[1m}[0m[2m:[0m[1minto_record[0m[2m:[0m [2msp1_prover::worker::prover::core[0m[2m:[0m tracing chunk at clk range: 186568417..187826601
[2m2026-09-15T23:21:54.902140Z[0m [34mDEBUG[0m [1mProveShard[0m[1m{[0m[3mproof_id[0m[2m=[0mproof_01m2kb91v9egga9yypcwvj99mg [3mtask_id[0m[2m=[0mlocal_worker_01m2kn0be2ea8sq05zepsq8wvd[1m}[0m[2m:[0m [2msp1_prover::worker::node::full::init[0m[2m:[0m task succeeded
[2m2026-09-15T23:21:54.902784Z[0m [34mDEBUG[0m [1mController[0m[1m{[0m[3mproof_id[0m[2m=[0mproof_01m2kb91v9egga9yypcwvj99mg [3mtask_id[0m[2m=[0mlocal_worker_01m2kb91vje0h9884c5b5mxpp4[1m}[0m[2m:[0m[1mreduce[0m[2m:[0m [2msp1_prover::worker::controller::compress[0m[2m:[0m Checking if complete: Pending tasks: 1, map is empty: false, full range is some: false, is_range_equal: false
[2m2026-09-15T23:21:54.902857Z[0m [34mDEBUG[0m [1mController[0m[1m{[0m[3mproof_id[0m[2m=[0mproof_01m2kb91v9egga9yypcwvj99mg [3mtask_id[0m[2m=[0mlocal_worker_01m2kb91vje0h9884c5b5mxpp4[1m}[0m[2m:[0m[1mreduce[0m[2m:[0m [2msp1_prover::worker::controller::compress[0m[2m:[0m Found sibling
[2m2026-09-15T23:21:54.902863Z[0m [34mDEBUG[0m [1mController[0m[1m{[0m[3mproof_id[0m[2m=[0mproof_01m2kb91v9egga9yypcwvj99mg [3mtask_id[0m[2m=[0mlocal_worker_01m2kb91vje0h9884c5b5mxpp4[1m}[0m[2m:[0m[1mreduce[0m[2m:[0m [2msp1_prover::worker::controller::compress[0m[2m:[0m Checking if complete: Pending tasks: 1, map is empty: true, full range is some: false, is_range_equal: false
[2m2026-09-15T23:21:54.902886Z[0m [34mDEBUG[0m [1mController[0m[1m{[0m[3mproof_id[0m[2m=[0mproof_01m2kb91v9egga9yypcwvj99mg [3mtask_id[0m[2m=[0mlocal_worker_01m2kb91vje0h9884c5b5mxpp4[1m}[0m[2m:[0m[1mreduce[0m[2m:[0m [2msp1_prover::worker::client::local[0m[2m:[0m submitting task of kind RecursionReduce
[2m2026-09-15T23:21:54.972649Z[0m [34mDEBUG[0m [1mProveShard[0m[1m{[0m[3mproof_id[0m[2m=[0mproof_01m2kb91v9egga9yypcwvj99mg [3mtask_id[0m[2m=[0mlocal_worker_01m2knbjwgeb0v71ajsc7zka7v[1m}[0m[2m:[0m[1minto_record[0m[2m:[0m [2msp1_prover::worker::prover::core[0m[2m:[0m precompile events: code KECCAK_PERMUTE
[2m2026-09-15T23:23:36.299937Z[0m [34mDEBUG[0m [1mRecursionReduce[0m[1m{[0m[3mproof_id[0m[2m=[0mproof_01m2kb91v9egga9yypcwvj99mg [3mtask_id[0m[2m=[0mlocal_worker_01m2kp10epe9g835v370sagyyz[1m}[0m[2m:[0m [2msp1_prover::worker::node::full::init[0m[2m:[0m task succeeded
[2m2026-09-15T23:23:36.299988Z[0m [34mDEBUG[0m [1mController[0m[1m{[0m[3mproof_id[0m[2m=[0mproof_01m2kb91v9egga9yypcwvj99mg [3mtask_id[0m[2m=[0mlocal_worker_01m2kb91vje0h9884c5b5mxpp4[1m}[0m[2m:[0m[1mreduce[0m[2m:[0m [2msp1_prover::worker::controller::compress[0m[2m:[0m Checking if complete: Pending tasks: 1, map is empty: true, full range is some: false, is_range_equal: false
[2m2026-09-15T23:23:36.300000Z[0m [34mDEBUG[0m [1mController[0m[1m{[0m[3mproof_id[0m[2m=[0mproof_01m2kb91v9egga9yypcwvj99mg [3mtask_id[0m[2m=[0mlocal_worker_01m2kb91vje0h9884c5b5mxpp4[1m}[0m[2m:[0m[1mreduce[0m[2m:[0m [2msp1_prover::worker::controller::compress[0m[2m:[0m No neighboring range found, adding proof to tree
[2m2026-09-15T23:24:46.773927Z[0m [34mDEBUG[0m [1mProveShard[0m[1m{[0m[3mproof_id[0m[2m=[0mproof_01m2kb91v9egga9yypcwvj99mg [3mtask_id[0m[2m=[0mlocal_worker_01m2knbjwgeb0v71ajsc7zka7v[1m}[0m[2m:[0m [2msp1_prover::worker::node::full::init[0m[2m:[0m task succeeded
[2m2026-09-15T23:24:46.818742Z[0m [34mDEBUG[0m [1mProveShard[0m[1m{[0m[3mproof_id[0m[2m=[0mproof_01m2kb91v9egga9yypcwvj99mg [3mtask_id[0m[2m=[0mlocal_worker_01m2kngv1qefhacn0sbs38nrkk[1m}[0m[2m:[0m[1minto_record[0m[2m:[0m [2msp1_prover::worker::prover::core[0m[2m:[0m global memory shard
[2m2026-09-15T23:26:34.494532Z[0m [34mDEBUG[0m [1mProveShard[0m[1m{[0m[3mproof_id[0m[2m=[0mproof_01m2kb91v9egga9yypcwvj99mg [3mtask_id[0m[2m=[0mlocal_worker_01m2kngv1qefhacn0sbs38nrkk[1m}[0m[2m:[0m [2msp1_prover::worker::node::full::init[0m[2m:[0m task succeeded
[2m2026-09-15T23:26:34.495240Z[0m [34mDEBUG[0m [1mController[0m[1m{[0m[3mproof_id[0m[2m=[0mproof_01m2kb91v9egga9yypcwvj99mg [3mtask_id[0m[2m=[0mlocal_worker_01m2kb91vje0h9884c5b5mxpp4[1m}[0m[2m:[0m[1mreduce[0m[2m:[0m [2msp1_prover::worker::controller::compress[0m[2m:[0m Checking if complete: Pending tasks: 1, map is empty: false, full range is some: false, is_range_equal: false
[2m2026-09-15T23:26:34.495263Z[0m [34mDEBUG[0m [1mController[0m[1m{[0m[3mproof_id[0m[2m=[0mproof_01m2kb91v9egga9yypcwvj99mg [3mtask_id[0m[2m=[0mlocal_worker_01m2kb91vje0h9884c5b5mxpp4[1m}[0m[2m:[0m[1mreduce[0m[2m:[0m [2msp1_prover::worker::controller::compress[0m[2m:[0m Found sibling
[2m2026-09-15T23:26:34.495269Z[0m [34mDEBUG[0m [1mController[0m[1m{[0m[3mproof_id[0m[2m=[0mproof_01m2kb91v9egga9yypcwvj99mg [3mtask_id[0m[2m=[0mlocal_worker_01m2kb91vje0h9884c5b5mxpp4[1m}[0m[2m:[0m[1mreduce[0m[2m:[0m [2msp1_prover::worker::controller::compress[0m[2m:[0m Checking if complete: Pending tasks: 1, map is empty: true, full range is some: false, is_range_equal: false
[2m2026-09-15T23:26:34.495297Z[0m [34mDEBUG[0m [1mController[0m[1m{[0m[3mproof_id[0m[2m=[0mproof_01m2kb91v9egga9yypcwvj99mg [3mtask_id[0m[2m=[0mlocal_worker_01m2kb91vje0h9884c5b5mxpp4[1m}[0m[2m:[0m[1mreduce[0m[2m:[0m [2msp1_prover::worker::controller::compress[0m[2m:[0m Checking if complete: Pending tasks: 1, map is empty: false, full range is some: false, is_range_equal: false
[2m2026-09-15T23:26:34.495307Z[0m [34mDEBUG[0m [1mController[0m[1m{[0m[3mproof_id[0m[2m=[0mproof_01m2kb91v9egga9yypcwvj99mg [3mtask_id[0m[2m=[0mlocal_worker_01m2kb91vje0h9884c5b5mxpp4[1m}[0m[2m:[0m[1mreduce[0m[2m:[0m [2msp1_prover::worker::controller::compress[0m[2m:[0m Found sibling
[2m2026-09-15T23:26:34.495312Z[0m [34mDEBUG[0m [1mController[0m[1m{[0m[3mproof_id[0m[2m=[0mproof_01m2kb91v9egga9yypcwvj99mg [3mtask_id[0m[2m=[0mlocal_worker_01m2kb91vje0h9884c5b5mxpp4[1m}[0m[2m:[0m[1mreduce[0m[2m:[0m [2msp1_prover::worker::controller::compress[0m[2m:[0m Checking if complete: Pending tasks: 1, map is empty: true, full range is some: false, is_range_equal: false
[2m2026-09-15T23:26:34.538842Z[0m [34mDEBUG[0m [1mProveShard[0m[1m{[0m[3mproof_id[0m[2m=[0mproof_01m2kb91v9egga9yypcwvj99mg [3mtask_id[0m[2m=[0mlocal_worker_01m2kngv39f68s997es7746kg1[1m}[0m[2m:[0m[1minto_record[0m[2m:[0m [2msp1_prover::worker::prover::core[0m[2m:[0m global memory shard
[2m2026-09-15T23:28:21.765992Z[0m [34mDEBUG[0m [1mProveShard[0m[1m{[0m[3mproof_id[0m[2m=[0mproof_01m2kb91v9egga9yypcwvj99mg [3mtask_id[0m[2m=[0mlocal_worker_01m2kngv39f68s997es7746kg1[1m}[0m[2m:[0m [2msp1_prover::worker::node::full::init[0m[2m:[0m task succeeded
[2m2026-09-15T23:28:21.807730Z[0m [34mDEBUG[0m [1mProveShard[0m[1m{[0m[3mproof_id[0m[2m=[0mproof_01m2kb91v9egga9yypcwvj99mg [3mtask_id[0m[2m=[0mlocal_worker_01m2kngv4der1v8m18xe5swt09[1m}[0m[2m:[0m[1minto_record[0m[2m:[0m [2msp1_prover::worker::prover::core[0m[2m:[0m global memory shard
[2m2026-09-15T23:30:08.743155Z[0m [34mDEBUG[0m [1mProveShard[0m[1m{[0m[3mproof_id[0m[2m=[0mproof_01m2kb91v9egga9yypcwvj99mg [3mtask_id[0m[2m=[0mlocal_worker_01m2kngv4der1v8m18xe5swt09[1m}[0m[2m:[0m [2msp1_prover::worker::node::full::init[0m[2m:[0m task succeeded
[2m2026-09-15T23:30:08.743891Z[0m [34mDEBUG[0m [1mController[0m[1m{[0m[3mproof_id[0m[2m=[0mproof_01m2kb91v9egga9yypcwvj99mg [3mtask_id[0m[2m=[0mlocal_worker_01m2kb91vje0h9884c5b5mxpp4[1m}[0m[2m:[0m[1mreduce[0m[2m:[0m [2msp1_prover::worker::controller::compress[0m[2m:[0m Checking if complete: Pending tasks: 1, map is empty: false, full range is some: false, is_range_equal: false
[2m2026-09-15T23:30:08.743916Z[0m [34mDEBUG[0m [1mController[0m[1m{[0m[3mproof_id[0m[2m=[0mproof_01m2kb91v9egga9yypcwvj99mg [3mtask_id[0m[2m=[0mlocal_worker_01m2kb91vje0h9884c5b5mxpp4[1m}[0m[2m:[0m[1mreduce[0m[2m:[0m [2msp1_prover::worker::controller::compress[0m[2m:[0m Found sibling
[2m2026-09-15T23:30:08.743921Z[0m [34mDEBUG[0m [1mController[0m[1m{[0m[3mproof_id[0m[2m=[0mproof_01m2kb91v9egga9yypcwvj99mg [3mtask_id[0m[2m=[0mlocal_worker_01m2kb91vje0h9884c5b5mxpp4[1m}[0m[2m:[0m[1mreduce[0m[2m:[0m [2msp1_prover::worker::controller::compress[0m[2m:[0m Checking if complete: Pending tasks: 1, map is empty: true, full range is some: false, is_range_equal: false
[2m2026-09-15T23:30:08.743949Z[0m [34mDEBUG[0m [1mController[0m[1m{[0m[3mproof_id[0m[2m=[0mproof_01m2kb91v9egga9yypcwvj99mg [3mtask_id[0m[2m=[0mlocal_worker_01m2kb91vje0h9884c5b5mxpp4[1m}[0m[2m:[0m[1mreduce[0m[2m:[0m [2msp1_prover::worker::client::local[0m[2m:[0m submitting task of kind RecursionReduce
[2m2026-09-15T23:30:08.747414Z[0m [34mDEBUG[0m [1mController[0m[1m{[0m[3mproof_id[0m[2m=[0mproof_01m2kb91v9egga9yypcwvj99mg [3mtask_id[0m[2m=[0mlocal_worker_01m2kb91vje0h9884c5b5mxpp4[1m}[0m[2m:[0m[1mreduce[0m[2m:[0m [2msp1_prover::worker::controller::compress[0m[2m:[0m Checking if complete: Pending tasks: 2, map is empty: true, full range is some: false, is_range_equal: false
[2m2026-09-15T23:30:08.747430Z[0m [34mDEBUG[0m [1mController[0m[1m{[0m[3mproof_id[0m[2m=[0mproof_01m2kb91v9egga9yypcwvj99mg [3mtask_id[0m[2m=[0mlocal_worker_01m2kb91vje0h9884c5b5mxpp4[1m}[0m[2m:[0m[1mreduce[0m[2m:[0m [2msp1_prover::worker::controller::compress[0m[2m:[0m No neighboring range found, adding proof to tree
[2m2026-09-15T23:30:08.806310Z[0m [34mDEBUG[0m [1mProveShard[0m[1m{[0m[3mproof_id[0m[2m=[0mproof_01m2kb91v9egga9yypcwvj99mg [3mtask_id[0m[2m=[0mlocal_worker_01m2kngv4vfr0r9sx8eyhvpaw4[1m}[0m[2m:[0m[1minto_record[0m[2m:[0m [2msp1_prover::worker::prover::core[0m[2m:[0m global memory shard
[2m2026-09-15T23:31:39.294550Z[0m [34mDEBUG[0m [1mRecursionReduce[0m[1m{[0m[3mproof_id[0m[2m=[0mproof_01m2kb91v9egga9yypcwvj99mg [3mtask_id[0m[2m=[0mlocal_worker_01m2kpg2q7ed8srq1r828gvv7b[1m}[0m[2m:[0m [2msp1_prover::worker::node::full::init[0m[2m:[0m task succeeded
[2m2026-09-15T23:31:39.294596Z[0m [34mDEBUG[0m [1mController[0m[1m{[0m[3mproof_id[0m[2m=[0mproof_01m2kb91v9egga9yypcwvj99mg [3mtask_id[0m[2m=[0mlocal_worker_01m2kb91vje0h9884c5b5mxpp4[1m}[0m[2m:[0m[1mreduce[0m[2m:[0m [2msp1_prover::worker::controller::compress[0m[2m:[0m Checking if complete: Pending tasks: 1, map is empty: false, full range is some: false, is_range_equal: false
[2m2026-09-15T23:31:39.294615Z[0m [34mDEBUG[0m [1mController[0m[1m{[0m[3mproof_id[0m[2m=[0mproof_01m2kb91v9egga9yypcwvj99mg [3mtask_id[0m[2m=[0mlocal_worker_01m2kb91vje0h9884c5b5mxpp4[1m}[0m[2m:[0m[1mreduce[0m[2m:[0m [2msp1_prover::worker::controller::compress[0m[2m:[0m Found sibling
[2m2026-09-15T23:31:39.294621Z[0m [34mDEBUG[0m [1mController[0m[1m{[0m[3mproof_id[0m[2m=[0mproof_01m2kb91v9egga9yypcwvj99mg [3mtask_id[0m[2m=[0mlocal_worker_01m2kb91vje0h9884c5b5mxpp4[1m}[0m[2m:[0m[1mreduce[0m[2m:[0m [2msp1_prover::worker::controller::compress[0m[2m:[0m Checking if complete: Pending tasks: 1, map is empty: true, full range is some: false, is_range_equal: false
[2m2026-09-15T23:32:48.904496Z[0m [34mDEBUG[0m [1mProveShard[0m[1m{[0m[3mproof_id[0m[2m=[0mproof_01m2kb91v9egga9yypcwvj99mg [3mtask_id[0m[2m=[0mlocal_worker_01m2kngv4vfr0r9sx8eyhvpaw4[1m}[0m[2m:[0m [2msp1_prover::worker::node::full::init[0m[2m:[0m task succeeded
[2m2026-09-15T23:32:48.947305Z[0m [34mDEBUG[0m [1mProveShard[0m[1m{[0m[3mproof_id[0m[2m=[0mproof_01m2kb91v9egga9yypcwvj99mg [3mtask_id[0m[2m=[0mlocal_worker_01m2kngv5ee1g8h0r9cw1tm7pb[1m}[0m[2m:[0m[1minto_record[0m[2m:[0m [2msp1_prover::worker::prover::core[0m[2m:[0m global memory shard
[2m2026-09-15T23:34:36.220937Z[0m [34mDEBUG[0m [1mProveShard[0m[1m{[0m[3mproof_id[0m[2m=[0mproof_01m2kb91v9egga9yypcwvj99mg [3mtask_id[0m[2m=[0mlocal_worker_01m2kngv5ee1g8h0r9cw1tm7pb[1m}[0m[2m:[0m [2msp1_prover::worker::node::full::init[0m[2m:[0m task succeeded
[2m2026-09-15T23:34:36.221607Z[0m [34mDEBUG[0m [1mController[0m[1m{[0m[3mproof_id[0m[2m=[0mproof_01m2kb91v9egga9yypcwvj99mg [3mtask_id[0m[2m=[0mlocal_worker_01m2kb91vje0h9884c5b5mxpp4[1m}[0m[2m:[0m[1mreduce[0m[2m:[0m [2msp1_prover::worker::controller::compress[0m[2m:[0m Checking if complete: Pending tasks: 1, map is empty: false, full range is some: false, is_range_equal: false
[2m2026-09-15T23:34:36.221628Z[0m [34mDEBUG[0m [1mController[0m[1m{[0m[3mproof_id[0m[2m=[0mproof_01m2kb91v9egga9yypcwvj99mg [3mtask_id[0m[2m=[0mlocal_worker_01m2kb91vje0h9884c5b5mxpp4[1m}[0m[2m:[0m[1mreduce[0m[2m:[0m [2msp1_prover::worker::controller::compress[0m[2m:[0m Found sibling
[2m2026-09-15T23:34:36.221634Z[0m [34mDEBUG[0m [1mController[0m[1m{[0m[3mproof_id[0m[2m=[0mproof_01m2kb91v9egga9yypcwvj99mg [3mtask_id[0m[2m=[0mlocal_worker_01m2kb91vje0h9884c5b5mxpp4[1m}[0m[2m:[0m[1mreduce[0m[2m:[0m [2msp1_prover::worker::controller::compress[0m[2m:[0m Checking if complete: Pending tasks: 1, map is empty: true, full range is some: false, is_range_equal: false
[2m2026-09-15T23:34:36.221642Z[0m [34mDEBUG[0m [1mController[0m[1m{[0m[3mproof_id[0m[2m=[0mproof_01m2kb91v9egga9yypcwvj99mg [3mtask_id[0m[2m=[0mlocal_worker_01m2kb91vje0h9884c5b5mxpp4[1m}[0m[2m:[0m[1mreduce[0m[2m:[0m [2msp1_prover::worker::controller::compress[0m[2m:[0m Checking if complete: Pending tasks: 1, map is empty: false, full range is some: false, is_range_equal: false
[2m2026-09-15T23:34:36.221648Z[0m [34mDEBUG[0m [1mController[0m[1m{[0m[3mproof_id[0m[2m=[0mproof_01m2kb91v9egga9yypcwvj99mg [3mtask_id[0m[2m=[0mlocal_worker_01m2kb91vje0h9884c5b5mxpp4[1m}[0m[2m:[0m[1mreduce[0m[2m:[0m [2msp1_prover::worker::controller::compress[0m[2m:[0m Found sibling
[2m2026-09-15T23:34:36.221653Z[0m [34mDEBUG[0m [1mController[0m[1m{[0m[3mproof_id[0m[2m=[0mproof_01m2kb91v9egga9yypcwvj99mg [3mtask_id[0m[2m=[0mlocal_worker_01m2kb91vje0h9884c5b5mxpp4[1m}[0m[2m:[0m[1mreduce[0m[2m:[0m [2msp1_prover::worker::controller::compress[0m[2m:[0m Checking if complete: Pending tasks: 1, map is empty: true, full range is some: false, is_range_equal: false
[2m2026-09-15T23:34:36.221676Z[0m [34mDEBUG[0m [1mController[0m[1m{[0m[3mproof_id[0m[2m=[0mproof_01m2kb91v9egga9yypcwvj99mg [3mtask_id[0m[2m=[0mlocal_worker_01m2kb91vje0h9884c5b5mxpp4[1m}[0m[2m:[0m[1mreduce[0m[2m:[0m [2msp1_prover::worker::client::local[0m[2m:[0m submitting task of kind RecursionReduce
[2m2026-09-15T23:34:36.283331Z[0m [34mDEBUG[0m [1mProveShard[0m[1m{[0m[3mproof_id[0m[2m=[0mproof_01m2kb91v9egga9yypcwvj99mg [3mtask_id[0m[2m=[0mlocal_worker_01m2kngv5kfjrrc8g4jc9hapr6[1m}[0m[2m:[0m[1minto_record[0m[2m:[0m [2msp1_prover::worker::prover::core[0m[2m:[0m global memory shard
[2m2026-09-15T23:36:06.826424Z[0m [34mDEBUG[0m [1mRecursionReduce[0m[1m{[0m[3mproof_id[0m[2m=[0mproof_01m2kb91v9egga9yypcwvj99mg [3mtask_id[0m[2m=[0mlocal_worker_01m2kpr7xxefgbs17sn4jfpx3j[1m}[0m[2m:[0m [2msp1_prover::worker::node::full::init[0m[2m:[0m task succeeded
[2m2026-09-15T23:36:06.826549Z[0m [34mDEBUG[0m [1mController[0m[1m{[0m[3mproof_id[0m[2m=[0mproof_01m2kb91v9egga9yypcwvj99mg [3mtask_id[0m[2m=[0mlocal_worker_01m2kb91vje0h9884c5b5mxpp4[1m}[0m[2m:[0m[1mreduce[0m[2m:[0m [2msp1_prover::worker::controller::compress[0m[2m:[0m Checking if complete: Pending tasks: 1, map is empty: true, full range is some: false, is_range_equal: false
[2m2026-09-15T23:36:06.826587Z[0m [34mDEBUG[0m [1mController[0m[1m{[0m[3mproof_id[0m[2m=[0mproof_01m2kb91v9egga9yypcwvj99mg [3mtask_id[0m[2m=[0mlocal_worker_01m2kb91vje0h9884c5b5mxpp4[1m}[0m[2m:[0m[1mreduce[0m[2m:[0m [2msp1_prover::worker::controller::compress[0m[2m:[0m No neighboring range found, adding proof to tree
[2m2026-09-15T23:37:16.617365Z[0m [34mDEBUG[0m [1mProveShard[0m[1m{[0m[3mproof_id[0m[2m=[0mproof_01m2kb91v9egga9yypcwvj99mg [3mtask_id[0m[2m=[0mlocal_worker_01m2kngv5kfjrrc8g4jc9hapr6[1m}[0m[2m:[0m [2msp1_prover::worker::node::full::init[0m[2m:[0m task succeeded
[2m2026-09-15T23:37:16.618337Z[0m [34mDEBUG[0m [1mController[0m[1m{[0m[3mproof_id[0m[2m=[0mproof_01m2kb91v9egga9yypcwvj99mg [3mtask_id[0m[2m=[0mlocal_worker_01m2kb91vje0h9884c5b5mxpp4[1m}[0m[2m:[0m[1mreduce[0m[2m:[0m [2msp1_prover::worker::controller::compress[0m[2m:[0m Checking if complete: Pending tasks: 1, map is empty: false, full range is some: false, is_range_equal: false
[2m2026-09-15T23:37:16.618363Z[0m [34mDEBUG[0m [1mController[0m[1m{[0m[3mproof_id[0m[2m=[0mproof_01m2kb91v9egga9yypcwvj99mg [3mtask_id[0m[2m=[0mlocal_worker_01m2kb91vje0h9884c5b5mxpp4[1m}[0m[2m:[0m[1mreduce[0m[2m:[0m [2msp1_prover::worker::controller::compress[0m[2m:[0m Found sibling
[2m2026-09-15T23:37:16.618369Z[0m [34mDEBUG[0m [1mController[0m[1m{[0m[3mproof_id[0m[2m=[0mproof_01m2kb91v9egga9yypcwvj99mg [3mtask_id[0m[2m=[0mlocal_worker_01m2kb91vje0h9884c5b5mxpp4[1m}[0m[2m:[0m[1mreduce[0m[2m:[0m [2msp1_prover::worker::controller::compress[0m[2m:[0m Checking if complete: Pending tasks: 1, map is empty: true, full range is some: false, is_range_equal: false
[2m2026-09-15T23:37:16.662590Z[0m [34mDEBUG[0m [1mProveShard[0m[1m{[0m[3mproof_id[0m[2m=[0mproof_01m2kb91v9egga9yypcwvj99mg [3mtask_id[0m[2m=[0mlocal_worker_01m2kngv5vfggvtdxx5j4wryqv[1m}[0m[2m:[0m[1minto_record[0m[2m:[0m [2msp1_prover::worker::prover::core[0m[2m:[0m global memory shard
[2m2026-09-15T23:39:04.007070Z[0m [34mDEBUG[0m [1mProveShard[0m[1m{[0m[3mproof_id[0m[2m=[0mproof_01m2kb91v9egga9yypcwvj99mg [3mtask_id[0m[2m=[0mlocal_worker_01m2kngv5vfggvtdxx5j4wryqv[1m}[0m[2m:[0m [2msp1_prover::worker::node::full::init[0m[2m:[0m task succeeded
[2m2026-09-15T23:39:04.048521Z[0m [34mDEBUG[0m [1mProveShard[0m[1m{[0m[3mproof_id[0m[2m=[0mproof_01m2kb91v9egga9yypcwvj99mg [3mtask_id[0m[2m=[0mlocal_worker_01m2kngv60fqhrpjbnfrxtzfza[1m}[0m[2m:[0m[1minto_record[0m[2m:[0m [2msp1_prover::worker::prover::core[0m[2m:[0m global memory shard
[2m2026-09-15T23:40:50.953489Z[0m [34mDEBUG[0m [1mProveShard[0m[1m{[0m[3mproof_id[0m[2m=[0mproof_01m2kb91v9egga9yypcwvj99mg [3mtask_id[0m[2m=[0mlocal_worker_01m2kngv60fqhrpjbnfrxtzfza[1m}[0m[2m:[0m [2msp1_prover::worker::node::full::init[0m[2m:[0m task succeeded
[2m2026-09-15T23:40:50.954155Z[0m [34mDEBUG[0m [1mController[0m[1m{[0m[3mproof_id[0m[2m=[0mproof_01m2kb91v9egga9yypcwvj99mg [3mtask_id[0m[2m=[0mlocal_worker_01m2kb91vje0h9884c5b5mxpp4[1m}[0m[2m:[0m[1mreduce[0m[2m:[0m [2msp1_prover::worker::controller::compress[0m[2m:[0m Checking if complete: Pending tasks: 1, map is empty: false, full range is some: false, is_range_equal: false
[2m2026-09-15T23:40:50.954176Z[0m [34mDEBUG[0m [1mController[0m[1m{[0m[3mproof_id[0m[2m=[0mproof_01m2kb91v9egga9yypcwvj99mg [3mtask_id[0m[2m=[0mlocal_worker_01m2kb91vje0h9884c5b5mxpp4[1m}[0m[2m:[0m[1mreduce[0m[2m:[0m [2msp1_prover::worker::controller::compress[0m[2m:[0m Found sibling
[2m2026-09-15T23:40:50.954181Z[0m [34mDEBUG[0m [1mController[0m[1m{[0m[3mproof_id[0m[2m=[0mproof_01m2kb91v9egga9yypcwvj99mg [3mtask_id[0m[2m=[0mlocal_worker_01m2kb91vje0h9884c5b5mxpp4[1m}[0m[2m:[0m[1mreduce[0m[2m:[0m [2msp1_prover::worker::controller::compress[0m[2m:[0m Checking if complete: Pending tasks: 1, map is empty: true, full range is some: false, is_range_equal: false
[2m2026-09-15T23:40:50.996227Z[0m [34mDEBUG[0m [1mProveShard[0m[1m{[0m[3mproof_id[0m[2m=[0mproof_01m2kb91v9egga9yypcwvj99mg [3mtask_id[0m[2m=[0mlocal_worker_01m2kngv67e9htdw7t2bdpygs7[1m}[0m[2m:[0m[1minto_record[0m[2m:[0m [2msp1_prover::worker::prover::core[0m[2m:[0m global memory shard
[2m2026-09-15T23:42:38.000982Z[0m [34mDEBUG[0m [1mProveShard[0m[1m{[0m[3mproof_id[0m[2m=[0mproof_01m2kb91v9egga9yypcwvj99mg [3mtask_id[0m[2m=[0mlocal_worker_01m2kngv67e9htdw7t2bdpygs7[1m}[0m[2m:[0m [2msp1_prover::worker::node::full::init[0m[2m:[0m task succeeded
[2m2026-09-15T23:42:38.043492Z[0m [34mDEBUG[0m [1mProveShard[0m[1m{[0m[3mproof_id[0m[2m=[0mproof_01m2kb91v9egga9yypcwvj99mg [3mtask_id[0m[2m=[0mlocal_worker_01m2kngv6behs954qc1d8y898p[1m}[0m[2m:[0m[1minto_record[0m[2m:[0m [2msp1_prover::worker::prover::core[0m[2m:[0m global memory shard
[2m2026-09-15T23:44:24.905972Z[0m [34mDEBUG[0m [1mProveShard[0m[1m{[0m[3mproof_id[0m[2m=[0mproof_01m2kb91v9egga9yypcwvj99mg [3mtask_id[0m[2m=[0mlocal_worker_01m2kngv6behs954qc1d8y898p[1m}[0m[2m:[0m [2msp1_prover::worker::node::full::init[0m[2m:[0m task succeeded
[2m2026-09-15T23:44:24.906721Z[0m [34mDEBUG[0m [1mController[0m[1m{[0m[3mproof_id[0m[2m=[0mproof_01m2kb91v9egga9yypcwvj99mg [3mtask_id[0m[2m=[0mlocal_worker_01m2kb91vje0h9884c5b5mxpp4[1m}[0m[2m:[0m[1mreduce[0m[2m:[0m [2msp1_prover::worker::controller::compress[0m[2m:[0m Checking if complete: Pending tasks: 1, map is empty: false, full range is some: false, is_range_equal: false
[2m2026-09-15T23:44:24.906744Z[0m [34mDEBUG[0m [1mController[0m[1m{[0m[3mproof_id[0m[2m=[0mproof_01m2kb91v9egga9yypcwvj99mg [3mtask_id[0m[2m=[0mlocal_worker_01m2kb91vje0h9884c5b5mxpp4[1m}[0m[2m:[0m[1mreduce[0m[2m:[0m [2msp1_prover::worker::controller::compress[0m[2m:[0m Found sibling
[2m2026-09-15T23:44:24.906774Z[0m [34mDEBUG[0m [1mController[0m[1m{[0m[3mproof_id[0m[2m=[0mproof_01m2kb91v9egga9yypcwvj99mg [3mtask_id[0m[2m=[0mlocal_worker_01m2kb91vje0h9884c5b5mxpp4[1m}[0m[2m:[0m[1mreduce[0m[2m:[0m [2msp1_prover::worker::controller::compress[0m[2m:[0m Checking if complete: Pending tasks: 1, map is empty: true, full range is some: false, is_range_equal: false
[2m2026-09-15T23:44:24.906799Z[0m [34mDEBUG[0m [1mController[0m[1m{[0m[3mproof_id[0m[2m=[0mproof_01m2kb91v9egga9yypcwvj99mg [3mtask_id[0m[2m=[0mlocal_worker_01m2kb91vje0h9884c5b5mxpp4[1m}[0m[2m:[0m[1mreduce[0m[2m:[0m [2msp1_prover::worker::client::local[0m[2m:[0m submitting task of kind RecursionReduce
[2m2026-09-15T23:44:24.906865Z[0m [34mDEBUG[0m [1mController[0m[1m{[0m[3mproof_id[0m[2m=[0mproof_01m2kb91v9egga9yypcwvj99mg [3mtask_id[0m[2m=[0mlocal_worker_01m2kb91vje0h9884c5b5mxpp4[1m}[0m[2m:[0m[1mreduce[0m[2m:[0m [2msp1_prover::worker::controller::compress[0m[2m:[0m Checking if complete: Pending tasks: 2, map is empty: true, full range is some: false, is_range_equal: false
[2m2026-09-15T23:44:24.906882Z[0m [34mDEBUG[0m [1mController[0m[1m{[0m[3mproof_id[0m[2m=[0mproof_01m2kb91v9egga9yypcwvj99mg [3mtask_id[0m[2m=[0mlocal_worker_01m2kb91vje0h9884c5b5mxpp4[1m}[0m[2m:[0m[1mreduce[0m[2m:[0m [2msp1_prover::worker::controller::compress[0m[2m:[0m No neighboring range found, adding proof to tree
[2m2026-09-15T23:44:24.906890Z[0m [34mDEBUG[0m [1mController[0m[1m{[0m[3mproof_id[0m[2m=[0mproof_01m2kb91v9egga9yypcwvj99mg [3mtask_id[0m[2m=[0mlocal_worker_01m2kb91vje0h9884c5b5mxpp4[1m}[0m[2m:[0m[1mreduce[0m[2m:[0m [2msp1_prover::worker::controller::compress[0m[2m:[0m Checking if complete: Pending tasks: 2, map is empty: false, full range is some: false, is_range_equal: false
[2m2026-09-15T23:44:24.906896Z[0m [34mDEBUG[0m [1mController[0m[1m{[0m[3mproof_id[0m[2m=[0mproof_01m2kb91v9egga9yypcwvj99mg [3mtask_id[0m[2m=[0mlocal_worker_01m2kb91vje0h9884c5b5mxpp4[1m}[0m[2m:[0m[1mreduce[0m[2m:[0m [2msp1_prover::worker::controller::compress[0m[2m:[0m Found sibling
[2m2026-09-15T23:44:24.906899Z[0m [34mDEBUG[0m [1mController[0m[1m{[0m[3mproof_id[0m[2m=[0mproof_01m2kb91v9egga9yypcwvj99mg [3mtask_id[0m[2m=[0mlocal_worker_01m2kb91vje0h9884c5b5mxpp4[1m}[0m[2m:[0m[1mreduce[0m[2m:[0m [2msp1_prover::worker::controller::compress[0m[2m:[0m Checking if complete: Pending tasks: 2, map is empty: true, full range is some: false, is_range_equal: false
[2m2026-09-15T23:44:24.972360Z[0m [34mDEBUG[0m [1mProveShard[0m[1m{[0m[3mproof_id[0m[2m=[0mproof_01m2kb91v9egga9yypcwvj99mg [3mtask_id[0m[2m=[0mlocal_worker_01m2kngv6rf7grr0b0f9cfp395[1m}[0m[2m:[0m[1minto_record[0m[2m:[0m [2msp1_prover::worker::prover::core[0m[2m:[0m global memory shard
[2m2026-09-15T23:46:02.884553Z[0m [34mDEBUG[0m [1mRecursionReduce[0m[1m{[0m[3mproof_id[0m[2m=[0mproof_01m2kb91v9egga9yypcwvj99mg [3mtask_id[0m[2m=[0mlocal_worker_01m2kqa6tafj0s01d466xc4wc4[1m}[0m[2m:[0m [2msp1_prover::worker::node::full::init[0m[2m:[0m task succeeded
[2m2026-09-15T23:46:02.884604Z[0m [34mDEBUG[0m [1mController[0m[1m{[0m[3mproof_id[0m[2m=[0mproof_01m2kb91v9egga9yypcwvj99mg [3mtask_id[0m[2m=[0mlocal_worker_01m2kb91vje0h9884c5b5mxpp4[1m}[0m[2m:[0m[1mreduce[0m[2m:[0m [2msp1_prover::worker::controller::compress[0m[2m:[0m Checking if complete: Pending tasks: 1, map is empty: false, full range is some: false, is_range_equal: false
[2m2026-09-15T23:46:02.884617Z[0m [34mDEBUG[0m [1mController[0m[1m{[0m[3mproof_id[0m[2m=[0mproof_01m2kb91v9egga9yypcwvj99mg [3mtask_id[0m[2m=[0mlocal_worker_01m2kb91vje0h9884c5b5mxpp4[1m}[0m[2m:[0m[1mreduce[0m[2m:[0m [2msp1_prover::worker::controller::compress[0m[2m:[0m Found sibling
[2m2026-09-15T23:46:02.884621Z[0m [34mDEBUG[0m [1mController[0m[1m{[0m[3mproof_id[0m[2m=[0mproof_01m2kb91v9egga9yypcwvj99mg [3mtask_id[0m[2m=[0mlocal_worker_01m2kb91vje0h9884c5b5mxpp4[1m}[0m[2m:[0m[1mreduce[0m[2m:[0m [2msp1_prover::worker::controller::compress[0m[2m:[0m Checking if complete: Pending tasks: 1, map is empty: true, full range is some: false, is_range_equal: false
[2m2026-09-15T23:47:12.734009Z[0m [34mDEBUG[0m [1mProveShard[0m[1m{[0m[3mproof_id[0m[2m=[0mproof_01m2kb91v9egga9yypcwvj99mg [3mtask_id[0m[2m=[0mlocal_worker_01m2kngv6rf7grr0b0f9cfp395[1m}[0m[2m:[0m [2msp1_prover::worker::node::full::init[0m[2m:[0m task succeeded
[2m2026-09-15T23:47:12.781558Z[0m [34mDEBUG[0m [1mProveShard[0m[1m{[0m[3mproof_id[0m[2m=[0mproof_01m2kb91v9egga9yypcwvj99mg [3mtask_id[0m[2m=[0mlocal_worker_01m2kngv72fn18sr9tsh8exje5[1m}[0m[2m:[0m[1minto_record[0m[2m:[0m [2msp1_prover::worker::prover::core[0m[2m:[0m global memory shard
[2m2026-09-15T23:49:10.427849Z[0m [34mDEBUG[0m [1mProveShard[0m[1m{[0m[3mproof_id[0m[2m=[0mproof_01m2kb91v9egga9yypcwvj99mg [3mtask_id[0m[2m=[0mlocal_worker_01m2kngv72fn18sr9tsh8exje5[1m}[0m[2m:[0m [2msp1_prover::worker::node::full::init[0m[2m:[0m task succeeded
[2m2026-09-15T23:49:10.428652Z[0m [34mDEBUG[0m [1mController[0m[1m{[0m[3mproof_id[0m[2m=[0mproof_01m2kb91v9egga9yypcwvj99mg [3mtask_id[0m[2m=[0mlocal_worker_01m2kb91vje0h9884c5b5mxpp4[1m}[0m[2m:[0m[1mreduce[0m[2m:[0m [2msp1_prover::worker::controller::compress[0m[2m:[0m Checking if complete: Pending tasks: 1, map is empty: false, full range is some: false, is_range_equal: false
[2m2026-09-15T23:49:10.428722Z[0m [34mDEBUG[0m [1mController[0m[1m{[0m[3mproof_id[0m[2m=[0mproof_01m2kb91v9egga9yypcwvj99mg [3mtask_id[0m[2m=[0mlocal_worker_01m2kb91vje0h9884c5b5mxpp4[1m}[0m[2m:[0m[1mreduce[0m[2m:[0m [2msp1_prover::worker::controller::compress[0m[2m:[0m Found sibling
[2m2026-09-15T23:49:10.428732Z[0m [34mDEBUG[0m [1mController[0m[1m{[0m[3mproof_id[0m[2m=[0mproof_01m2kb91v9egga9yypcwvj99mg [3mtask_id[0m[2m=[0mlocal_worker_01m2kb91vje0h9884c5b5mxpp4[1m}[0m[2m:[0m[1mreduce[0m[2m:[0m [2msp1_prover::worker::controller::compress[0m[2m:[0m Checking if complete: Pending tasks: 1, map is empty: true, full range is some: false, is_range_equal: false
[2m2026-09-15T23:49:10.428787Z[0m [34mDEBUG[0m [1mController[0m[1m{[0m[3mproof_id[0m[2m=[0mproof_01m2kb91v9egga9yypcwvj99mg [3mtask_id[0m[2m=[0mlocal_worker_01m2kb91vje0h9884c5b5mxpp4[1m}[0m[2m:[0m[1mreduce[0m[2m:[0m [2msp1_prover::worker::client::local[0m[2m:[0m submitting task of kind RecursionReduce
[2m2026-09-15T23:49:10.476535Z[0m [34mDEBUG[0m [1mProveShard[0m[1m{[0m[3mproof_id[0m[2m=[0mproof_01m2kb91v9egga9yypcwvj99mg [3mtask_id[0m[2m=[0mlocal_worker_01m2kngv7af1gr3h2ma9sq4mgz[1m}[0m[2m:[0m[1minto_record[0m[2m:[0m [2msp1_prover::worker::prover::core[0m[2m:[0m global memory shard
[2m2026-09-15T23:50:50.719830Z[0m [34mDEBUG[0m [1mRecursionReduce[0m[1m{[0m[3mproof_id[0m[2m=[0mproof_01m2kb91v9egga9yypcwvj99mg [3mtask_id[0m[2m=[0mlocal_worker_01m2kqjxmweb9998vr3ekxb3p5[1m}[0m[2m:[0m [2msp1_prover::worker::node::full::init[0m[2m:[0m task succeeded
[2m2026-09-15T23:50:50.719873Z[0m [34mDEBUG[0m [1mController[0m[1m{[0m[3mproof_id[0m[2m=[0mproof_01m2kb91v9egga9yypcwvj99mg [3mtask_id[0m[2m=[0mlocal_worker_01m2kb91vje0h9884c5b5mxpp4[1m}[0m[2m:[0m[1mreduce[0m[2m:[0m [2msp1_prover::worker::controller::compress[0m[2m:[0m Checking if complete: Pending tasks: 1, map is empty: true, full range is some: false, is_range_equal: false
[2m2026-09-15T23:50:50.719887Z[0m [34mDEBUG[0m [1mController[0m[1m{[0m[3mproof_id[0m[2m=[0mproof_01m2kb91v9egga9yypcwvj99mg [3mtask_id[0m[2m=[0mlocal_worker_01m2kb91vje0h9884c5b5mxpp4[1m}[0m[2m:[0m[1mreduce[0m[2m:[0m [2msp1_prover::worker::controller::compress[0m[2m:[0m No neighboring range found, adding proof to tree
[2m2026-09-15T23:52:00.505842Z[0m [34mDEBUG[0m [1mProveShard[0m[1m{[0m[3mproof_id[0m[2m=[0mproof_01m2kb91v9egga9yypcwvj99mg [3mtask_id[0m[2m=[0mlocal_worker_01m2kngv7af1gr3h2ma9sq4mgz[1m}[0m[2m:[0m [2msp1_prover::worker::node::full::init[0m[2m:[0m task succeeded
[2m2026-09-15T23:52:00.547890Z[0m [34mDEBUG[0m [1mProveShard[0m[1m{[0m[3mproof_id[0m[2m=[0mproof_01m2kb91v9egga9yypcwvj99mg [3mtask_id[0m[2m=[0mlocal_worker_01m2kngv7gea0aay3hg5e5wfxw[1m}[0m[2m:[0m[1minto_record[0m[2m:[0m [2msp1_prover::worker::prover::core[0m[2m:[0m global memory shard
[2m2026-09-15T23:53:57.762033Z[0m [34mDEBUG[0m [1mProveShard[0m[1m{[0m[3mproof_id[0m[2m=[0mproof_01m2kb91v9egga9yypcwvj99mg [3mtask_id[0m[2m=[0mlocal_worker_01m2kngv7gea0aay3hg5e5wfxw[1m}[0m[2m:[0m [2msp1_prover::worker::node::full::init[0m[2m:[0m task succeeded
[2m2026-09-15T23:53:57.806176Z[0m [34mDEBUG[0m [1mProveShard[0m[1m{[0m[3mproof_id[0m[2m=[0mproof_01m2kb91v9egga9yypcwvj99mg [3mtask_id[0m[2m=[0mlocal_worker_01m2kngv7rf40vv0r1sp35tf92[1m}[0m[2m:[0m[1minto_record[0m[2m:[0m [2msp1_prover::worker::prover::core[0m[2m:[0m global memory shard
[2m2026-09-15T23:55:55.209437Z[0m [34mDEBUG[0m [1mProveShard[0m[1m{[0m[3mproof_id[0m[2m=[0mproof_01m2kb91v9egga9yypcwvj99mg [3mtask_id[0m[2m=[0mlocal_worker_01m2kngv7rf40vv0r1sp35tf92[1m}[0m[2m:[0m [2msp1_prover::worker::node::full::init[0m[2m:[0m task succeeded
[2m2026-09-15T23:55:55.210137Z[0m [34mDEBUG[0m [1mCoreExecute[0m[1m{[0m[3mproof_id[0m[2m=[0mproof_01m2kb91v9egga9yypcwvj99mg [3mtask_id[0m[2m=[0mlocal_worker_01m2kb9chkez19hnxxwd2t5t4q[1m}[0m[2m:[0m[1memit precompile shards[0m[2m:[0m[1mdeferred sender[0m[2m:[0m [2msp1_prover::worker::controller::precompiles[0m[2m:[0m received deferred marker task status: Succeeded [3mtask_id[0m[2m=[0m"local_worker_01m2kjx9evfa8t08wwq67a5jdp"
[2m2026-09-15T23:55:55.210413Z[0m [34mDEBUG[0m [1mCoreExecute[0m[1m{[0m[3mproof_id[0m[2m=[0mproof_01m2kb91v9egga9yypcwvj99mg [3mtask_id[0m[2m=[0mlocal_worker_01m2kb9chkez19hnxxwd2t5t4q[1m}[0m[2m:[0m[1memit precompile shards[0m[2m:[0m[1mdeferred sender[0m[2m:[0m [2msp1_prover::worker::client::local[0m[2m:[0m submitting task of kind ProveShard
[2m2026-09-15T23:55:55.253389Z[0m [34mDEBUG[0m [1mProveShard[0m[1m{[0m[3mproof_id[0m[2m=[0mproof_01m2kb91v9egga9yypcwvj99mg [3mtask_id[0m[2m=[0mlocal_worker_01m2kngv86ehs9czatd5h57wb7[1m}[0m[2m:[0m[1minto_record[0m[2m:[0m [2msp1_prover::worker::prover::core[0m[2m:[0m global memory shard
[2m2026-09-15T23:57:52.692683Z[0m [34mDEBUG[0m [1mProveShard[0m[1m{[0m[3mproof_id[0m[2m=[0mproof_01m2kb91v9egga9yypcwvj99mg [3mtask_id[0m[2m=[0mlocal_worker_01m2kngv86ehs9czatd5h57wb7[1m}[0m[2m:[0m [2msp1_prover::worker::node::full::init[0m[2m:[0m task succeeded
[2m2026-09-15T23:57:52.693525Z[0m [34mDEBUG[0m [1mCoreExecute[0m[1m{[0m[3mproof_id[0m[2m=[0mproof_01m2kb91v9egga9yypcwvj99mg [3mtask_id[0m[2m=[0mlocal_worker_01m2kb9chkez19hnxxwd2t5t4q[1m}[0m[2m:[0m[1memit precompile shards[0m[2m:[0m[1mdeferred sender[0m[2m:[0m [2msp1_prover::worker::controller::precompiles[0m[2m:[0m received deferred marker task status: Succeeded [3mtask_id[0m[2m=[0m"local_worker_01m2kk2qf2fg8sg3j38n6c0g63"
[2m2026-09-15T23:57:52.693640Z[0m [34mDEBUG[0m [1mController[0m[1m{[0m[3mproof_id[0m[2m=[0mproof_01m2kb91v9egga9yypcwvj99mg [3mtask_id[0m[2m=[0mlocal_worker_01m2kb91vje0h9884c5b5mxpp4[1m}[0m[2m:[0m[1mreduce[0m[2m:[0m [2msp1_prover::worker::controller::compress[0m[2m:[0m Checking if complete: Pending tasks: 1, map is empty: false, full range is some: false, is_range_equal: false
[2m2026-09-15T23:57:52.693657Z[0m [34mDEBUG[0m [1mController[0m[1m{[0m[3mproof_id[0m[2m=[0mproof_01m2kb91v9egga9yypcwvj99mg [3mtask_id[0m[2m=[0mlocal_worker_01m2kb91vje0h9884c5b5mxpp4[1m}[0m[2m:[0m[1mreduce[0m[2m:[0m [2msp1_prover::worker::controller::compress[0m[2m:[0m Found sibling
[2m2026-09-15T23:57:52.693663Z[0m [34mDEBUG[0m [1mController[0m[1m{[0m[3mproof_id[0m[2m=[0mproof_01m2kb91v9egga9yypcwvj99mg [3mtask_id[0m[2m=[0mlocal_worker_01m2kb91vje0h9884c5b5mxpp4[1m}[0m[2m:[0m[1mreduce[0m[2m:[0m [2msp1_prover::worker::controller::compress[0m[2m:[0m Checking if complete: Pending tasks: 1, map is empty: true, full range is some: false, is_range_equal: false
[2m2026-09-15T23:57:52.693680Z[0m [34mDEBUG[0m [1mController[0m[1m{[0m[3mproof_id[0m[2m=[0mproof_01m2kb91v9egga9yypcwvj99mg [3mtask_id[0m[2m=[0mlocal_worker_01m2kb91vje0h9884c5b5mxpp4[1m}[0m[2m:[0m[1mreduce[0m[2m:[0m [2msp1_prover::worker::controller::compress[0m[2m:[0m Checking if complete: Pending tasks: 1, map is empty: false, full range is some: false, is_range_equal: false
[2m2026-09-15T23:57:52.693687Z[0m [34mDEBUG[0m [1mController[0m[1m{[0m[3mproof_id[0m[2m=[0mproof_01m2kb91v9egga9yypcwvj99mg [3mtask_id[0m[2m=[0mlocal_worker_01m2kb91vje0h9884c5b5mxpp4[1m}[0m[2m:[0m[1mreduce[0m[2m:[0m [2msp1_prover::worker::controller::compress[0m[2m:[0m Found sibling
[2m2026-09-15T23:57:52.693691Z[0m [34mDEBUG[0m [1mController[0m[1m{[0m[3mproof_id[0m[2m=[0mproof_01m2kb91v9egga9yypcwvj99mg [3mtask_id[0m[2m=[0mlocal_worker_01m2kb91vje0h9884c5b5mxpp4[1m}[0m[2m:[0m[1mreduce[0m[2m:[0m [2msp1_prover::worker::controller::compress[0m[2m:[0m Checking if complete: Pending tasks: 1, map is empty: true, full range is some: false, is_range_equal: false
[2m2026-09-15T23:57:52.694827Z[0m [34mDEBUG[0m [1mCoreExecute[0m[1m{[0m[3mproof_id[0m[2m=[0mproof_01m2kb91v9egga9yypcwvj99mg [3mtask_id[0m[2m=[0mlocal_worker_01m2kb9chkez19hnxxwd2t5t4q[1m}[0m[2m:[0m[1memit precompile shards[0m[2m:[0m[1mdeferred sender[0m[2m:[0m [2msp1_prover::worker::controller::precompiles[0m[2m:[0m received deferred marker task status: Succeeded [3mtask_id[0m[2m=[0m"local_worker_01m2kka7x9fx9rbhe2nxx76xw7"
[2m2026-09-15T23:57:52.695386Z[0m [34mDEBUG[0m [1mCoreExecute[0m[1m{[0m[3mproof_id[0m[2m=[0mproof_01m2kb91v9egga9yypcwvj99mg [3mtask_id[0m[2m=[0mlocal_worker_01m2kb9chkez19hnxxwd2t5t4q[1m}[0m[2m:[0m[1memit precompile shards[0m[2m:[0m[1mdeferred sender[0m[2m:[0m [2msp1_prover::worker::client::local[0m[2m:[0m submitting task of kind ProveShard
[2m2026-09-15T23:57:52.735680Z[0m [34mDEBUG[0m [1mProveShard[0m[1m{[0m[3mproof_id[0m[2m=[0mproof_01m2kb91v9egga9yypcwvj99mg [3mtask_id[0m[2m=[0mlocal_worker_01m2kngv8eekst2m94dady9y0w[1m}[0m[2m:[0m[1minto_record[0m[2m:[0m [2msp1_prover::worker::prover::core[0m[2m:[0m global memory shard
[2m2026-09-15T23:59:50.094054Z[0m [34mDEBUG[0m [1mProveShard[0m[1m{[0m[3mproof_id[0m[2m=[0mproof_01m2kb91v9egga9yypcwvj99mg [3mtask_id[0m[2m=[0mlocal_worker_01m2kngv8eekst2m94dady9y0w[1m}[0m[2m:[0m [2msp1_prover::worker::node::full::init[0m[2m:[0m task succeeded
[2m2026-09-15T23:59:50.094714Z[0m [34mDEBUG[0m [1mController[0m[1m{[0m[3mproof_id[0m[2m=[0mproof_01m2kb91v9egga9yypcwvj99mg [3mtask_id[0m[2m=[0mlocal_worker_01m2kb91vje0h9884c5b5mxpp4[1m}[0m[2m:[0m[1mreduce[0m[2m:[0m [2msp1_prover::worker::controller::compress[0m[2m:[0m Checking if complete: Pending tasks: 1, map is empty: false, full range is some: false, is_range_equal: false
[2m2026-09-15T23:59:50.094723Z[0m [34mDEBUG[0m [1mCoreExecute[0m[1m{[0m[3mproof_id[0m[2m=[0mproof_01m2kb91v9egga9yypcwvj99mg [3mtask_id[0m[2m=[0mlocal_worker_01m2kb9chkez19hnxxwd2t5t4q[1m}[0m[2m:[0m[1memit precompile shards[0m[2m:[0m[1mdeferred sender[0m[2m:[0m [2msp1_prover::worker::controller::precompiles[0m[2m:[0m received deferred marker task status: Succeeded [3mtask_id[0m[2m=[0m"local_worker_01m2kke3h8f51bmtth96b92r57"
[2m2026-09-15T23:59:50.094735Z[0m [34mDEBUG[0m [1mController[0m[1m{[0m[3mproof_id[0m[2m=[0mproof_01m2kb91v9egga9yypcwvj99mg [3mtask_id[0m[2m=[0mlocal_worker_01m2kb91vje0h9884c5b5mxpp4[1m}[0m[2m:[0m[1mreduce[0m[2m:[0m [2msp1_prover::worker::controller::compress[0m[2m:[0m Found sibling
[2m2026-09-15T23:59:50.094742Z[0m [34mDEBUG[0m [1mController[0m[1m{[0m[3mproof_id[0m[2m=[0mproof_01m2kb91v9egga9yypcwvj99mg [3mtask_id[0m[2m=[0mlocal_worker_01m2kb91vje0h9884c5b5mxpp4[1m}[0m[2m:[0m[1mreduce[0m[2m:[0m [2msp1_prover::worker::controller::compress[0m[2m:[0m Checking if complete: Pending tasks: 1, map is empty: true, full range is some: false, is_range_equal: false
[2m2026-09-15T23:59:50.094789Z[0m [34mDEBUG[0m [1mController[0m[1m{[0m[3mproof_id[0m[2m=[0mproof_01m2kb91v9egga9yypcwvj99mg [3mtask_id[0m[2m=[0mlocal_worker_01m2kb91vje0h9884c5b5mxpp4[1m}[0m[2m:[0m[1mreduce[0m[2m:[0m [2msp1_prover::worker::client::local[0m[2m:[0m submitting task of kind RecursionReduce
[2m2026-09-15T23:59:50.094873Z[0m [34mDEBUG[0m [1mCoreExecute[0m[1m{[0m[3mproof_id[0m[2m=[0mproof_01m2kb91v9egga9yypcwvj99mg [3mtask_id[0m[2m=[0mlocal_worker_01m2kb9chkez19hnxxwd2t5t4q[1m}[0m[2m:[0m[1memit precompile shards[0m[2m:[0m[1mdeferred sender[0m[2m:[0m [2msp1_prover::worker::client::local[0m[2m:[0m submitting task of kind ProveShard
[2m2026-09-15T23:59:50.156293Z[0m [34mDEBUG[0m [1mProveShard[0m[1m{[0m[3mproof_id[0m[2m=[0mproof_01m2kb91v9egga9yypcwvj99mg [3mtask_id[0m[2m=[0mlocal_worker_01m2kngv8gfn9st74bd439jh2x[1m}[0m[2m:[0m[1minto_record[0m[2m:[0m [2msp1_prover::worker::prover::core[0m[2m:[0m global memory shard
[2m2026-09-16T00:01:19.014073Z[0m [34mDEBUG[0m [1mRecursionReduce[0m[1m{[0m[3mproof_id[0m[2m=[0mproof_01m2kb91v9egga9yypcwvj99mg [3mtask_id[0m[2m=[0mlocal_worker_01m2kr6eaeevr8jzj3drdmm2r3[1m}[0m[2m:[0m [2msp1_prover::worker::node::full::init[0m[2m:[0m task succeeded
[2m2026-09-16T00:01:19.014125Z[0m [34mDEBUG[0m [1mController[0m[1m{[0m[3mproof_id[0m[2m=[0mproof_01m2kb91v9egga9yypcwvj99mg [3mtask_id[0m[2m=[0mlocal_worker_01m2kb91vje0h9884c5b5mxpp4[1m}[0m[2m:[0m[1mreduce[0m[2m:[0m [2msp1_prover::worker::controller::compress[0m[2m:[0m Checking if complete: Pending tasks: 1, map is empty: true, full range is some: false, is_range_equal: false
[2m2026-09-16T00:01:19.014136Z[0m [34mDEBUG[0m [1mController[0m[1m{[0m[3mproof_id[0m[2m=[0mproof_01m2kb91v9egga9yypcwvj99mg [3mtask_id[0m[2m=[0mlocal_worker_01m2kb91vje0h9884c5b5mxpp4[1m}[0m[2m:[0m[1mreduce[0m[2m:[0m [2msp1_prover::worker::controller::compress[0m[2m:[0m No neighboring range found, adding proof to tree
[2m2026-09-16T00:02:28.977938Z[0m [34mDEBUG[0m [1mProveShard[0m[1m{[0m[3mproof_id[0m[2m=[0mproof_01m2kb91v9egga9yypcwvj99mg [3mtask_id[0m[2m=[0mlocal_worker_01m2kngv8gfn9st74bd439jh2x[1m}[0m[2m:[0m [2msp1_prover::worker::node::full::init[0m[2m:[0m task succeeded
[2m2026-09-16T00:02:28.978473Z[0m [34mDEBUG[0m [1mCoreExecute[0m[1m{[0m[3mproof_id[0m[2m=[0mproof_01m2kb91v9egga9yypcwvj99mg [3mtask_id[0m[2m=[0mlocal_worker_01m2kb9chkez19hnxxwd2t5t4q[1m}[0m[2m:[0m[1memit precompile shards[0m[2m:[0m[1mdeferred sender[0m[2m:[0m [2msp1_prover::worker::controller::precompiles[0m[2m:[0m received deferred marker task status: Succeeded [3mtask_id[0m[2m=[0m"local_worker_01m2kkqezeebhrar3wjkfvcn8p"
[2m2026-09-16T00:02:28.978528Z[0m [34mDEBUG[0m [1mCoreExecute[0m[1m{[0m[3mproof_id[0m[2m=[0mproof_01m2kb91v9egga9yypcwvj99mg [3mtask_id[0m[2m=[0mlocal_worker_01m2kb9chkez19hnxxwd2t5t4q[1m}[0m[2m:[0m[1memit precompile shards[0m[2m:[0m[1mdeferred sender[0m[2m:[0m [2msp1_prover::worker::controller::precompiles[0m[2m:[0m received deferred marker task status: Succeeded [3mtask_id[0m[2m=[0m"local_worker_01m2kkv930e9r8h2k188jsy1fc"
[2m2026-09-16T00:02:28.978726Z[0m [34mDEBUG[0m [1mCoreExecute[0m[1m{[0m[3mproof_id[0m[2m=[0mproof_01m2kb91v9egga9yypcwvj99mg [3mtask_id[0m[2m=[0mlocal_worker_01m2kb9chkez19hnxxwd2t5t4q[1m}[0m[2m:[0m[1memit precompile shards[0m[2m:[0m[1mdeferred sender[0m[2m:[0m [2msp1_prover::worker::client::local[0m[2m:[0m submitting task of kind ProveShard
[2m2026-09-16T00:02:29.020952Z[0m [34mDEBUG[0m [1mProveShard[0m[1m{[0m[3mproof_id[0m[2m=[0mproof_01m2kb91v9egga9yypcwvj99mg [3mtask_id[0m[2m=[0mlocal_worker_01m2knmhzcep1tbkk5ven3xcsh[1m}[0m[2m:[0m[1minto_record[0m[2m:[0m [2msp1_prover::worker::prover::core[0m[2m:[0m precompile events: code KECCAK_PERMUTE
[2m2026-09-16T00:04:28.460446Z[0m [34mDEBUG[0m [1mProveShard[0m[1m{[0m[3mproof_id[0m[2m=[0mproof_01m2kb91v9egga9yypcwvj99mg [3mtask_id[0m[2m=[0mlocal_worker_01m2knmhzcep1tbkk5ven3xcsh[1m}[0m[2m:[0m [2msp1_prover::worker::node::full::init[0m[2m:[0m task succeeded
[2m2026-09-16T00:04:28.460998Z[0m [34mDEBUG[0m [1mCoreExecute[0m[1m{[0m[3mproof_id[0m[2m=[0mproof_01m2kb91v9egga9yypcwvj99mg [3mtask_id[0m[2m=[0mlocal_worker_01m2kb9chkez19hnxxwd2t5t4q[1m}[0m[2m:[0m[1memit precompile shards[0m[2m:[0m[1mdeferred sender[0m[2m:[0m [2msp1_prover::worker::controller::precompiles[0m[2m:[0m received deferred marker task status: Succeeded [3mtask_id[0m[2m=[0m"local_worker_01m2km2rrpfq1sd70r8r72xfch"
[2m2026-09-16T00:04:28.461051Z[0m [34mDEBUG[0m [1mController[0m[1m{[0m[3mproof_id[0m[2m=[0mproof_01m2kb91v9egga9yypcwvj99mg [3mtask_id[0m[2m=[0mlocal_worker_01m2kb91vje0h9884c5b5mxpp4[1m}[0m[2m:[0m[1mreduce[0m[2m:[0m [2msp1_prover::worker::controller::compress[0m[2m:[0m Checking if complete: Pending tasks: 1, map is empty: false, full range is some: false, is_range_equal: false
[2m2026-09-16T00:04:28.461063Z[0m [34mDEBUG[0m [1mController[0m[1m{[0m[3mproof_id[0m[2m=[0mproof_01m2kb91v9egga9yypcwvj99mg [3mtask_id[0m[2m=[0mlocal_worker_01m2kb91vje0h9884c5b5mxpp4[1m}[0m[2m:[0m[1mreduce[0m[2m:[0m [2msp1_prover::worker::controller::compress[0m[2m:[0m Found sibling
[2m2026-09-16T00:04:28.461068Z[0m [34mDEBUG[0m [1mController[0m[1m{[0m[3mproof_id[0m[2m=[0mproof_01m2kb91v9egga9yypcwvj99mg [3mtask_id[0m[2m=[0mlocal_worker_01m2kb91vje0h9884c5b5mxpp4[1m}[0m[2m:[0m[1mreduce[0m[2m:[0m [2msp1_prover::worker::controller::compress[0m[2m:[0m Checking if complete: Pending tasks: 1, map is empty: true, full range is some: false, is_range_equal: false
[2m2026-09-16T00:04:28.461381Z[0m [34mDEBUG[0m [1mCoreExecute[0m[1m{[0m[3mproof_id[0m[2m=[0mproof_01m2kb91v9egga9yypcwvj99mg [3mtask_id[0m[2m=[0mlocal_worker_01m2kb9chkez19hnxxwd2t5t4q[1m}[0m[2m:[0m[1memit precompile shards[0m[2m:[0m[1mdeferred sender[0m[2m:[0m [2msp1_prover::worker::controller::precompiles[0m[2m:[0m received deferred marker task status: Succeeded [3mtask_id[0m[2m=[0m"local_worker_01m2km8d19e18ay01kbgd1z5mz"
[2m2026-09-16T00:04:28.461428Z[0m [34mDEBUG[0m [1mCoreExecute[0m[1m{[0m[3mproof_id[0m[2m=[0mproof_01m2kb91v9egga9yypcwvj99mg [3mtask_id[0m[2m=[0mlocal_worker_01m2kb9chkez19hnxxwd2t5t4q[1m}[0m[2m:[0m[1memit precompile shards[0m[2m:[0m[1mdeferred sender[0m[2m:[0m [2msp1_prover::worker::controller::precompiles[0m[2m:[0m received deferred marker task status: Succeeded [3mtask_id[0m[2m=[0m"local_worker_01m2kmg301er1bqhrp9eqj5vrk"
[2m2026-09-16T00:04:28.461481Z[0m [34mDEBUG[0m [1mCoreExecute[0m[1m{[0m[3mproof_id[0m[2m=[0mproof_01m2kb91v9egga9yypcwvj99mg [3mtask_id[0m[2m=[0mlocal_worker_01m2kb9chkez19hnxxwd2t5t4q[1m}[0m[2m:[0m[1memit precompile shards[0m[2m:[0m[1mdeferred sender[0m[2m:[0m [2msp1_prover::worker::controller::precompiles[0m[2m:[0m received deferred marker task status: Succeeded [3mtask_id[0m[2m=[0m"local_worker_01m2kmnf4he49b529mn51a0tb6"
[2m2026-09-16T00:04:28.461531Z[0m [34mDEBUG[0m [1mCoreExecute[0m[1m{[0m[3mproof_id[0m[2m=[0mproof_01m2kb91v9egga9yypcwvj99mg [3mtask_id[0m[2m=[0mlocal_worker_01m2kb9chkez19hnxxwd2t5t4q[1m}[0m[2m:[0m[1memit precompile shards[0m[2m:[0m[1mdeferred sender[0m[2m:[0m [2msp1_prover::worker::controller::precompiles[0m[2m:[0m received deferred marker task status: Succeeded [3mtask_id[0m[2m=[0m"local_worker_01m2kn0be1e1srsd8y3psr55fw"
[2m2026-09-16T00:04:28.461649Z[0m [34mDEBUG[0m [1mCoreExecute[0m[1m{[0m[3mproof_id[0m[2m=[0mproof_01m2kb91v9egga9yypcwvj99mg [3mtask_id[0m[2m=[0mlocal_worker_01m2kb9chkez19hnxxwd2t5t4q[1m}[0m[2m:[0m[1memit precompile shards[0m[2m:[0m[1mdeferred sender[0m[2m:[0m [2msp1_prover::worker::client::local[0m[2m:[0m submitting task of kind ProveShard
[2m2026-09-16T00:04:28.501486Z[0m [34mDEBUG[0m [1mProveShard[0m[1m{[0m[3mproof_id[0m[2m=[0mproof_01m2kb91v9egga9yypcwvj99mg [3mtask_id[0m[2m=[0mlocal_worker_01m2kqz8yafq0bnnraww9kbxb3[1m}[0m[2m:[0m[1minto_record[0m[2m:[0m [2msp1_prover::worker::prover::core[0m[2m:[0m precompile events: code KECCAK_PERMUTE
[2m2026-09-16T00:06:27.118188Z[0m [34mDEBUG[0m [1mProveShard[0m[1m{[0m[3mproof_id[0m[2m=[0mproof_01m2kb91v9egga9yypcwvj99mg [3mtask_id[0m[2m=[0mlocal_worker_01m2kqz8yafq0bnnraww9kbxb3[1m}[0m[2m:[0m [2msp1_prover::worker::node::full::init[0m[2m:[0m task succeeded
[2m2026-09-16T00:06:27.118922Z[0m [34mDEBUG[0m [1mCoreExecute[0m[1m{[0m[3mproof_id[0m[2m=[0mproof_01m2kb91v9egga9yypcwvj99mg [3mtask_id[0m[2m=[0mlocal_worker_01m2kb9chkez19hnxxwd2t5t4q[1m}[0m[2m:[0m[1memit precompile shards[0m[2m:[0m[1mdeferred sender[0m[2m:[0m [2msp1_prover::worker::client::local[0m[2m:[0m submitting task of kind ProveShard
[2m2026-09-16T00:06:27.159691Z[0m [34mDEBUG[0m [1mProveShard[0m[1m{[0m[3mproof_id[0m[2m=[0mproof_01m2kb91v9egga9yypcwvj99mg [3mtask_id[0m[2m=[0mlocal_worker_01m2kr2vnqe30bhpd34122jb1t[1m}[0m[2m:[0m[1minto_record[0m[2m:[0m [2msp1_prover::worker::prover::core[0m[2m:[0m precompile events: code KECCAK_PERMUTE
[2m2026-09-16T00:08:26.078463Z[0m [34mDEBUG[0m [1mProveShard[0m[1m{[0m[3mproof_id[0m[2m=[0mproof_01m2kb91v9egga9yypcwvj99mg [3mtask_id[0m[2m=[0mlocal_worker_01m2kr2vnqe30bhpd34122jb1t[1m}[0m[2m:[0m [2msp1_prover::worker::node::full::init[0m[2m:[0m task succeeded
[2m2026-09-16T00:08:26.079134Z[0m [34mDEBUG[0m [1mCoreExecute[0m[1m{[0m[3mproof_id[0m[2m=[0mproof_01m2kb91v9egga9yypcwvj99mg [3mtask_id[0m[2m=[0mlocal_worker_01m2kb9chkez19hnxxwd2t5t4q[1m}[0m[2m:[0m[1memit precompile shards[0m[2m:[0m[1mdeferred sender[0m[2m:[0m [2msp1_prover::worker::client::local[0m[2m:[0m submitting task of kind ProveShard
[2m2026-09-16T00:08:26.121040Z[0m [34mDEBUG[0m [1mProveShard[0m[1m{[0m[3mproof_id[0m[2m=[0mproof_01m2kb91v9egga9yypcwvj99mg [3mtask_id[0m[2m=[0mlocal_worker_01m2kr6eaeevr8jzj3ke6863hc[1m}[0m[2m:[0m[1minto_record[0m[2m:[0m [2msp1_prover::worker::prover::core[0m[2m:[0m precompile events: code KECCAK_PERMUTE
[2m2026-09-16T00:10:24.841318Z[0m [34mDEBUG[0m [1mProveShard[0m[1m{[0m[3mproof_id[0m[2m=[0mproof_01m2kb91v9egga9yypcwvj99mg [3mtask_id[0m[2m=[0mlocal_worker_01m2kr6eaeevr8jzj3ke6863hc[1m}[0m[2m:[0m [2msp1_prover::worker::node::full::init[0m[2m:[0m task succeeded
[2m2026-09-16T00:10:24.841873Z[0m [34mDEBUG[0m [1mCoreExecute[0m[1m{[0m[3mproof_id[0m[2m=[0mproof_01m2kb91v9egga9yypcwvj99mg [3mtask_id[0m[2m=[0mlocal_worker_01m2kb9chkez19hnxxwd2t5t4q[1m}[0m[2m:[0m[1memit precompile shards[0m[2m:[0m[1mdeferred sender[0m[2m:[0m [2msp1_prover::worker::controller::precompiles[0m[2m:[0m deferred listener task finished
[2m2026-09-16T00:10:24.842072Z[0m [34mDEBUG[0m [1mController[0m[1m{[0m[3mproof_id[0m[2m=[0mproof_01m2kb91v9egga9yypcwvj99mg [3mtask_id[0m[2m=[0mlocal_worker_01m2kb91vje0h9884c5b5mxpp4[1m}[0m[2m:[0m[1mreduce[0m[2m:[0m [2msp1_prover::worker::controller::compress[0m[2m:[0m Checking if complete: Pending tasks: 1, map is empty: false, full range is some: false, is_range_equal: false
[2m2026-09-16T00:10:24.842090Z[0m [34mDEBUG[0m [1mController[0m[1m{[0m[3mproof_id[0m[2m=[0mproof_01m2kb91v9egga9yypcwvj99mg [3mtask_id[0m[2m=[0mlocal_worker_01m2kb91vje0h9884c5b5mxpp4[1m}[0m[2m:[0m[1mreduce[0m[2m:[0m [2msp1_prover::worker::controller::compress[0m[2m:[0m Found sibling
[2m2026-09-16T00:10:24.842096Z[0m [34mDEBUG[0m [1mController[0m[1m{[0m[3mproof_id[0m[2m=[0mproof_01m2kb91v9egga9yypcwvj99mg [3mtask_id[0m[2m=[0mlocal_worker_01m2kb91vje0h9884c5b5mxpp4[1m}[0m[2m:[0m[1mreduce[0m[2m:[0m [2msp1_prover::worker::controller::compress[0m[2m:[0m Checking if complete: Pending tasks: 1, map is empty: true, full range is some: false, is_range_equal: false
[2m2026-09-16T00:10:24.885562Z[0m [34mDEBUG[0m [1mProveShard[0m[1m{[0m[3mproof_id[0m[2m=[0mproof_01m2kb91v9egga9yypcwvj99mg [3mtask_id[0m[2m=[0mlocal_worker_01m2krb9fjee99g058pnswpvr7[1m}[0m[2m:[0m[1minto_record[0m[2m:[0m [2msp1_prover::worker::prover::core[0m[2m:[0m precompile events: code KECCAK_PERMUTE
[2m2026-09-16T00:10:24.956288Z[0m [34mDEBUG[0m [1mController[0m[1m{[0m[3mproof_id[0m[2m=[0mproof_01m2kb91v9egga9yypcwvj99mg [3mtask_id[0m[2m=[0mlocal_worker_01m2kb91vje0h9884c5b5mxpp4[1m}[0m[2m:[0m[1mreduce[0m[2m:[0m[1mCore proof processing[0m[2m:[0m [2msp1_prover::worker::controller::compress[0m[2m:[0m All core proofs received: number of core proofs: 107
[2m2026-09-16T00:10:24.958844Z[0m [34mDEBUG[0m [1mController[0m[1m{[0m[3mproof_id[0m[2m=[0mproof_01m2kb91v9egga9yypcwvj99mg [3mtask_id[0m[2m=[0mlocal_worker_01m2kb91vje0h9884c5b5mxpp4[1m}[0m[2m:[0m[1mreduce[0m[2m:[0m [2msp1_prover::worker::controller::compress[0m[2m:[0m Number of core proofs completed: 107
[2m2026-09-16T00:12:23.453143Z[0m [34mDEBUG[0m [1mProveShard[0m[1m{[0m[3mproof_id[0m[2m=[0mproof_01m2kb91v9egga9yypcwvj99mg [3mtask_id[0m[2m=[0mlocal_worker_01m2krb9fjee99g058pnswpvr7[1m}[0m[2m:[0m [2msp1_prover::worker::node::full::init[0m[2m:[0m task succeeded
[2m2026-09-16T00:12:23.496555Z[0m [34mDEBUG[0m [1mProveShard[0m[1m{[0m[3mproof_id[0m[2m=[0mproof_01m2kb91v9egga9yypcwvj99mg [3mtask_id[0m[2m=[0mlocal_worker_01m2krey5dfn8vzy5ncqppw8tp[1m}[0m[2m:[0m[1minto_record[0m[2m:[0m [2msp1_prover::worker::prover::core[0m[2m:[0m precompile events: code SECP256K1_DOUBLE
[2m2026-09-16T00:14:22.616600Z[0m [34mDEBUG[0m [1mProveShard[0m[1m{[0m[3mproof_id[0m[2m=[0mproof_01m2kb91v9egga9yypcwvj99mg [3mtask_id[0m[2m=[0mlocal_worker_01m2krey5dfn8vzy5ncqppw8tp[1m}[0m[2m:[0m [2msp1_prover::worker::node::full::init[0m[2m:[0m task succeeded
[2m2026-09-16T00:14:22.617191Z[0m [34mDEBUG[0m [1mController[0m[1m{[0m[3mproof_id[0m[2m=[0mproof_01m2kb91v9egga9yypcwvj99mg [3mtask_id[0m[2m=[0mlocal_worker_01m2kb91vje0h9884c5b5mxpp4[1m}[0m[2m:[0m[1mreduce[0m[2m:[0m [2msp1_prover::worker::controller::compress[0m[2m:[0m Checking if complete: Pending tasks: 1, map is empty: false, full range is some: false, is_range_equal: false
[2m2026-09-16T00:14:22.617214Z[0m [34mDEBUG[0m [1mController[0m[1m{[0m[3mproof_id[0m[2m=[0mproof_01m2kb91v9egga9yypcwvj99mg [3mtask_id[0m[2m=[0mlocal_worker_01m2kb91vje0h9884c5b5mxpp4[1m}[0m[2m:[0m[1mreduce[0m[2m:[0m [2msp1_prover::worker::controller::compress[0m[2m:[0m Found sibling
[2m2026-09-16T00:14:22.617220Z[0m [34mDEBUG[0m [1mController[0m[1m{[0m[3mproof_id[0m[2m=[0mproof_01m2kb91v9egga9yypcwvj99mg [3mtask_id[0m[2m=[0mlocal_worker_01m2kb91vje0h9884c5b5mxpp4[1m}[0m[2m:[0m[1mreduce[0m[2m:[0m [2msp1_prover::worker::controller::compress[0m[2m:[0m Checking if complete: Pending tasks: 1, map is empty: true, full range is some: false, is_range_equal: false
[2m2026-09-16T00:14:22.617243Z[0m [34mDEBUG[0m [1mController[0m[1m{[0m[3mproof_id[0m[2m=[0mproof_01m2kb91v9egga9yypcwvj99mg [3mtask_id[0m[2m=[0mlocal_worker_01m2kb91vje0h9884c5b5mxpp4[1m}[0m[2m:[0m[1mreduce[0m[2m:[0m [2msp1_prover::worker::client::local[0m[2m:[0m submitting task of kind RecursionReduce
[2m2026-09-16T00:14:22.617283Z[0m [34mDEBUG[0m [1mController[0m[1m{[0m[3mproof_id[0m[2m=[0mproof_01m2kb91v9egga9yypcwvj99mg [3mtask_id[0m[2m=[0mlocal_worker_01m2kb91vje0h9884c5b5mxpp4[1m}[0m[2m:[0m[1mreduce[0m[2m:[0m [2msp1_prover::worker::controller::compress[0m[2m:[0m Checking if complete: Pending tasks: 3, map is empty: true, full range is some: false, is_range_equal: false
[2m2026-09-16T00:14:22.617293Z[0m [34mDEBUG[0m [1mController[0m[1m{[0m[3mproof_id[0m[2m=[0mproof_01m2kb91v9egga9yypcwvj99mg [3mtask_id[0m[2m=[0mlocal_worker_01m2kb91vje0h9884c5b5mxpp4[1m}[0m[2m:[0m[1mreduce[0m[2m:[0m [2msp1_prover::worker::controller::compress[0m[2m:[0m No neighboring range found, adding proof to tree
[2m2026-09-16T00:14:22.617299Z[0m [34mDEBUG[0m [1mController[0m[1m{[0m[3mproof_id[0m[2m=[0mproof_01m2kb91v9egga9yypcwvj99mg [3mtask_id[0m[2m=[0mlocal_worker_01m2kb91vje0h9884c5b5mxpp4[1m}[0m[2m:[0m[1mreduce[0m[2m:[0m [2msp1_prover::worker::controller::compress[0m[2m:[0m Checking if complete: Pending tasks: 2, map is empty: false, full range is some: false, is_range_equal: false
[2m2026-09-16T00:14:22.617303Z[0m [34mDEBUG[0m [1mController[0m[1m{[0m[3mproof_id[0m[2m=[0mproof_01m2kb91v9egga9yypcwvj99mg [3mtask_id[0m[2m=[0mlocal_worker_01m2kb91vje0h9884c5b5mxpp4[1m}[0m[2m:[0m[1mreduce[0m[2m:[0m [2msp1_prover::worker::controller::compress[0m[2m:[0m No neighboring range found, adding proof to tree
[2m2026-09-16T00:14:22.617310Z[0m [34mDEBUG[0m [1mController[0m[1m{[0m[3mproof_id[0m[2m=[0mproof_01m2kb91v9egga9yypcwvj99mg [3mtask_id[0m[2m=[0mlocal_worker_01m2kb91vje0h9884c5b5mxpp4[1m}[0m[2m:[0m[1mreduce[0m[2m:[0m [2msp1_prover::worker::controller::compress[0m[2m:[0m Checking if complete: Pending tasks: 3, map is empty: false, full range is some: false, is_range_equal: false
[2m2026-09-16T00:14:22.617315Z[0m [34mDEBUG[0m [1mController[0m[1m{[0m[3mproof_id[0m[2m=[0mproof_01m2kb91v9egga9yypcwvj99mg [3mtask_id[0m[2m=[0mlocal_worker_01m2kb91vje0h9884c5b5mxpp4[1m}[0m[2m:[0m[1mreduce[0m[2m:[0m [2msp1_prover::worker::controller::compress[0m[2m:[0m Found sibling
[2m2026-09-16T00:14:22.617319Z[0m [34mDEBUG[0m [1mController[0m[1m{[0m[3mproof_id[0m[2m=[0mproof_01m2kb91v9egga9yypcwvj99mg [3mtask_id[0m[2m=[0mlocal_worker_01m2kb91vje0h9884c5b5mxpp4[1m}[0m[2m:[0m[1mreduce[0m[2m:[0m [2msp1_prover::worker::controller::compress[0m[2m:[0m Checking if complete: Pending tasks: 3, map is empty: false, full range is some: false, is_range_equal: false
[2m2026-09-16T00:14:22.617327Z[0m [34mDEBUG[0m [1mController[0m[1m{[0m[3mproof_id[0m[2m=[0mproof_01m2kb91v9egga9yypcwvj99mg [3mtask_id[0m[2m=[0mlocal_worker_01m2kb91vje0h9884c5b5mxpp4[1m}[0m[2m:[0m[1mreduce[0m[2m:[0m [2msp1_prover::worker::controller::compress[0m[2m:[0m Checking if complete: Pending tasks: 3, map is empty: false, full range is some: false, is_range_equal: false
[2m2026-09-16T00:14:22.617332Z[0m [34mDEBUG[0m [1mController[0m[1m{[0m[3mproof_id[0m[2m=[0mproof_01m2kb91v9egga9yypcwvj99mg [3mtask_id[0m[2m=[0mlocal_worker_01m2kb91vje0h9884c5b5mxpp4[1m}[0m[2m:[0m[1mreduce[0m[2m:[0m [2msp1_prover::worker::controller::compress[0m[2m:[0m Found sibling
[2m2026-09-16T00:14:22.617336Z[0m [34mDEBUG[0m [1mController[0m[1m{[0m[3mproof_id[0m[2m=[0mproof_01m2kb91v9egga9yypcwvj99mg [3mtask_id[0m[2m=[0mlocal_worker_01m2kb91vje0h9884c5b5mxpp4[1m}[0m[2m:[0m[1mreduce[0m[2m:[0m [2msp1_prover::worker::controller::compress[0m[2m:[0m Checking if complete: Pending tasks: 3, map is empty: false, full range is some: false, is_range_equal: false
[2m2026-09-16T00:14:22.617341Z[0m [34mDEBUG[0m [1mController[0m[1m{[0m[3mproof_id[0m[2m=[0mproof_01m2kb91v9egga9yypcwvj99mg [3mtask_id[0m[2m=[0mlocal_worker_01m2kb91vje0h9884c5b5mxpp4[1m}[0m[2m:[0m[1mreduce[0m[2m:[0m [2msp1_prover::worker::controller::compress[0m[2m:[0m Checking if complete: Pending tasks: 3, map is empty: false, full range is some: false, is_range_equal: false
[2m2026-09-16T00:14:22.617347Z[0m [34mDEBUG[0m [1mController[0m[1m{[0m[3mproof_id[0m[2m=[0mproof_01m2kb91v9egga9yypcwvj99mg [3mtask_id[0m[2m=[0mlocal_worker_01m2kb91vje0h9884c5b5mxpp4[1m}[0m[2m:[0m[1mreduce[0m[2m:[0m [2msp1_prover::worker::controller::compress[0m[2m:[0m Found sibling
[2m2026-09-16T00:14:22.617350Z[0m [34mDEBUG[0m [1mController[0m[1m{[0m[3mproof_id[0m[2m=[0mproof_01m2kb91v9egga9yypcwvj99mg [3mtask_id[0m[2m=[0mlocal_worker_01m2kb91vje0h9884c5b5mxpp4[1m}[0m[2m:[0m[1mreduce[0m[2m:[0m [2msp1_prover::worker::controller::compress[0m[2m:[0m Checking if complete: Pending tasks: 3, map is empty: false, full range is some: false, is_range_equal: false
[2m2026-09-16T00:14:22.617356Z[0m [34mDEBUG[0m [1mController[0m[1m{[0m[3mproof_id[0m[2m=[0mproof_01m2kb91v9egga9yypcwvj99mg [3mtask_id[0m[2m=[0mlocal_worker_01m2kb91vje0h9884c5b5mxpp4[1m}[0m[2m:[0m[1mreduce[0m[2m:[0m [2msp1_prover::worker::controller::compress[0m[2m:[0m Checking if complete: Pending tasks: 3, map is empty: false, full range is some: false, is_range_equal: false
[2m2026-09-16T00:14:22.617360Z[0m [34mDEBUG[0m [1mController[0m[1m{[0m[3mproof_id[0m[2m=[0mproof_01m2kb91v9egga9yypcwvj99mg [3mtask_id[0m[2m=[0mlocal_worker_01m2kb91vje0h9884c5b5mxpp4[1m}[0m[2m:[0m[1mreduce[0m[2m:[0m [2msp1_prover::worker::controller::compress[0m[2m:[0m Found sibling
[2m2026-09-16T00:14:22.617364Z[0m [34mDEBUG[0m [1mController[0m[1m{[0m[3mproof_id[0m[2m=[0mproof_01m2kb91v9egga9yypcwvj99mg [3mtask_id[0m[2m=[0mlocal_worker_01m2kb91vje0h9884c5b5mxpp4[1m}[0m[2m:[0m[1mreduce[0m[2m:[0m [2msp1_prover::worker::controller::compress[0m[2m:[0m Checking if complete: Pending tasks: 3, map is empty: false, full range is some: false, is_range_equal: false
[2m2026-09-16T00:14:22.617376Z[0m [34mDEBUG[0m [1mController[0m[1m{[0m[3mproof_id[0m[2m=[0mproof_01m2kb91v9egga9yypcwvj99mg [3mtask_id[0m[2m=[0mlocal_worker_01m2kb91vje0h9884c5b5mxpp4[1m}[0m[2m:[0m[1mreduce[0m[2m:[0m [2msp1_prover::worker::client::local[0m[2m:[0m submitting task of kind RecursionReduce
[2m2026-09-16T00:14:22.617403Z[0m [34mDEBUG[0m [1mController[0m[1m{[0m[3mproof_id[0m[2m=[0mproof_01m2kb91v9egga9yypcwvj99mg [3mtask_id[0m[2m=[0mlocal_worker_01m2kb91vje0h9884c5b5mxpp4[1m}[0m[2m:[0m[1mreduce[0m[2m:[0m [2msp1_prover::worker::controller::compress[0m[2m:[0m Checking if complete: Pending tasks: 3, map is empty: false, full range is some: false, is_range_equal: false
[2m2026-09-16T00:14:22.617414Z[0m [34mDEBUG[0m [1mController[0m[1m{[0m[3mproof_id[0m[2m=[0mproof_01m2kb91v9egga9yypcwvj99mg [3mtask_id[0m[2m=[0mlocal_worker_01m2kb91vje0h9884c5b5mxpp4[1m}[0m[2m:[0m[1mreduce[0m[2m:[0m [2msp1_prover::worker::controller::compress[0m[2m:[0m No neighboring range found, adding proof to tree
[2m2026-09-16T00:14:22.675577Z[0m [34mDEBUG[0m [1mProveShard[0m[1m{[0m[3mproof_id[0m[2m=[0mproof_01m2kb91v9egga9yypcwvj99mg [3mtask_id[0m[2m=[0mlocal_worker_01m2krjj1ee20b75vzfp09wvvw[1m}[0m[2m:[0m[1minto_record[0m[2m:[0m [2msp1_prover::worker::prover::core[0m[2m:[0m precompile events: code SECP256K1_ADD
[2m2026-09-16T00:15:53.885040Z[0m [34mDEBUG[0m [1mRecursionReduce[0m[1m{[0m[3mproof_id[0m[2m=[0mproof_01m2kb91v9egga9yypcwvj99mg [3mtask_id[0m[2m=[0mlocal_worker_01m2ks12csffsv3bm5kw1fyycd[1m}[0m[2m:[0m [2msp1_prover::worker::node::full::init[0m[2m:[0m task succeeded
[2m2026-09-16T00:15:53.885683Z[0m [34mDEBUG[0m [1mController[0m[1m{[0m[3mproof_id[0m[2m=[0mproof_01m2kb91v9egga9yypcwvj99mg [3mtask_id[0m[2m=[0mlocal_worker_01m2kb91vje0h9884c5b5mxpp4[1m}[0m[2m:[0m[1mreduce[0m[2m:[0m [2msp1_prover::worker::controller::compress[0m[2m:[0m Checking if complete: Pending tasks: 2, map is empty: false, full range is some: false, is_range_equal: false
[2m2026-09-16T00:15:53.885698Z[0m [34mDEBUG[0m [1mController[0m[1m{[0m[3mproof_id[0m[2m=[0mproof_01m2kb91v9egga9yypcwvj99mg [3mtask_id[0m[2m=[0mlocal_worker_01m2kb91vje0h9884c5b5mxpp4[1m}[0m[2m:[0m[1mreduce[0m[2m:[0m [2msp1_prover::worker::controller::compress[0m[2m:[0m Found sibling
[2m2026-09-16T00:15:53.885702Z[0m [34mDEBUG[0m [1mController[0m[1m{[0m[3mproof_id[0m[2m=[0mproof_01m2kb91v9egga9yypcwvj99mg [3mtask_id[0m[2m=[0mlocal_worker_01m2kb91vje0h9884c5b5mxpp4[1m}[0m[2m:[0m[1mreduce[0m[2m:[0m [2msp1_prover::worker::controller::compress[0m[2m:[0m Checking if complete: Pending tasks: 2, map is empty: true, full range is some: false, is_range_equal: false
[2m2026-09-16T00:15:53.885720Z[0m [34mDEBUG[0m [1mController[0m[1m{[0m[3mproof_id[0m[2m=[0mproof_01m2kb91v9egga9yypcwvj99mg [3mtask_id[0m[2m=[0mlocal_worker_01m2kb91vje0h9884c5b5mxpp4[1m}[0m[2m:[0m[1mreduce[0m[2m:[0m [2msp1_prover::worker::client::local[0m[2m:[0m submitting task of kind RecursionReduce
[2m2026-09-16T00:16:49.674797Z[0m [34mDEBUG[0m [1mRecursionReduce[0m[1m{[0m[3mproof_id[0m[2m=[0mproof_01m2kb91v9egga9yypcwvj99mg [3mtask_id[0m[2m=[0mlocal_worker_01m2ks12csffsv3bm5q1qhmd4w[1m}[0m[2m:[0m [2msp1_prover::worker::node::full::init[0m[2m:[0m task succeeded
[2m2026-09-16T00:16:49.674994Z[0m [34mDEBUG[0m [1mController[0m[1m{[0m[3mproof_id[0m[2m=[0mproof_01m2kb91v9egga9yypcwvj99mg [3mtask_id[0m[2m=[0mlocal_worker_01m2kb91vje0h9884c5b5mxpp4[1m}[0m[2m:[0m[1mreduce[0m[2m:[0m [2msp1_prover::worker::controller::compress[0m[2m:[0m Checking if complete: Pending tasks: 2, map is empty: true, full range is some: false, is_range_equal: false
[2m2026-09-16T00:16:49.675013Z[0m [34mDEBUG[0m [1mController[0m[1m{[0m[3mproof_id[0m[2m=[0mproof_01m2kb91v9egga9yypcwvj99mg [3mtask_id[0m[2m=[0mlocal_worker_01m2kb91vje0h9884c5b5mxpp4[1m}[0m[2m:[0m[1mreduce[0m[2m:[0m [2msp1_prover::worker::controller::compress[0m[2m:[0m No neighboring range found, adding proof to tree
[2m2026-09-16T00:17:59.877262Z[0m [34mDEBUG[0m [1mProveShard[0m[1m{[0m[3mproof_id[0m[2m=[0mproof_01m2kb91v9egga9yypcwvj99mg [3mtask_id[0m[2m=[0mlocal_worker_01m2krjj1ee20b75vzfp09wvvw[1m}[0m[2m:[0m [2msp1_prover::worker::node::full::init[0m[2m:[0m task succeeded
[2m2026-09-16T00:17:59.877318Z[0m [34mDEBUG[0m [1mController[0m[1m{[0m[3mproof_id[0m[2m=[0mproof_01m2kb91v9egga9yypcwvj99mg [3mtask_id[0m[2m=[0mlocal_worker_01m2kb91vje0h9884c5b5mxpp4[1m}[0m[2m:[0m[1mreduce[0m[2m:[0m [2msp1_prover::worker::controller::compress[0m[2m:[0m Checking if complete: Pending tasks: 2, map is empty: false, full range is some: false, is_range_equal: false
[2m2026-09-16T00:17:59.877335Z[0m [34mDEBUG[0m [1mController[0m[1m{[0m[3mproof_id[0m[2m=[0mproof_01m2kb91v9egga9yypcwvj99mg [3mtask_id[0m[2m=[0mlocal_worker_01m2kb91vje0h9884c5b5mxpp4[1m}[0m[2m:[0m[1mreduce[0m[2m:[0m [2msp1_prover::worker::controller::compress[0m[2m:[0m Found sibling
[2m2026-09-16T00:17:59.877340Z[0m [34mDEBUG[0m [1mController[0m[1m{[0m[3mproof_id[0m[2m=[0mproof_01m2kb91v9egga9yypcwvj99mg [3mtask_id[0m[2m=[0mlocal_worker_01m2kb91vje0h9884c5b5mxpp4[1m}[0m[2m:[0m[1mreduce[0m[2m:[0m [2msp1_prover::worker::controller::compress[0m[2m:[0m Checking if complete: Pending tasks: 2, map is empty: true, full range is some: false, is_range_equal: false
[2m2026-09-16T00:17:59.942120Z[0m [34mDEBUG[0m [1mProveShard[0m[1m{[0m[3mproof_id[0m[2m=[0mproof_01m2kb91v9egga9yypcwvj99mg [3mtask_id[0m[2m=[0mlocal_worker_01m2krp66ze9ssvxn1bh17xnss[1m}[0m[2m:[0m[1minto_record[0m[2m:[0m [2msp1_prover::worker::prover::core[0m[2m:[0m precompile events: code KECCAK_PERMUTE
[2m2026-09-16T00:19:34.251732Z[0m [34mDEBUG[0m [1mRecursionReduce[0m[1m{[0m[3mproof_id[0m[2m=[0mproof_01m2kb91v9egga9yypcwvj99mg [3mtask_id[0m[2m=[0mlocal_worker_01m2ks3vgxfj0s8z0yysed6jnr[1m}[0m[2m:[0m [2msp1_prover::worker::node::full::init[0m[2m:[0m task succeeded
[2m2026-09-16T00:19:34.251815Z[0m [34mDEBUG[0m [1mController[0m[1m{[0m[3mproof_id[0m[2m=[0mproof_01m2kb91v9egga9yypcwvj99mg [3mtask_id[0m[2m=[0mlocal_worker_01m2kb91vje0h9884c5b5mxpp4[1m}[0m[2m:[0m[1mreduce[0m[2m:[0m [2msp1_prover::worker::controller::compress[0m[2m:[0m Checking if complete: Pending tasks: 1, map is empty: false, full range is some: false, is_range_equal: false
[2m2026-09-16T00:19:34.251829Z[0m [34mDEBUG[0m [1mController[0m[1m{[0m[3mproof_id[0m[2m=[0mproof_01m2kb91v9egga9yypcwvj99mg [3mtask_id[0m[2m=[0mlocal_worker_01m2kb91vje0h9884c5b5mxpp4[1m}[0m[2m:[0m[1mreduce[0m[2m:[0m [2msp1_prover::worker::controller::compress[0m[2m:[0m Found sibling
[2m2026-09-16T00:19:34.251835Z[0m [34mDEBUG[0m [1mController[0m[1m{[0m[3mproof_id[0m[2m=[0mproof_01m2kb91v9egga9yypcwvj99mg [3mtask_id[0m[2m=[0mlocal_worker_01m2kb91vje0h9884c5b5mxpp4[1m}[0m[2m:[0m[1mreduce[0m[2m:[0m [2msp1_prover::worker::controller::compress[0m[2m:[0m Checking if complete: Pending tasks: 1, map is empty: true, full range is some: false, is_range_equal: false
[2m2026-09-16T00:20:44.163729Z[0m [34mDEBUG[0m [1mProveShard[0m[1m{[0m[3mproof_id[0m[2m=[0mproof_01m2kb91v9egga9yypcwvj99mg [3mtask_id[0m[2m=[0mlocal_worker_01m2krp66ze9ssvxn1bh17xnss[1m}[0m[2m:[0m [2msp1_prover::worker::node::full::init[0m[2m:[0m task succeeded
[2m2026-09-16T00:20:44.163801Z[0m [34mDEBUG[0m [1mController[0m[1m{[0m[3mproof_id[0m[2m=[0mproof_01m2kb91v9egga9yypcwvj99mg [3mtask_id[0m[2m=[0mlocal_worker_01m2kb91vje0h9884c5b5mxpp4[1m}[0m[2m:[0m[1mreduce[0m[2m:[0m [2msp1_prover::worker::controller::compress[0m[2m:[0m Setting full range to: Some(ShardRange { timestamp_range: (1, 187826601), initialized_address_range: (0, 120259523544), finalized_address_range: (0, 120259523544), initialized_page_index_range: (0, 0), finalized_page_index_range: (0, 0), deferred_proof_range: (0, 0) })
[2m2026-09-16T00:20:44.164181Z[0m [34mDEBUG[0m [1mController[0m[1m{[0m[3mproof_id[0m[2m=[0mproof_01m2kb91v9egga9yypcwvj99mg [3mtask_id[0m[2m=[0mlocal_worker_01m2kb91vje0h9884c5b5mxpp4[1m}[0m[2m:[0m[1mreduce[0m[2m:[0m [2msp1_prover::worker::controller::compress[0m[2m:[0m Sending last core proof to proof queue: Some(RecursionProof { shard_range: ShardRange { timestamp_range: (1, 1), initialized_address_range: (0, 0), finalized_address_range: (0, 0), initialized_page_index_range: (0, 0), finalized_page_index_range: (0, 0), deferred_proof_range: (0, 0) }, proof: Artifact("artifact_01m2krp66ze9ssvxn18basp6v5") })
[2m2026-09-16T00:20:44.164413Z[0m [34mDEBUG[0m [1mController[0m[1m{[0m[3mproof_id[0m[2m=[0mproof_01m2kb91v9egga9yypcwvj99mg [3mtask_id[0m[2m=[0mlocal_worker_01m2kb91vje0h9884c5b5mxpp4[1m}[0m[2m:[0m[1mreduce[0m[2m:[0m [2msp1_prover::worker::controller::compress[0m[2m:[0m Checking if complete: Pending tasks: 1, map is empty: false, full range is some: true, is_range_equal: false
[2m2026-09-16T00:20:44.164421Z[0m [34mDEBUG[0m [1mController[0m[1m{[0m[3mproof_id[0m[2m=[0mproof_01m2kb91v9egga9yypcwvj99mg [3mtask_id[0m[2m=[0mlocal_worker_01m2kb91vje0h9884c5b5mxpp4[1m}[0m[2m:[0m[1mreduce[0m[2m:[0m [2msp1_prover::worker::controller::compress[0m[2m:[0m Found sibling
[2m2026-09-16T00:20:44.164425Z[0m [34mDEBUG[0m [1mController[0m[1m{[0m[3mproof_id[0m[2m=[0mproof_01m2kb91v9egga9yypcwvj99mg [3mtask_id[0m[2m=[0mlocal_worker_01m2kb91vje0h9884c5b5mxpp4[1m}[0m[2m:[0m[1mreduce[0m[2m:[0m [2msp1_prover::worker::controller::compress[0m[2m:[0m Checking if complete: Pending tasks: 1, map is empty: true, full range is some: true, is_range_equal: true
[2m2026-09-16T00:20:44.164452Z[0m [34mDEBUG[0m [1mController[0m[1m{[0m[3mproof_id[0m[2m=[0mproof_01m2kb91v9egga9yypcwvj99mg [3mtask_id[0m[2m=[0mlocal_worker_01m2kb91vje0h9884c5b5mxpp4[1m}[0m[2m:[0m[1mreduce[0m[2m:[0m [2msp1_prover::worker::client::local[0m[2m:[0m submitting task of kind RecursionReduce
[2m2026-09-16T00:20:44.164485Z[0m [34mDEBUG[0m [1mController[0m[1m{[0m[3mproof_id[0m[2m=[0mproof_01m2kb91v9egga9yypcwvj99mg [3mtask_id[0m[2m=[0mlocal_worker_01m2kb91vje0h9884c5b5mxpp4[1m}[0m[2m:[0m[1mreduce[0m[2m:[0m [2msp1_prover::worker::controller::compress[0m[2m:[0m Checking if complete: Pending tasks: 1, map is empty: true, full range is some: true, is_range_equal: false
[2m2026-09-16T00:20:44.164495Z[0m [34mDEBUG[0m [1mController[0m[1m{[0m[3mproof_id[0m[2m=[0mproof_01m2kb91v9egga9yypcwvj99mg [3mtask_id[0m[2m=[0mlocal_worker_01m2kb91vje0h9884c5b5mxpp4[1m}[0m[2m:[0m[1mreduce[0m[2m:[0m [2msp1_prover::worker::controller::compress[0m[2m:[0m No neighboring range found, adding proof to tree
[2m2026-09-16T00:21:40.177338Z[0m [34mDEBUG[0m [1mRecursionReduce[0m[1m{[0m[3mproof_id[0m[2m=[0mproof_01m2kb91v9egga9yypcwvj99mg [3mtask_id[0m[2m=[0mlocal_worker_01m2kscq04eh0aybdw5sqtvc7b[1m}[0m[2m:[0m [2msp1_prover::worker::node::full::init[0m[2m:[0m task succeeded
[2m2026-09-16T00:21:40.177397Z[0m [34mDEBUG[0m [1mController[0m[1m{[0m[3mproof_id[0m[2m=[0mproof_01m2kb91v9egga9yypcwvj99mg [3mtask_id[0m[2m=[0mlocal_worker_01m2kb91vje0h9884c5b5mxpp4[1m}[0m[2m:[0m[1mreduce[0m[2m:[0m [2msp1_prover::worker::controller::compress[0m[2m:[0m Checking if complete: Pending tasks: 0, map is empty: false, full range is some: true, is_range_equal: true
[2m2026-09-16T00:21:40.177410Z[0m [34mDEBUG[0m [1mController[0m[1m{[0m[3mproof_id[0m[2m=[0mproof_01m2kb91v9egga9yypcwvj99mg [3mtask_id[0m[2m=[0mlocal_worker_01m2kb91vje0h9884c5b5mxpp4[1m}[0m[2m:[0m[1mreduce[0m[2m:[0m [2msp1_prover::worker::controller::compress[0m[2m:[0m Found sibling
[2m2026-09-16T00:21:40.177415Z[0m [34mDEBUG[0m [1mController[0m[1m{[0m[3mproof_id[0m[2m=[0mproof_01m2kb91v9egga9yypcwvj99mg [3mtask_id[0m[2m=[0mlocal_worker_01m2kb91vje0h9884c5b5mxpp4[1m}[0m[2m:[0m[1mreduce[0m[2m:[0m [2msp1_prover::worker::controller::compress[0m[2m:[0m Checking if complete: Pending tasks: 0, map is empty: true, full range is some: true, is_range_equal: true
[2m2026-09-16T00:21:40.177428Z[0m [34mDEBUG[0m [1mController[0m[1m{[0m[3mproof_id[0m[2m=[0mproof_01m2kb91v9egga9yypcwvj99mg [3mtask_id[0m[2m=[0mlocal_worker_01m2kb91vje0h9884c5b5mxpp4[1m}[0m[2m:[0m[1mreduce[0m[2m:[0m [2msp1_prover::worker::client::local[0m[2m:[0m submitting task of kind RecursionReduce
[2m2026-09-16T00:22:41.390422Z[0m [34mDEBUG[0m [1mRecursionReduce[0m[1m{[0m[3mproof_id[0m[2m=[0mproof_01m2kb91v9egga9yypcwvj99mg [3mtask_id[0m[2m=[0mlocal_worker_01m2ksedpher1v4wx02bb8cnkr[1m}[0m[2m:[0m [2msp1_prover::worker::node::full::init[0m[2m:[0m task succeeded
[2m2026-09-16T00:22:41.390474Z[0m [34mDEBUG[0m [1mController[0m[1m{[0m[3mproof_id[0m[2m=[0mproof_01m2kb91v9egga9yypcwvj99mg [3mtask_id[0m[2m=[0mlocal_worker_01m2kb91vje0h9884c5b5mxpp4[1m}[0m[2m:[0m[1mreduce[0m[2m:[0m [2msp1_prover::worker::controller::compress[0m[2m:[0m Checking if complete: Pending tasks: 0, map is empty: true, full range is some: true, is_range_equal: true
[2m2026-09-16T00:22:41.402253Z[0m [32m INFO[0m [2mrsp_host_executor::full_executor[0m[2m:[0m Proof successfully generated! [3mduration[0m[2m=[0m14917.264188333s
